contrast,r_a,r_b,metric,n_paired,mean_delta,sd_delta,mcse_delta,t_stat,p_value,ci95_low,ci95_high,deltas_by_replication
H-under: r=3 minus r=5,3,5,QR_Q_C_capture,20,-0.03282085132753647,0.018039142383409767,0.0040336748625101814,-8.136712166015245,1.3018575595324933e-07,-0.04126342984243222,-0.024378272812640718,0:-0.04725312195;1:-0.0132343555;2:-0.05581169899;3:-0.07547788086;4:-0.05179687732;5:-0.01809892992;6:-0.03482118259;7:-0.006173868524;8:-0.03202919204;9:-0.008680081417;10:-0.03616865708;11:-0.01758727008;12:-0.02669218503;13:-0.04890201343;14:-0.0382036948;15:-0.04357494061;16:-0.02534428546;17:-0.01842847757;18:-0.01504882316;19:-0.04308949021
H-under: r=3 minus r=5,3,5,QR_Q_C_dim_Q,20,0.0,0.0,0.0,,,0.0,0.0,0:0;1:0;2:0;3:0;4:0;5:0;6:0;7:0;8:0;9:0;10:0;11:0;12:0;13:0;14:0;15:0;16:0;17:0;18:0;19:0
H-under: r=3 minus r=5,3,5,QR_Q_C_dim_U,20,-2.0,0.0,0.0,,,-2.0,-2.0,0:-2;1:-2;2:-2;3:-2;4:-2;5:-2;6:-2;7:-2;8:-2;9:-2;10:-2;11:-2;12:-2;13:-2;14:-2;15:-2;16:-2;17:-2;18:-2;19:-2
H-under: r=3 minus r=5,3,5,QR_Q_C_excess_capture,20,-0.012820851327536442,0.01803914238340975,0.004033674862510177,-3.1784543287551834,0.0049473330471161425,-0.021263429842432187,-0.0043782728126406985,0:-0.02725312195;1:0.006765644496;2:-0.03581169899;3:-0.05547788086;4:-0.03179687732;5:0.001901070076;6:-0.01482118259;7:0.01382613148;8:-0.01202919204;9:0.01131991858;10:-0.01616865708;11:0.002412729915;12:-0.006692185035;13:-0.02890201343;14:-0.0182036948;15:-0.02357494061;16:-0.005344285456;17:0.001571522434;18:0.004951176843;19:-0.02308949021
H-under: r=3 minus r=5,3,5,QR_Q_C_excess_purity,20,-0.0030209899787608597,0.0134462639939083,0.0030066760333786772,-1.0047607208835525,0.32763755278521534,-0.009314035240435253,0.003272055282913533,0:-0.01929233437;1:0.01729433651;2:-0.01894135933;3:-0.03538350965;4:-0.009152908913;5:0.00493241034;6:0.002142833416;7:0.001020537399;8:0.002727061979;9:0.01430631942;10:-0.007966851641;11:0.005587432136;12:-0.002026024413;13:-0.01730285967;14:0.006133522605;15:-0.01180884512;16:0.00248892833;17:-0.005689748704;18:0.01830937382;19:-0.007798113718
H-under: r=3 minus r=5,3,5,QR_Q_C_expected_random_capture,20,-0.02000000000000001,3.5595774664122295e-18,7.959457186074219e-19,-2.5127341642080564e+16,0.0,-0.02000000000000001,-0.02000000000000001,0:-0.02;1:-0.02;2:-0.02;3:-0.02;4:-0.02;5:-0.02;6:-0.02;7:-0.02;8:-0.02;9:-0.02;10:-0.02;11:-0.02;12:-0.02;13:-0.02;14:-0.02;15:-0.02;16:-0.02;17:-0.02;18:-0.02;19:-0.02
H-under: r=3 minus r=5,3,5,QR_Q_C_expected_random_purity,20,0.0,0.0,0.0,,,0.0,0.0,0:0;1:0;2:0;3:0;4:0;5:0;6:0;7:0;8:0;9:0;10:0;11:0;12:0;13:0;14:0;15:0;16:0;17:0;18:0;19:0
H-under: r=3 minus r=5,3,5,QR_Q_C_full_capture,20,-0.0327785714977543,0.016475744362117437,0.00368408843736035,-8.8973356788471,3.3372965946298905e-08,-0.04048945721571687,-0.02506768577979174,0:-0.03634137222;1:-0.01064985637;2:-0.04562165733;3:-0.07274642102;4:-0.05051914256;5:-0.02840603759;6:-0.03136938138;7:-0.00854952921;8:-0.0257620453;9:-0.01376974591;10:-0.04899987044;11:-0.01440310476;12:-0.03476132098;13:-0.04725330907;14:-0.02975565134;15:-0.05000859762;16:-0.01932697383;17:-0.03218804129;18:-0.01748131436;19:-0.0376580574
H-under: r=3 minus r=5,3,5,QR_Q_C_full_dim_Q,20,0.0,0.0,0.0,,,0.0,0.0,0:0;1:0;2:0;3:0;4:0;5:0;6:0;7:0;8:0;9:0;10:0;11:0;12:0;13:0;14:0;15:0;16:0;17:0;18:0;19:0
H-under: r=3 minus r=5,3,5,QR_Q_C_full_dim_U,20,-2.0,0.0,0.0,,,-2.0,-2.0,0:-2;1:-2;2:-2;3:-2;4:-2;5:-2;6:-2;7:-2;8:-2;9:-2;10:-2;11:-2;12:-2;13:-2;14:-2;15:-2;16:-2;17:-2;18:-2;19:-2
H-under: r=3 minus r=5,3,5,QR_Q_C_full_excess_capture,20,-0.01277857149775427,0.01647574436211741,0.0036840884373603435,-3.4685843499756324,0.0025722640509535655,-0.02048945721571682,-0.005067685779791722,0:-0.01634137222;1:0.009350143633;2:-0.02562165733;3:-0.05274642102;4:-0.03051914256;5:-0.008406037591;6:-0.01136938138;7:0.01145047079;8:-0.005762045296;9:0.006230254085;10:-0.02899987044;11:0.005596895244;12:-0.01476132098;13:-0.02725330907;14:-0.009755651339;15:-0.03000859762;16:0.0006730261711;17:-0.01218804129;18:0.002518685636;19:-0.0176580574
H-under: r=3 minus r=5,3,5,QR_Q_C_full_excess_purity,20,-0.005798509040515916,0.016956058290039967,0.003791489896697821,-1.5293484088052294,0.1426567701712096,-0.013734188596350354,0.002137170515318523,0:-0.01603616088;1:0.02156643491;2:-0.02105601162;3:-0.04616313028;4:-0.01654874875;5:-0.002372726503;6:0.0002713455803;7:0.008246945093;8:0.002480331241;9:0.01073225276;10:-0.02477993804;11:0.007584307971;12:-0.003938606625;13:-0.0249510577;14:0.006528429197;15:-0.02021397384;16:0.00507645517;17:-0.01448236142;18:0.01829310584;19:-0.006207072922
H-under: r=3 minus r=5,3,5,QR_Q_C_full_expected_random_capture,20,-0.02000000000000001,3.5595774664122295e-18,7.959457186074219e-19,-2.5127341642080564e+16,0.0,-0.02000000000000001,-0.02000000000000001,0:-0.02;1:-0.02;2:-0.02;3:-0.02;4:-0.02;5:-0.02;6:-0.02;7:-0.02;8:-0.02;9:-0.02;10:-0.02;11:-0.02;12:-0.02;13:-0.02;14:-0.02;15:-0.02;16:-0.02;17:-0.02;18:-0.02;19:-0.02
H-under: r=3 minus r=5,3,5,QR_Q_C_full_expected_random_purity,20,0.0,0.0,0.0,,,0.0,0.0,0:0;1:0;2:0;3:0;4:0;5:0;6:0;7:0;8:0;9:0;10:0;11:0;12:0;13:0;14:0;15:0;16:0;17:0;18:0;19:0
H-under: r=3 minus r=5,3,5,QR_Q_C_full_largest_canonical_correlation,20,-0.08510453206020137,0.05970387864682862,0.013350193117470694,-6.37477909954947,4.089068493140502e-06,-0.11304680738606317,-0.05716225673433957,0:-0.1712384282;1:-0.0111222709;2:-0.1526200672;3:-0.2043715701;4:-0.05964249541;5:-0.06579347063;6:-0.05535931493;7:-0.02666257057;8:-0.08969397828;9:-0.009272539115;10:-0.1387848266;11:-0.03564801072;12:-0.08798773547;13:-0.09491129662;14:-0.02461567742;15:-0.1556756375;16:-0.05005561626;17:-0.165773095;18:-0.03041624802;19:-0.07244579226
H-under: r=3 minus r=5,3,5,QR_Q_C_full_purity,20,-0.005798509040515934,0.016956058290039995,0.0037914898966978274,-1.5293484088052314,0.14265677017120915,-0.013734188596350387,0.0021371705153185186,0:-0.01603616088;1:0.02156643491;2:-0.02105601162;3:-0.04616313028;4:-0.01654874875;5:-0.002372726503;6:0.0002713455803;7:0.008246945093;8:0.002480331241;9:0.01073225276;10:-0.02477993804;11:0.007584307971;12:-0.003938606625;13:-0.0249510577;14:0.006528429197;15:-0.02021397384;16:0.00507645517;17:-0.01448236142;18:0.01829310584;19:-0.006207072922
H-under: r=3 minus r=5,3,5,QR_Q_C_full_shared_energy,20,-0.1311142859910172,0.06590297744846975,0.0147363537494414,-8.8973356788471,3.3372965946298905e-08,-0.16195782886286747,-0.10027074311916696,0:-0.1453654889;1:-0.04259942547;2:-0.1824866293;3:-0.2909856841;4:-0.2020765702;5:-0.1136241504;6:-0.1254775255;7:-0.03419811684;8:-0.1030481812;9:-0.05507898366;10:-0.1959994817;11:-0.05761241902;12:-0.1390452839;13:-0.1890132363;14:-0.1190226054;15:-0.2000343905;16:-0.07730789532;17:-0.1287521651;18:-0.06992525746;19:-0.1506322296
H-under: r=3 minus r=5,3,5,QR_Q_C_full_smallest_principal_angle,20,0.09166873525136995,0.06399507105974822,0.014309732911452652,6.406040966565057,3.832537863734942e-06,0.06171812005554197,0.12161935044719793,0:0.1820299279;1:0.01219042327;2:0.1630789495;3:0.2202393136;4:0.06529246356;5:0.07039029949;6:0.0619387577;7:0.02823470154;8:0.09622787476;9:0.00978849421;10:0.1492542759;11:0.03769852061;12:0.09602133126;13:0.1011515176;14:0.02698000511;15:0.1729234308;16:0.05340136418;17:0.1738752574;18:0.03315509778;19:0.07950269866
H-under: r=3 minus r=5,3,5,QR_Q_C_largest_canonical_correlation,20,-0.0676805304200455,0.051601863950297255,0.011538527555856049,-5.8656124095917415,1.195690894917334e-05,-0.09183094614690479,-0.04353011469318621,0:-0.1758103381;1:-0.01987842467;2:-0.1428689164;3:-0.1850771172;4:-0.03085608361;5:-0.02219944304;6:-0.03828426924;7:-0.02881465168;8:-0.09214371302;9:-0.01243386592;10:-0.05364463379;11:-0.0457311827;12:-0.05268925078;13:-0.09525996526;14:-0.02149455883;15:-0.1170670208;16:-0.05716287949;17:-0.06432962209;18:-0.03064454425;19:-0.06722012751
H-under: r=3 minus r=5,3,5,QR_Q_C_purity,20,-0.0030209899787608727,0.013446263993908317,0.003006676033378681,-1.0047607208835554,0.327637552785214,-0.009314035240435274,0.003272055282913529,0:-0.01929233437;1:0.01729433651;2:-0.01894135933;3:-0.03538350965;4:-0.009152908913;5:0.00493241034;6:0.002142833416;7:0.001020537399;8:0.002727061979;9:0.01430631942;10:-0.007966851641;11:0.005587432136;12:-0.002026024413;13:-0.01730285967;14:0.006133522605;15:-0.01180884512;16:0.00248892833;17:-0.005689748704;18:0.01830937382;19:-0.007798113718
H-under: r=3 minus r=5,3,5,QR_Q_C_shared_energy,20,-0.09846255398260936,0.0541174271502293,0.012101024587530542,-8.136712166015243,1.3018575595324933e-07,-0.12379028952729662,-0.0731348184379221,0:-0.1417593659;1:-0.03970306651;2:-0.167435097;3:-0.2264336426;4:-0.155390632;5:-0.05429678977;6:-0.1044635478;7:-0.01852160557;8:-0.09608757612;9:-0.02604024425;10:-0.1085059712;11:-0.05276181025;12:-0.0800765551;13:-0.1467060403;14:-0.1146110844;15:-0.1307248218;16:-0.07603285637;17:-0.0552854327;18:-0.04514646947;19:-0.1292684706
H-under: r=3 minus r=5,3,5,QR_Q_C_smallest_principal_angle,20,0.07204740699444641,0.054993522542202244,0.012296925472653125,5.858977282953461,1.2127882986767702e-05,0.046309646184917716,0.0977851678039751,0:0.1866231244;1:0.02155590497;2:0.1520807217;3:0.1975149629;4:0.03347724769;5:0.02331435109;6:0.04227393023;7:0.02934157601;8:0.09876142343;9:0.0130846774;10:0.05653890394;11:0.04819692967;12:0.05546240628;13:0.1013374669;14:0.02344364498;15:0.1259650483;16:0.06066226798;17:0.06587045009;18:0.03338946676;19:0.0720536353
H-under: r=3 minus r=5,3,5,QR_Q_C_unique_capture,20,-0.0026457649615398973,0.0029340238323563414,0.0006560676736753226,-4.032762270877019,0.0007109471344117768,-0.004018930383862018,-0.0012725995392177762,0:-0.002584059149;1:-0.0003294534741;2:-0.001271914732;3:-0.01205077372;4:-0.004775581002;5:-0.001371751705;6:-0.0008168807129;7:-0.0003092003985;8:-0.00313876981;9:-0.001056050593;10:-0.003302623357;11:-0.0009168778189;12:-0.002497107287;13:-0.007466144566;14:-0.0005429561195;15:-0.005701417556;16:-0.001890941273;17:-0.001601816255;18:-0.0007391867657;19:-0.000551792934
H-under: r=3 minus r=5,3,5,QR_Q_C_unique_dim_Q,20,0.0,0.0,0.0,,,0.0,0.0,0:0;1:0;2:0;3:0;4:0;5:0;6:0;7:0;8:0;9:0;10:0;11:0;12:0;13:0;14:0;15:0;16:0;17:0;18:0;19:0
H-under: r=3 minus r=5,3,5,QR_Q_C_unique_dim_U,20,-2.0,0.0,0.0,,,-2.0,-2.0,0:-2;1:-2;2:-2;3:-2;4:-2;5:-2;6:-2;7:-2;8:-2;9:-2;10:-2;11:-2;12:-2;13:-2;14:-2;15:-2;16:-2;17:-2;18:-2;19:-2
H-under: r=3 minus r=5,3,5,QR_Q_C_unique_excess_capture,20,0.017354235038460102,0.0029340238323563405,0.0006560676736753224,26.45189777639988,2.220446049250313e-16,0.01598106961613798,0.018727400460782223,0:0.01741594085;1:0.01967054653;2:0.01872808527;3:0.007949226277;4:0.015224419;5:0.0186282483;6:0.01918311929;7:0.0196907996;8:0.01686123019;9:0.01894394941;10:0.01669737664;11:0.01908312218;12:0.01750289271;13:0.01253385543;14:0.01945704388;15:0.01429858244;16:0.01810905873;17:0.01839818375;18:0.01926081323;19:0.01944820707
H-under: r=3 minus r=5,3,5,QR_Q_C_unique_excess_purity,20,-0.0012706239221399024,0.001713699285877231,0.0003831948096214333,-3.3158693443556295,0.0036330770179484606,-0.0020726598762019575,-0.0004685879680778476,0:-0.00111824499;1:-0.0001224684454;2:-0.0006096785696;3:-0.006628373514;4:-0.002564250478;5:-0.0005489780253;6:0.0001332228721;7:0.0003986570063;8:-0.001005979177;9:-0.0004109876237;10:-0.00143027568;11:-0.0003901102579;12:-0.001420528355;13:-0.004269988286;14:-0.0002318625598;15:-0.003202456307;16:-0.001022852792;17:-0.0006507259403;18:-0.0002003689916;19:-0.0001162283277
H-under: r=3 minus r=5,3,5,QR_Q_C_unique_expected_random_capture,20,-0.02000000000000001,3.5595774664122295e-18,7.959457186074219e-19,-2.5127341642080564e+16,0.0,-0.02000000000000001,-0.02000000000000001,0:-0.02;1:-0.02;2:-0.02;3:-0.02;4:-0.02;5:-0.02;6:-0.02;7:-0.02;8:-0.02;9:-0.02;10:-0.02;11:-0.02;12:-0.02;13:-0.02;14:-0.02;15:-0.02;16:-0.02;17:-0.02;18:-0.02;19:-0.02
H-under: r=3 minus r=5,3,5,QR_Q_C_unique_expected_random_purity,20,0.0,0.0,0.0,,,0.0,0.0,0:0;1:0;2:0;3:0;4:0;5:0;6:0;7:0;8:0;9:0;10:0;11:0;12:0;13:0;14:0;15:0;16:0;17:0;18:0;19:0
H-under: r=3 minus r=5,3,5,QR_Q_C_unique_largest_canonical_correlation,20,-0.043302965081533897,0.03362732670772874,0.007519298842007567,-5.758909971713865,1.5033499267236294e-05,-0.05904103843013993,-0.027564891732927862,0:-0.04892485975;1:-0.01361871966;2:-0.03224332233;3:-0.1224470598;4:-0.07667633204;5:-0.02448426887;6:-0.01539728111;7:-0.00345680184;8:-0.04335777715;9:-0.02594759849;10:-0.0398199524;11:-0.02375346898;12:-0.06337899025;13:-0.1139504149;14:-0.01504072247;15:-0.08699949423;16:-0.04853707497;17:-0.03554979689;18:-0.01712370169;19:-0.01535166377
H-under: r=3 minus r=5,3,5,QR_Q_C_unique_purity,20,-0.0012706239221399005,0.001713699285877232,0.0003831948096214336,-3.3158693443556224,0.0036330770179484606,-0.0020726598762019557,-0.0004685879680778451,0:-0.00111824499;1:-0.0001224684454;2:-0.0006096785696;3:-0.006628373514;4:-0.002564250478;5:-0.0005489780253;6:0.0001332228721;7:0.0003986570063;8:-0.001005979177;9:-0.0004109876237;10:-0.00143027568;11:-0.0003901102579;12:-0.001420528355;13:-0.004269988286;14:-0.0002318625598;15:-0.003202456307;16:-0.001022852792;17:-0.0006507259403;18:-0.0002003689916;19:-0.0001162283277
H-under: r=3 minus r=5,3,5,QR_Q_C_unique_shared_energy,20,-0.007937294884619703,0.008802071497069028,0.0019682030210259687,-4.032762270877023,0.0007109471344117768,-0.012056791151586067,-0.003817798617653338,0:-0.007752177448;1:-0.0009883604223;2:-0.003815744197;3:-0.03615232117;4:-0.01432674301;5:-0.004115255115;6:-0.002450642139;7:-0.0009276011955;8:-0.009416309429;9:-0.003168151779;10:-0.009907870071;11:-0.002750633457;12:-0.00749132186;13:-0.0223984337;14:-0.001628868358;15:-0.01710425267;16:-0.005672823819;17:-0.004805448764;18:-0.002217560297;19:-0.001655378802
H-under: r=3 minus r=5,3,5,QR_Q_C_unique_smallest_principal_angle,20,0.04347471996128531,0.03386963315847219,0.007573480211532472,5.740388665053147,1.564521983121736e-05,0.027623243702962867,0.05932619621960775,0:0.04907128605;1:0.01362439576;2:0.03228490668;3:0.1235760116;4:0.07699911645;5:0.02451881749;6:0.01543560956;7:0.003465612581;8:0.04361116205;9:0.02598503445;10:0.03996042962;11:0.02377423099;12:0.06348490998;13:0.1145099086;14:0.0150490145;15:0.0874007931;16:0.04861458185;17:0.03562201766;18:0.01714059386;19:0.01536596639
H-under: r=3 minus r=5,3,5,QR_Q_F_capture,20,-0.3960730588933625,0.0026744123228238594,0.0005980167753697261,-662.3109504720646,0.0,-0.39732472238915095,-0.394821395397574,0:-0.3968249552;1:-0.3980598743;2:-0.3972055232;3:-0.3864687275;4:-0.3946174327;5:-0.3969148628;6:-0.3978781721;7:-0.3978141514;8:-0.395948716;9:-0.3969588725;10:-0.3953182042;11:-0.3970182091;12:-0.3966451251;13:-0.3925213405;14:-0.3976214269;15:-0.3941346235;16:-0.3969082516;17:-0.3971200773;18:-0.3976382437;19:-0.3978443881
H-under: r=3 minus r=5,3,5,QR_Q_F_dim_Q,20,0.0,0.0,0.0,,,0.0,0.0,0:0;1:0;2:0;3:0;4:0;5:0;6:0;7:0;8:0;9:0;10:0;11:0;12:0;13:0;14:0;15:0;16:0;17:0;18:0;19:0
H-under: r=3 minus r=5,3,5,QR_Q_F_dim_U,20,-2.0,0.0,0.0,,,-2.0,-2.0,0:-2;1:-2;2:-2;3:-2;4:-2;5:-2;6:-2;7:-2;8:-2;9:-2;10:-2;11:-2;12:-2;13:-2;14:-2;15:-2;16:-2;17:-2;18:-2;19:-2
H-under: r=3 minus r=5,3,5,QR_Q_F_excess_capture,20,-0.3760730588933624,0.0026744123228238876,0.0005980167753697324,-628.8670726015166,0.0,-0.37732472238915093,-0.37482139539757386,0:-0.3768249552;1:-0.3780598743;2:-0.3772055232;3:-0.3664687275;4:-0.3746174327;5:-0.3769148628;6:-0.3778781721;7:-0.3778141514;8:-0.375948716;9:-0.3769588725;10:-0.3753182042;11:-0.3770182091;12:-0.3766451251;13:-0.3725213405;14:-0.3776214269;15:-0.3741346235;16:-0.3769082516;17:-0.3771200773;18:-0.3776382437;19:-0.3778443881
H-under: r=3 minus r=5,3,5,QR_Q_F_excess_purity,20,0.0029695834290967504,0.0026272135395380273,0.000587462806581486,5.054930109324026,7.033259854272167e-05,0.0017400096438515112,0.00419915721434199,0:0.002106774635;1:0.001252303184;2:0.002019399366;3:0.01232186013;4:0.004526146534;5:0.002175898771;6:0.0008329165353;7:0.0008377759872;8:0.002444642184;9:0.002116398317;10:0.003433388134;11:0.002203206563;12:0.002725460988;13:0.006504798264;14:0.001767714694;15:0.00511449098;16:0.002319007364;17:0.001881345065;18:0.001426540193;19:0.001381600693
H-under: r=3 minus r=5,3,5,QR_Q_F_expected_random_capture,20,-0.02000000000000001,3.5595774664122295e-18,7.959457186074219e-19,-2.5127341642080564e+16,0.0,-0.02000000000000001,-0.02000000000000001,0:-0.02;1:-0.02;2:-0.02;3:-0.02;4:-0.02;5:-0.02;6:-0.02;7:-0.02;8:-0.02;9:-0.02;10:-0.02;11:-0.02;12:-0.02;13:-0.02;14:-0.02;15:-0.02;16:-0.02;17:-0.02;18:-0.02;19:-0.02
H-under: r=3 minus r=5,3,5,QR_Q_F_expected_random_purity,20,0.0,0.0,0.0,,,0.0,0.0,0:0;1:0;2:0;3:0;4:0;5:0;6:0;7:0;8:0;9:0;10:0;11:0;12:0;13:0;14:0;15:0;16:0;17:0;18:0;19:0
H-under: r=3 minus r=5,3,5,QR_Q_F_largest_canonical_correlation,20,-4.251162232436489e-05,2.8757428787084827e-05,6.430356562603099e-06,-6.611083212958814,2.5137658403728835e-06,-5.5970513288315214e-05,-2.905273136041457e-05,0:-4.422214907e-05;1:-3.97971956e-05;2:-3.27001727e-05;3:-7.643418263e-05;4:-1.269995687e-05;5:-8.641907735e-05;6:-4.957368124e-05;7:-1.788441584e-05;8:-1.593396607e-05;9:-0.0001088097168;10:-2.047889097e-05;11:-1.549347975e-05;12:-2.050970975e-05;13:-1.130211486e-05;14:-2.452682255e-05;15:-5.592483279e-05;16:-5.702456374e-05;17:-9.09571754e-05;18:-3.840070052e-05;19:-3.113964203e-05
H-under: r=3 minus r=5,3,5,QR_Q_F_purity,20,0.0029695834290967837,0.002627213539538023,0.0005874628065814851,5.054930109324092,7.033259854272167e-05,0.0017400096438515468,0.004199157214342021,0:0.002106774635;1:0.001252303184;2:0.002019399366;3:0.01232186013;4:0.004526146534;5:0.002175898771;6:0.0008329165353;7:0.0008377759872;8:0.002444642184;9:0.002116398317;10:0.003433388134;11:0.002203206563;12:0.002725460988;13:0.006504798264;14:0.001767714694;15:0.00511449098;16:0.002319007364;17:0.001881345065;18:0.001426540193;19:0.001381600693
H-under: r=3 minus r=5,3,5,QR_Q_F_shared_energy,20,-1.980365294466812,0.013372061614119368,0.002990083876848647,-662.3109504720609,0.0,-1.9866236119457545,-1.9741069769878694,0:-1.984124776;1:-1.990299372;2:-1.986027616;3:-1.932343638;4:-1.973087163;5:-1.984574314;6:-1.98939086;7:-1.989070757;8:-1.97974358;9:-1.984794363;10:-1.976591021;11:-1.985091046;12:-1.983225625;13:-1.962606702;14:-1.988107135;15:-1.970673117;16:-1.984541258;17:-1.985600387;18:-1.988191219;19:-1.98922194
H-under: r=3 minus r=5,3,5,QR_Q_F_smallest_principal_angle,20,0.0012374312912278402,0.0007675653487495116,0.0001716328296977241,7.209758723940964,7.577887610743517e-07,0.0008781996501443469,0.0015966629323113336,0:0.001285058025;1:0.001209044704;2:0.0009846765466;3:0.002298060054;4:0.000488274084;5:0.00242333479;6:0.001370833301;7:0.0005105902984;8:0.0005249552621;9:0.002905606984;10:0.0006007786661;11:0.0004511557397;12:0.0006512012275;13:0.0003511550494;14:0.0007843647164;15:0.001669252265;16:0.001598700895;17:0.002451171275;18:0.001163653744;19:0.001026758198
H-under: r=3 minus r=5,3,5,QR_Q_P4_capture,20,-0.032603131192851006,0.016616677231058394,0.003715601984881955,-8.774656522820974,4.1360361802134094e-08,-0.040379975523816024,-0.02482628686188599,0:-0.03483996771;1:-0.009255785003;2:-0.04520810416;3:-0.07195348686;4:-0.04487934299;5:-0.02993533378;6:-0.03042153611;7:-0.007316504818;8:-0.02640188228;9:-0.01352534489;10:-0.05079667874;11:-0.0173528714;12:-0.03462134767;13:-0.04774752159;14:-0.02557077625;15:-0.04551976104;16:-0.01858367868;17:-0.03674494229;18:-0.01411030511;19:-0.04727745249
H-under: r=3 minus r=5,3,5,QR_Q_P4_dim_Q,20,0.0,0.0,0.0,,,0.0,0.0,0:0;1:0;2:0;3:0;4:0;5:0;6:0;7:0;8:0;9:0;10:0;11:0;12:0;13:0;14:0;15:0;16:0;17:0;18:0;19:0
H-under: r=3 minus r=5,3,5,QR_Q_P4_dim_U,20,-2.0,0.0,0.0,,,-2.0,-2.0,0:-2;1:-2;2:-2;3:-2;4:-2;5:-2;6:-2;7:-2;8:-2;9:-2;10:-2;11:-2;12:-2;13:-2;14:-2;15:-2;16:-2;17:-2;18:-2;19:-2
H-under: r=3 minus r=5,3,5,QR_Q_P4_excess_capture,20,-0.01260313119285097,0.01661667723105837,0.0037156019848819492,-3.391948665150525,0.00305967379426364,-0.02037997552381598,-0.004826286861885963,0:-0.01483996771;1:0.010744215;2:-0.02520810416;3:-0.05195348686;4:-0.02487934299;5:-0.009935333775;6:-0.01042153611;7:0.01268349518;8:-0.006401882276;9:0.006474655113;10:-0.03079667874;11:0.002647128601;12:-0.01462134767;13:-0.02774752159;14:-0.005570776253;15:-0.02551976104;16:0.001416321321;17:-0.01674494229;18:0.005889694891;19:-0.02727745249
H-under: r=3 minus r=5,3,5,QR_Q_P4_excess_purity,20,-0.005162423836754517,0.0177007058713152,0.003957998157799044,-1.304301728029411,0.2077106198558787,-0.013446609188331508,0.0031217615148224735,0:-0.0161938754;1:0.02290382783;2:-0.0202280874;3:-0.04717294456;4:-0.009603072785;5:-0.001500579422;6:0.003781690718;7:0.008178860206;8:0.0008572632153;9:0.01486070225;10:-0.02328271498;11:0.006122069539;12:-0.003881344969;13:-0.02504361623;14:0.01005188085;15:-0.01554471956;16:0.008493017884;17:-0.01827955166;18:0.01974711806;19:-0.01751440031
H-under: r=3 minus r=5,3,5,QR_Q_P4_expected_random_capture,20,-0.02000000000000001,3.5595774664122295e-18,7.959457186074219e-19,-2.5127341642080564e+16,0.0,-0.02000000000000001,-0.02000000000000001,0:-0.02;1:-0.02;2:-0.02;3:-0.02;4:-0.02;5:-0.02;6:-0.02;7:-0.02;8:-0.02;9:-0.02;10:-0.02;11:-0.02;12:-0.02;13:-0.02;14:-0.02;15:-0.02;16:-0.02;17:-0.02;18:-0.02;19:-0.02
H-under: r=3 minus r=5,3,5,QR_Q_P4_expected_random_purity,20,0.0,0.0,0.0,,,0.0,0.0,0:0;1:0;2:0;3:0;4:0;5:0;6:0;7:0;8:0;9:0;10:0;11:0;12:0;13:0;14:0;15:0;16:0;17:0;18:0;19:0
H-under: r=3 minus r=5,3,5,QR_Q_P4_largest_canonical_correlation,20,-0.08481244268088216,0.0610759760121889,0.01365700341554009,-6.210179502801868,5.763563284633122e-06,-0.11339687934074337,-0.056228006021020946,0:-0.1665351459;1:-0.008648479234;2:-0.1321904941;3:-0.2168404177;4:-0.04457046447;5:-0.06988369303;6:-0.06393708622;7:-0.02196880003;8:-0.0927777184;9:-0.008922074135;10:-0.1266726667;11:-0.03724571109;12:-0.08965066904;13:-0.08708115469;14:-0.02378876407;15:-0.1396942753;16:-0.04664077321;17:-0.1855714269;18:-0.02419532106;19:-0.1094337182
H-under: r=3 minus r=5,3,5,QR_Q_P4_purity,20,-0.005162423836754543,0.01770070587131523,0.00395799815779905,-1.3043017280294151,0.20771061985587713,-0.013446609188331547,0.0031217615148224605,0:-0.0161938754;1:0.02290382783;2:-0.0202280874;3:-0.04717294456;4:-0.009603072785;5:-0.001500579422;6:0.003781690718;7:0.008178860206;8:0.0008572632153;9:0.01486070225;10:-0.02328271498;11:0.006122069539;12:-0.003881344969;13:-0.02504361623;14:0.01005188085;15:-0.01554471956;16:0.008493017884;17:-0.01827955166;18:0.01974711806;19:-0.01751440031
H-under: r=3 minus r=5,3,5,QR_Q_P4_shared_energy,20,-0.13041252477140403,0.06646670892423355,0.014862407939527813,-8.77465652282098,4.1360361802134094e-08,-0.1615199020952641,-0.09930514744754397,0:-0.1393598709;1:-0.03702314001;2:-0.1808324166;3:-0.2878139475;4:-0.179517372;5:-0.1197413351;6:-0.1216861444;7:-0.02926601927;8:-0.1056075291;9:-0.05410137955;10:-0.203186715;11:-0.0694114856;12:-0.1384853907;13:-0.1909900863;14:-0.102283105;15:-0.1820790441;16:-0.07433471472;17:-0.1469797692;18:-0.05644122044;19:-0.18910981
H-under: r=3 minus r=5,3,5,QR_Q_P4_smallest_principal_angle,20,0.09129908591291201,0.06523100227169279,0.014586095531994827,6.259323183003022,5.200255445370061e-06,0.06077003710454995,0.12182813472127407,0:0.1769723818;1:0.009478761136;2:0.1407808755;3:0.2327499503;4:0.04900340944;5:0.07558955792;6:0.07179182611;7:0.02307837;8:0.09892650043;9:0.009587250856;10:0.1372620815;11:0.03958570036;12:0.09724655357;13:0.09307281217;14:0.02608172159;15:0.1540915349;16:0.05006386048;17:0.195211232;18:0.0261270729;19:0.1192802653
H-under: r=3 minus r=5,3,5,U4_Q_C_capture,20,-0.08508498481237517,0.04133505482008632,0.009242799243139335,-9.205542885239158,1.9626302361075432e-08,-0.10443038595833229,-0.06573958366641805,0:-0.1337285313;1:-0.05073471143;2:-0.05454092629;3:-0.1343209541;4:-0.09964873407;5:-0.1313299698;6:-0.01499438042;7:-0.08849428755;8:-0.07680147831;9:-0.1397882527;10:-0.1210337058;11:-0.08176767595;12:-0.03303528125;13:-0.05429063153;14:-0.0857460919;15:-0.04501873529;16:-0.09699098586;17:-0.157099805;18:-0.07384525943;19:-0.02848929812
H-under: r=3 minus r=5,3,5,U4_Q_C_dim_Q,20,0.0,0.0,0.0,,,0.0,0.0,0:0;1:0;2:0;3:0;4:0;5:0;6:0;7:0;8:0;9:0;10:0;11:0;12:0;13:0;14:0;15:0;16:0;17:0;18:0;19:0
H-under: r=3 minus r=5,3,5,U4_Q_C_dim_U,20,0.0,0.0,0.0,,,0.0,0.0,0:0;1:0;2:0;3:0;4:0;5:0;6:0;7:0;8:0;9:0;10:0;11:0;12:0;13:0;14:0;15:0;16:0;17:0;18:0;19:0
H-under: r=3 minus r=5,3,5,U4_Q_C_excess_capture,20,-0.08508498481237517,0.04133505482008628,0.009242799243139326,-9.205542885239167,1.9626302361075432e-08,-0.10443038595833226,-0.06573958366641808,0:-0.1337285313;1:-0.05073471143;2:-0.05454092629;3:-0.1343209541;4:-0.09964873407;5:-0.1313299698;6:-0.01499438042;7:-0.08849428755;8:-0.07680147831;9:-0.1397882527;10:-0.1210337058;11:-0.08176767595;12:-0.03303528125;13:-0.05429063153;14:-0.0857460919;15:-0.04501873529;16:-0.09699098586;17:-0.157099805;18:-0.07384525943;19:-0.02848929812
H-under: r=3 minus r=5,3,5,U4_Q_C_excess_purity,20,-0.06381373860928136,0.03100129111506473,0.006932099432354498,-9.205542885239158,1.9626302361075432e-08,-0.07832278946874918,-0.049304687749813524,0:-0.1002963985;1:-0.03805103357;2:-0.04090569471;3:-0.1007407156;4:-0.07473655056;5:-0.09849747737;6:-0.01124578532;7:-0.06637071566;8:-0.05760110873;9:-0.1048411895;10:-0.09077527938;11:-0.06132575696;12:-0.02477646093;13:-0.04071797365;14:-0.06430956892;15:-0.03376405147;16:-0.07274323939;17:-0.1178248538;18:-0.05538394457;19:-0.02136697359
H-under: r=3 minus r=5,3,5,U4_Q_C_expected_random_capture,20,0.0,0.0,0.0,,,0.0,0.0,0:0;1:0;2:0;3:0;4:0;5:0;6:0;7:0;8:0;9:0;10:0;11:0;12:0;13:0;14:0;15:0;16:0;17:0;18:0;19:0
H-under: r=3 minus r=5,3,5,U4_Q_C_expected_random_purity,20,0.0,0.0,0.0,,,0.0,0.0,0:0;1:0;2:0;3:0;4:0;5:0;6:0;7:0;8:0;9:0;10:0;11:0;12:0;13:0;14:0;15:0;16:0;17:0;18:0;19:0
H-under: r=3 minus r=5,3,5,U4_Q_C_full_capture,20,-0.07800438195593262,0.031850351625265595,0.007121955134136477,-10.952664048955778,1.1918921405396077e-09,-0.0929108053660967,-0.06309795854576855,0:-0.1240598774;1:-0.04701817344;2:-0.06166742463;3:-0.1158983779;4:-0.1023743393;5:-0.1062824046;6:-0.0333222774;7:-0.08353424268;8:-0.07930188534;9:-0.1222945854;10:-0.09404501054;11:-0.09290496924;12:-0.03470692627;13:-0.0554863541;14:-0.08770047196;15:-0.02434122662;16:-0.08419585272;17:-0.1138479639;18:-0.05888983495;19:-0.03821544074
H-under: r=3 minus r=5,3,5,U4_Q_C_full_dim_Q,20,0.0,0.0,0.0,,,0.0,0.0,0:0;1:0;2:0;3:0;4:0;5:0;6:0;7:0;8:0;9:0;10:0;11:0;12:0;13:0;14:0;15:0;16:0;17:0;18:0;19:0
H-under: r=3 minus r=5,3,5,U4_Q_C_full_dim_U,20,0.0,0.0,0.0,,,0.0,0.0,0:0;1:0;2:0;3:0;4:0;5:0;6:0;7:0;8:0;9:0;10:0;11:0;12:0;13:0;14:0;15:0;16:0;17:0;18:0;19:0
H-under: r=3 minus r=5,3,5,U4_Q_C_full_excess_capture,20,-0.07800438195593257,0.03185035162526562,0.007121955134136484,-10.95266404895576,1.1918921405396077e-09,-0.09291080536609665,-0.06309795854576848,0:-0.1240598774;1:-0.04701817344;2:-0.06166742463;3:-0.1158983779;4:-0.1023743393;5:-0.1062824046;6:-0.0333222774;7:-0.08353424268;8:-0.07930188534;9:-0.1222945854;10:-0.09404501054;11:-0.09290496924;12:-0.03470692627;13:-0.0554863541;14:-0.08770047196;15:-0.02434122662;16:-0.08419585272;17:-0.1138479639;18:-0.05888983495;19:-0.03821544074
H-under: r=3 minus r=5,3,5,U4_Q_C_full_excess_purity,20,-0.07800438195593257,0.03185035162526562,0.007121955134136484,-10.95266404895576,1.1918921405396077e-09,-0.09291080536609665,-0.06309795854576848,0:-0.1240598774;1:-0.04701817344;2:-0.06166742463;3:-0.1158983779;4:-0.1023743393;5:-0.1062824046;6:-0.0333222774;7:-0.08353424268;8:-0.07930188534;9:-0.1222945854;10:-0.09404501054;11:-0.09290496924;12:-0.03470692627;13:-0.0554863541;14:-0.08770047196;15:-0.02434122662;16:-0.08419585272;17:-0.1138479639;18:-0.05888983495;19:-0.03821544074
H-under: r=3 minus r=5,3,5,U4_Q_C_full_expected_random_capture,20,0.0,0.0,0.0,,,0.0,0.0,0:0;1:0;2:0;3:0;4:0;5:0;6:0;7:0;8:0;9:0;10:0;11:0;12:0;13:0;14:0;15:0;16:0;17:0;18:0;19:0
H-under: r=3 minus r=5,3,5,U4_Q_C_full_expected_random_purity,20,0.0,0.0,0.0,,,0.0,0.0,0:0;1:0;2:0;3:0;4:0;5:0;6:0;7:0;8:0;9:0;10:0;11:0;12:0;13:0;14:0;15:0;16:0;17:0;18:0;19:0
H-under: r=3 minus r=5,3,5,U4_Q_C_full_largest_canonical_correlation,20,0.0009099862370911371,0.015808977143092994,0.0035349947546696354,0.2574222312180433,0.7996201645356698,-0.006488842816639446,0.00830881529082172,0:-0.008662128917;1:-0.008566518383;2:0.007423477697;3:0.03460291177;4:0.0203485663;5:0.01072817002;6:-0.01042458482;7:-0.0194706516;8:-0.007350914381;9:-0.01084429254;10:0.01295792331;11:-0.009687629279;12:0.01289106504;13:0.03069252108;14:0.003763214403;15:0.01024254238;16:-0.01668665407;17:-0.01081567526;18:-0.007726944422;19:-0.01521467359
H-under: r=3 minus r=5,3,5,U4_Q_C_full_purity,20,-0.07800438195593262,0.031850351625265595,0.007121955134136477,-10.952664048955778,1.1918921405396077e-09,-0.0929108053660967,-0.06309795854576855,0:-0.1240598774;1:-0.04701817344;2:-0.06166742463;3:-0.1158983779;4:-0.1023743393;5:-0.1062824046;6:-0.0333222774;7:-0.08353424268;8:-0.07930188534;9:-0.1222945854;10:-0.09404501054;11:-0.09290496924;12:-0.03470692627;13:-0.0554863541;14:-0.08770047196;15:-0.02434122662;16:-0.08419585272;17:-0.1138479639;18:-0.05888983495;19:-0.03821544074
H-under: r=3 minus r=5,3,5,U4_Q_C_full_shared_energy,20,-0.31201752782373043,0.1274014065010624,0.028487820536545916,-10.952664048955773,1.1918921405396077e-09,-0.3716432214643868,-0.2523918341830741,0:-0.4962395097;1:-0.1880726937;2:-0.2466696985;3:-0.4635935114;4:-0.4094973571;5:-0.4251296183;6:-0.1332891096;7:-0.3341369707;8:-0.3172075414;9:-0.4891783417;10:-0.3761800421;11:-0.371619877;12:-0.1388277051;13:-0.2219454164;14:-0.3508018878;15:-0.09736490648;16:-0.3367834109;17:-0.4553918557;18:-0.2355593398;19:-0.152861763
H-under: r=3 minus r=5,3,5,U4_Q_C_full_smallest_principal_angle,20,-0.00313419830769935,0.05421276279167962,0.01212234228502669,-0.25854725382326965,0.7987646981213288,-0.02850655230603064,0.02223815569063194,0:0.0307342929;1:0.03059321715;2:-0.02317542926;3:-0.1081830948;4:-0.07773675812;5:-0.03274902714;6:0.03509657884;7:0.0623561163;8:0.02217495;9:0.03930433211;10:-0.0424495134;11:0.03355916629;12:-0.04296172264;13:-0.1122573945;14:-0.0111054784;15:-0.04287766887;16:0.0552261802;17:0.04389160736;18:0.0267226725;19:0.05115300729
H-under: r=3 minus r=5,3,5,U4_Q_C_largest_canonical_correlation,20,0.0018996049168564454,0.017796227840090908,0.003979357519351753,0.47736472725021595,0.6385476555874465,-0.006429286092237167,0.010228495925950059,0:0.02765985729;1:-0.01410297479;2:0.01278911079;3:0.03052019316;4:0.01370571777;5:0.0003169435371;6:-0.01382628864;7:-0.01757922031;8:0.01114869517;9:-0.01709079803;10:-0.01397125989;11:-0.01629488151;12:0.02316793384;13:0.01864734705;14:-0.007100606351;15:0.03445188586;16:-0.008483483896;17:-0.003638103703;18:-0.00904018991;19:-0.01328777911
H-under: r=3 minus r=5,3,5,U4_Q_C_purity,20,-0.06381373860928136,0.031001291115064722,0.0069320994323544965,-9.20554288523916,1.9626302361075432e-08,-0.07832278946874918,-0.04930468774981353,0:-0.1002963985;1:-0.03805103357;2:-0.04090569471;3:-0.1007407156;4:-0.07473655056;5:-0.09849747737;6:-0.01124578532;7:-0.06637071566;8:-0.05760110873;9:-0.1048411895;10:-0.09077527938;11:-0.06132575696;12:-0.02477646093;13:-0.04071797365;14:-0.06430956892;15:-0.03376405147;16:-0.07274323939;17:-0.1178248538;18:-0.05538394457;19:-0.02136697359
H-under: r=3 minus r=5,3,5,U4_Q_C_shared_energy,20,-0.2552549544371254,0.12400516446025886,0.027728397729417983,-9.205542885239161,1.9626302361075432e-08,-0.31329115787499673,-0.19721875099925412,0:-0.4011855939;1:-0.1522041343;2:-0.1636227789;3:-0.4029628624;4:-0.2989462022;5:-0.3939899095;6:-0.04498314127;7:-0.2654828626;8:-0.2304044349;9:-0.4193647581;10:-0.3631011175;11:-0.2453030279;12:-0.09910584374;13:-0.1628718946;14:-0.2572382757;15:-0.1350562059;16:-0.2909729576;17:-0.4712994151;18:-0.2215357783;19:-0.08546789437
H-under: r=3 minus r=5,3,5,U4_Q_C_smallest_principal_angle,20,-0.006373777180045584,0.054540139664688785,0.01219554597925767,-0.522631556708177,0.6072717466126654,-0.031899348271273865,0.019151793911182696,0:-0.07496795001;1:0.04319052435;2:-0.0340355528;3:-0.08710059214;4:-0.04324149845;5:-0.0009017218495;6:0.03035293721;7:0.05429221732;8:-0.02948080509;9:0.05428296573;10:0.04011141019;11:0.05307511424;12:-0.06886234619;13:-0.06079714543;14:0.01601685474;15:-0.1241355814;16:0.0258098288;17:0.0132135487;18:0.03011335092;19:0.03558889752
H-under: r=3 minus r=5,3,5,U4_Q_C_unique_capture,20,-0.12200622808047043,0.04487388492610667,0.010034105710927764,-12.15915315179489,2.0733192940269873e-10,-0.14300785269791758,-0.1010046034630233,0:-0.1788240501;1:-0.06730350429;2:-0.1080411695;3:-0.2160168488;4:-0.1679630815;5:-0.1537643094;6:-0.05360287456;7:-0.09601517297;8:-0.1095085472;9:-0.1563607751;10:-0.1604346544;11:-0.09925454131;12:-0.05813119737;13:-0.1098397818;14:-0.1349889278;15:-0.09174854098;16:-0.1263555451;17:-0.1786965721;18:-0.09539045109;19:-0.07788401625
H-under: r=3 minus r=5,3,5,U4_Q_C_unique_dim_Q,20,0.0,0.0,0.0,,,0.0,0.0,0:0;1:0;2:0;3:0;4:0;5:0;6:0;7:0;8:0;9:0;10:0;11:0;12:0;13:0;14:0;15:0;16:0;17:0;18:0;19:0
H-under: r=3 minus r=5,3,5,U4_Q_C_unique_dim_U,20,0.0,0.0,0.0,,,0.0,0.0,0:0;1:0;2:0;3:0;4:0;5:0;6:0;7:0;8:0;9:0;10:0;11:0;12:0;13:0;14:0;15:0;16:0;17:0;18:0;19:0
H-under: r=3 minus r=5,3,5,U4_Q_C_unique_excess_capture,20,-0.12200622808047043,0.04487388492610667,0.010034105710927764,-12.15915315179489,2.0733192940269873e-10,-0.14300785269791758,-0.1010046034630233,0:-0.1788240501;1:-0.06730350429;2:-0.1080411695;3:-0.2160168488;4:-0.1679630815;5:-0.1537643094;6:-0.05360287456;7:-0.09601517297;8:-0.1095085472;9:-0.1563607751;10:-0.1604346544;11:-0.09925454131;12:-0.05813119737;13:-0.1098397818;14:-0.1349889278;15:-0.09174854098;16:-0.1263555451;17:-0.1786965721;18:-0.09539045109;19:-0.07788401625
H-under: r=3 minus r=5,3,5,U4_Q_C_unique_excess_purity,20,-0.0915046710603528,0.03365541369458001,0.007525579283195824,-12.159153151794886,2.0733192940269873e-10,-0.10725588952343815,-0.07575345259726746,0:-0.1341180376;1:-0.05047762822;2:-0.08103087716;3:-0.1620126366;4:-0.1259723111;5:-0.1153232321;6:-0.04020215592;7:-0.07201137973;8:-0.0821314104;9:-0.1172705813;10:-0.1203259908;11:-0.07444090598;12:-0.04359839803;13:-0.08237983633;14:-0.1012416959;15:-0.06881140573;16:-0.09476665884;17:-0.134022429;18:-0.07154283832;19:-0.05841301219
H-under: r=3 minus r=5,3,5,U4_Q_C_unique_expected_random_capture,20,0.0,0.0,0.0,,,0.0,0.0,0:0;1:0;2:0;3:0;4:0;5:0;6:0;7:0;8:0;9:0;10:0;11:0;12:0;13:0;14:0;15:0;16:0;17:0;18:0;19:0
H-under: r=3 minus r=5,3,5,U4_Q_C_unique_expected_random_purity,20,0.0,0.0,0.0,,,0.0,0.0,0:0;1:0;2:0;3:0;4:0;5:0;6:0;7:0;8:0;9:0;10:0;11:0;12:0;13:0;14:0;15:0;16:0;17:0;18:0;19:0
H-under: r=3 minus r=5,3,5,U4_Q_C_unique_largest_canonical_correlation,20,-0.01259859251243393,0.00768080620359193,0.0017174804793233644,-7.3355084171887635,5.926981909709639e-07,-0.016193320468634365,-0.009003864556233495,0:-0.00692443634;1:-0.0133837352;2:-0.01378490083;3:0.0002869531503;4:-0.005318785796;5:-0.01271635556;6:-0.02153559098;7:-0.02399145531;8:-0.01229333282;9:-0.01850633574;10:-0.01740947031;11:-0.01920314991;12:-0.00578418381;13:0.002174324635;14:-0.01954237252;15:-0.001119466405;16:-0.01363880767;17:-0.01892734395;18:-0.009832658111;19:-0.02052074677
H-under: r=3 minus r=5,3,5,U4_Q_C_unique_purity,20,-0.09150467106035279,0.03365541369457999,0.00752557928319582,-12.15915315179489,2.0733192940269873e-10,-0.10725588952343813,-0.07575345259726744,0:-0.1341180376;1:-0.05047762822;2:-0.08103087716;3:-0.1620126366;4:-0.1259723111;5:-0.1153232321;6:-0.04020215592;7:-0.07201137973;8:-0.0821314104;9:-0.1172705813;10:-0.1203259908;11:-0.07444090598;12:-0.04359839803;13:-0.08237983633;14:-0.1012416959;15:-0.06881140573;16:-0.09476665884;17:-0.134022429;18:-0.07154283832;19:-0.05841301219
H-under: r=3 minus r=5,3,5,U4_Q_C_unique_shared_energy,20,-0.3660186842414112,0.13462165477831997,0.03010231713278328,-12.159153151794891,2.0733192940269873e-10,-0.4290235580937526,-0.3030138103890698,0:-0.5364721503;1:-0.2019105129;2:-0.3241235086;3:-0.6480505465;4:-0.5038892446;5:-0.4612929282;6:-0.1608086237;7:-0.2880455189;8:-0.3285256416;9:-0.4690823252;10:-0.4813039632;11:-0.2977636239;12:-0.1743935921;13:-0.3295193453;14:-0.4049667834;15:-0.2752456229;16:-0.3790666354;17:-0.5360897162;18:-0.2861713533;19:-0.2336520488
H-under: r=3 minus r=5,3,5,U4_Q_C_unique_smallest_principal_angle,20,0.05078946045271955,0.029399311132724263,0.006573885818443779,7.725941985518517,2.801575000876966e-07,0.03703015930378337,0.06454876160165574,0:0.03010300125;1:0.05945055844;2:0.05548245697;3:-1.996080084e-05;4:0.02266385575;5:0.0503114136;6:0.08270559219;7:0.09002333902;8:0.04994732933;9:0.07824481189;10:0.0681391519;11:0.07952323694;12:0.02436430818;13:-0.009100394843;14:0.07046883181;15:0.006352336901;16:0.05775510006;17:0.08018601683;18:0.04598525189;19:0.07320297174
H-under: r=3 minus r=5,3,5,U4_Q_F_capture,20,0.38952112294279806,0.0031612461896760526,0.0007068761373727848,551.0457947986672,0.0,0.38804161418378963,0.3910006317018065,0:0.3898495979;1:0.3933542459;2:0.3902333696;3:0.3787945713;4:0.3888255258;5:0.3887248325;6:0.3922256245;7:0.3918100769;8:0.3889642482;9:0.3920274277;10:0.3876119368;11:0.3907627262;12:0.3885511481;13:0.3857766116;14:0.3912790698;15:0.3877402068;16:0.3915209502;17:0.3893640234;18:0.3921939114;19:0.3908123543
H-under: r=3 minus r=5,3,5,U4_Q_F_dim_Q,20,0.0,0.0,0.0,,,0.0,0.0,0:0;1:0;2:0;3:0;4:0;5:0;6:0;7:0;8:0;9:0;10:0;11:0;12:0;13:0;14:0;15:0;16:0;17:0;18:0;19:0
H-under: r=3 minus r=5,3,5,U4_Q_F_dim_U,20,0.0,0.0,0.0,,,0.0,0.0,0:0;1:0;2:0;3:0;4:0;5:0;6:0;7:0;8:0;9:0;10:0;11:0;12:0;13:0;14:0;15:0;16:0;17:0;18:0;19:0
H-under: r=3 minus r=5,3,5,U4_Q_F_excess_capture,20,0.389521122942798,0.0031612461896760543,0.0007068761373727851,551.0457947986669,0.0,0.3880416141837896,0.39100063170180643,0:0.3898495979;1:0.3933542459;2:0.3902333696;3:0.3787945713;4:0.3888255258;5:0.3887248325;6:0.3922256245;7:0.3918100769;8:0.3889642482;9:0.3920274277;10:0.3876119368;11:0.3907627262;12:0.3885511481;13:0.3857766116;14:0.3912790698;15:0.3877402068;16:0.3915209502;17:0.3893640234;18:0.3921939114;19:0.3908123543
H-under: r=3 minus r=5,3,5,U4_Q_F_excess_purity,20,0.48690140367849744,0.00395155773709506,0.0008835951717159796,551.0457947986679,0.0,0.4850520177297369,0.488750789627258,0:0.4873119973;1:0.4916928073;2:0.487791712;3:0.4734932141;4:0.4860319072;5:0.4859060406;6:0.4902820306;7:0.4897625962;8:0.4862053103;9:0.4900342847;10:0.484514921;11:0.4884534077;12:0.4856889351;13:0.4822207645;14:0.4890988373;15:0.4846752585;16:0.4894011877;17:0.4867050293;18:0.4902423893;19:0.4885154429
H-under: r=3 minus r=5,3,5,U4_Q_F_expected_random_capture,20,0.0,0.0,0.0,,,0.0,0.0,0:0;1:0;2:0;3:0;4:0;5:0;6:0;7:0;8:0;9:0;10:0;11:0;12:0;13:0;14:0;15:0;16:0;17:0;18:0;19:0
H-under: r=3 minus r=5,3,5,U4_Q_F_expected_random_purity,20,0.0,0.0,0.0,,,0.0,0.0,0:0;1:0;2:0;3:0;4:0;5:0;6:0;7:0;8:0;9:0;10:0;11:0;12:0;13:0;14:0;15:0;16:0;17:0;18:0;19:0
H-under: r=3 minus r=5,3,5,U4_Q_F_largest_canonical_correlation,20,0.8928223435946544,0.04587964311679554,0.010259000079258515,87.02820320664082,0.0,0.8713500096545901,0.9142946775347187,0:0.8892418765;1:0.9491441964;2:0.9226546082;3:0.7683524585;4:0.8624764228;5:0.9026942081;6:0.9053614458;7:0.9132871039;8:0.8526689589;9:0.9161729293;10:0.8632371429;11:0.92406617;12:0.9019563847;13:0.8076881142;14:0.949569879;15:0.856918541;16:0.9117119104;17:0.9024468381;18:0.9275680038;19:0.9292296793
H-under: r=3 minus r=5,3,5,U4_Q_F_purity,20,0.4869014036784975,0.003951557737095067,0.0008835951717159811,551.0457947986671,0.0,0.48505201772973694,0.48875078962725804,0:0.4873119973;1:0.4916928073;2:0.487791712;3:0.4734932141;4:0.4860319072;5:0.4859060406;6:0.4902820306;7:0.4897625962;8:0.4862053103;9:0.4900342847;10:0.484514921;11:0.4884534077;12:0.4856889351;13:0.4822207645;14:0.4890988373;15:0.4846752585;16:0.4894011877;17:0.4867050293;18:0.4902423893;19:0.4885154429
H-under: r=3 minus r=5,3,5,U4_Q_F_shared_energy,20,1.94760561471399,0.015806230948380278,0.003534380686863927,551.0457947986666,0.0,1.9402080709189478,1.9550031585090322,0:1.949247989;1:1.966771229;2:1.951166848;3:1.893972856;4:1.944127629;5:1.943624162;6:1.961128122;7:1.959050385;8:1.944821241;9:1.960137139;10:1.938059684;11:1.953813631;12:1.94275574;13:1.928883058;14:1.956395349;15:1.938701034;16:1.957604751;17:1.946820117;18:1.960969557;19:1.954061772
H-under: r=3 minus r=5,3,5,U4_Q_F_smallest_principal_angle,20,-1.3486442662549294,0.05179239416775447,0.011581131407656263,-116.45185766248566,0.0,-1.372883852868417,-1.3244046796414417,0:-1.342629484;1:-1.424601454;2:-1.378970601;3:-1.217914922;4:-1.316812444;5:-1.337777265;6:-1.366066488;7:-1.368889091;8:-1.300495841;9:-1.392934226;10:-1.311868852;11:-1.373783424;12:-1.335133073;13:-1.267145188;14:-1.41442329;15:-1.299487084;16:-1.378323288;17:-1.353043913;18:-1.40036322;19:-1.392222179
H-under: r=3 minus r=5,3,5,U4_Q_F_unique_capture,20,0.3673683769819408,0.013905777850782763,0.0031094264554361183,118.14666860497104,0.0,0.36086027261529957,0.37387648134858203,0:0.3627922866;1:0.3834129702;2:0.3581332236;3:0.3297770344;4:0.3478369173;5:0.3752642287;6:0.369060528;7:0.3872975457;8:0.3693400069;9:0.3820839143;10:0.3639713676;11:0.380270607;12:0.3734935984;13:0.3524471215;14:0.3617333683;15:0.3597023234;16:0.3739022146;17:0.3764059632;18:0.3792667964;19:0.3611755235
H-under: r=3 minus r=5,3,5,U4_Q_F_unique_dim_Q,20,0.0,0.0,0.0,,,0.0,0.0,0:0;1:0;2:0;3:0;4:0;5:0;6:0;7:0;8:0;9:0;10:0;11:0;12:0;13:0;14:0;15:0;16:0;17:0;18:0;19:0
H-under: r=3 minus r=5,3,5,U4_Q_F_unique_dim_U,20,0.0,0.0,0.0,,,0.0,0.0,0:0;1:0;2:0;3:0;4:0;5:0;6:0;7:0;8:0;9:0;10:0;11:0;12:0;13:0;14:0;15:0;16:0;17:0;18:0;19:0
H-under: r=3 minus r=5,3,5,U4_Q_F_unique_excess_capture,20,0.3673683769819408,0.013905777850782728,0.0031094264554361105,118.14666860497134,0.0,0.3608602726152996,0.373876481348582,0:0.3627922866;1:0.3834129702;2:0.3581332236;3:0.3297770344;4:0.3478369173;5:0.3752642287;6:0.369060528;7:0.3872975457;8:0.3693400069;9:0.3820839143;10:0.3639713676;11:0.380270607;12:0.3734935984;13:0.3524471215;14:0.3617333683;15:0.3597023234;16:0.3739022146;17:0.3764059632;18:0.3792667964;19:0.3611755235
H-under: r=3 minus r=5,3,5,U4_Q_F_unique_excess_purity,20,0.459210471227426,0.01738222231347844,0.003886783069295145,118.14666860497111,0.0,0.4510753407691245,0.4673456016857275,0:0.4534903582;1:0.4792662127;2:0.4476665295;3:0.4122212931;4:0.4347961466;5:0.4690802859;6:0.46132566;7:0.4841219321;8:0.4616750086;9:0.4776048929;10:0.4549642095;11:0.4753382587;12:0.466866998;13:0.4405589019;14:0.4521667104;15:0.4496279042;16:0.4673777683;17:0.470507454;18:0.4740834955;19:0.4514694043
H-under: r=3 minus r=5,3,5,U4_Q_F_unique_expected_random_capture,20,0.0,0.0,0.0,,,0.0,0.0,0:0;1:0;2:0;3:0;4:0;5:0;6:0;7:0;8:0;9:0;10:0;11:0;12:0;13:0;14:0;15:0;16:0;17:0;18:0;19:0
H-under: r=3 minus r=5,3,5,U4_Q_F_unique_expected_random_purity,20,0.0,0.0,0.0,,,0.0,0.0,0:0;1:0;2:0;3:0;4:0;5:0;6:0;7:0;8:0;9:0;10:0;11:0;12:0;13:0;14:0;15:0;16:0;17:0;18:0;19:0
H-under: r=3 minus r=5,3,5,U4_Q_F_unique_largest_canonical_correlation,20,0.6756662739339532,0.060148000470368425,0.013449501776243312,50.23727162350537,0.0,0.6475161431964692,0.7038164046714371,0:0.5995615202;1:0.7129842644;2:0.6410381507;3:0.5864638942;4:0.6670648972;5:0.6748698078;6:0.5960039889;7:0.780879916;8:0.6296422082;9:0.754194856;10:0.6803614967;11:0.7653496936;12:0.6746801929;13:0.6368951533;14:0.6141238482;15:0.648371217;16:0.7025923451;17:0.7782927974;18:0.7083133893;19:0.6616418414
H-under: r=3 minus r=5,3,5,U4_Q_F_unique_purity,20,0.4592104712274262,0.01738222231347845,0.0038867830692951473,118.1466686049711,0.0,0.4510753407691247,0.4673456016857277,0:0.4534903582;1:0.4792662127;2:0.4476665295;3:0.4122212931;4:0.4347961466;5:0.4690802859;6:0.46132566;7:0.4841219321;8:0.4616750086;9:0.4776048929;10:0.4549642095;11:0.4753382587;12:0.466866998;13:0.4405589019;14:0.4521667104;15:0.4496279042;16:0.4673777683;17:0.470507454;18:0.4740834955;19:0.4514694043
H-under: r=3 minus r=5,3,5,U4_Q_F_unique_shared_energy,20,1.836841884909704,0.0695288892539138,0.01554713227718059,118.14666860497104,0.0,1.804301363076498,1.86938240674291,0:1.813961433;1:1.917064851;2:1.790666118;3:1.648885172;4:1.739184586;5:1.876321144;6:1.84530264;7:1.936487728;8:1.846700034;9:1.910419572;10:1.819856838;11:1.901353035;12:1.867467992;13:1.762235607;14:1.808666842;15:1.798511617;16:1.869511073;17:1.882029816;18:1.896333982;19:1.805877617
H-under: r=3 minus r=5,3,5,U4_Q_F_unique_smallest_principal_angle,20,-1.092235528854066,0.07182496730356938,0.01606055093724809,-68.0073512497583,0.0,-1.1258506482927753,-1.0586204094153566,0:-1.010683407;1:-1.148199705;2:-1.03989341;3:-0.9931234892;4:-1.059301314;5:-1.085700211;6:-1.016147907;7:-1.222683347;8:-1.061799191;9:-1.207869023;10:-1.091075517;11:-1.190110314;12:-1.091229813;13:-1.069589962;14:-1.00368025;15:-1.047409619;16:-1.116510512;17:-1.203682231;18:-1.140362327;19:-1.045659028
H-under: r=3 minus r=5,3,5,U4_Q_P4_capture,20,-0.0852043972755543,0.03425942911210466,0.007660641236500128,-11.122358382949303,9.240266329868518e-10,-0.10123830365574094,-0.06917049089536767,0:-0.125869142;1:-0.05628177646;2:-0.07264989505;3:-0.1399449179;4:-0.1261961512;5:-0.1213232166;6:-0.03587825224;7:-0.0804681501;8:-0.08320202139;9:-0.1350409358;10:-0.1009648461;11:-0.09511271743;12:-0.04376685726;13:-0.0590118825;14:-0.1000481328;15:-0.03289858307;16:-0.09017402463;17:-0.1047593657;18:-0.05950221325;19:-0.04099486389
H-under: r=3 minus r=5,3,5,U4_Q_P4_dim_Q,20,0.0,0.0,0.0,,,0.0,0.0,0:0;1:0;2:0;3:0;4:0;5:0;6:0;7:0;8:0;9:0;10:0;11:0;12:0;13:0;14:0;15:0;16:0;17:0;18:0;19:0
H-under: r=3 minus r=5,3,5,U4_Q_P4_dim_U,20,0.0,0.0,0.0,,,0.0,0.0,0:0;1:0;2:0;3:0;4:0;5:0;6:0;7:0;8:0;9:0;10:0;11:0;12:0;13:0;14:0;15:0;16:0;17:0;18:0;19:0
H-under: r=3 minus r=5,3,5,U4_Q_P4_excess_capture,20,-0.08520439727555429,0.03425942911210465,0.007660641236500126,-11.122358382949303,9.240266329868518e-10,-0.10123830365574091,-0.06917049089536767,0:-0.125869142;1:-0.05628177646;2:-0.07264989505;3:-0.1399449179;4:-0.1261961512;5:-0.1213232166;6:-0.03587825224;7:-0.0804681501;8:-0.08320202139;9:-0.1350409358;10:-0.1009648461;11:-0.09511271743;12:-0.04376685726;13:-0.0590118825;14:-0.1000481328;15:-0.03289858307;16:-0.09017402463;17:-0.1047593657;18:-0.05950221325;19:-0.04099486389
H-under: r=3 minus r=5,3,5,U4_Q_P4_excess_purity,20,-0.08520439727555429,0.03425942911210465,0.007660641236500126,-11.122358382949303,9.240266329868518e-10,-0.10123830365574091,-0.06917049089536767,0:-0.125869142;1:-0.05628177646;2:-0.07264989505;3:-0.1399449179;4:-0.1261961512;5:-0.1213232166;6:-0.03587825224;7:-0.0804681501;8:-0.08320202139;9:-0.1350409358;10:-0.1009648461;11:-0.09511271743;12:-0.04376685726;13:-0.0590118825;14:-0.1000481328;15:-0.03289858307;16:-0.09017402463;17:-0.1047593657;18:-0.05950221325;19:-0.04099486389
H-under: r=3 minus r=5,3,5,U4_Q_P4_expected_random_capture,20,0.0,0.0,0.0,,,0.0,0.0,0:0;1:0;2:0;3:0;4:0;5:0;6:0;7:0;8:0;9:0;10:0;11:0;12:0;13:0;14:0;15:0;16:0;17:0;18:0;19:0
H-under: r=3 minus r=5,3,5,U4_Q_P4_expected_random_purity,20,0.0,0.0,0.0,,,0.0,0.0,0:0;1:0;2:0;3:0;4:0;5:0;6:0;7:0;8:0;9:0;10:0;11:0;12:0;13:0;14:0;15:0;16:0;17:0;18:0;19:0
H-under: r=3 minus r=5,3,5,U4_Q_P4_largest_canonical_correlation,20,0.0010516778825172325,0.016853896758370342,0.003768645883747943,0.2790598838305635,0.7832137168459228,-0.006836188604713899,0.008939544369748363,0:-0.006429711322;1:-0.01223505932;2:0.01207037776;3:0.03543473102;4:0.0203098942;5:0.01260774348;6:-0.01171792276;7:-0.02163480229;8:-0.008733034188;9:-0.01263852736;10:0.01897316483;11:-0.01014174675;12:0.01185926736;13:0.03354812829;14:0.00128255443;15:0.007357400444;16:-0.01608151865;17:-0.01009644784;18:-0.009003064606;19:-0.01369786907
H-under: r=3 minus r=5,3,5,U4_Q_P4_purity,20,-0.0852043972755543,0.03425942911210466,0.007660641236500128,-11.122358382949303,9.240266329868518e-10,-0.10123830365574094,-0.06917049089536767,0:-0.125869142;1:-0.05628177646;2:-0.07264989505;3:-0.1399449179;4:-0.1261961512;5:-0.1213232166;6:-0.03587825224;7:-0.0804681501;8:-0.08320202139;9:-0.1350409358;10:-0.1009648461;11:-0.09511271743;12:-0.04376685726;13:-0.0590118825;14:-0.1000481328;15:-0.03289858307;16:-0.09017402463;17:-0.1047593657;18:-0.05950221325;19:-0.04099486389
H-under: r=3 minus r=5,3,5,U4_Q_P4_shared_energy,20,-0.34081758910221716,0.13703771644841867,0.030642564946000518,-11.122358382949297,9.240266329868518e-10,-0.4049532146229637,-0.2766819635814706,0:-0.5034765681;1:-0.2251271058;2:-0.2905995802;3:-0.5597796717;4:-0.5047846048;5:-0.4852928665;6:-0.143513009;7:-0.3218726004;8:-0.3328080856;9:-0.5401637433;10:-0.4038593844;11:-0.3804508697;12:-0.175067429;13:-0.23604753;14:-0.4001925314;15:-0.1315943323;16:-0.3606960985;17:-0.4190374628;18:-0.238008853;19:-0.1639794556
H-under: r=3 minus r=5,3,5,U4_Q_P4_smallest_principal_angle,20,-0.003272155333719935,0.06504066775279621,0.01454353543972308,-0.22499036408868126,0.8243888675626838,-0.0337121248451994,0.027167814177759528,0:0.02831969389;1:0.05332221762;2:-0.03977902039;3:-0.1241016509;4:-0.08960959703;5:-0.04077758816;6:0.04928206222;7:0.07514442056;8:0.02787478592;9:0.05056894457;10:-0.06654130177;11:0.03952418798;12:-0.04526206711;13:-0.1393897902;14:-0.004151684101;15:-0.03648115081;16:0.06221025934;17:0.04794664702;18:0.0349882219;19:0.05146930282
H-under: r=3 minus r=5,3,5,UMP_Q_C_capture,20,0.016107428060201885,0.024111247509278073,0.005391438845306826,2.9875935761050467,0.007566657903437246,0.004823016869103587,0.027391839251300183,0:0.03665051715;1:0.002874873624;2:0.03889320595;3:0.06318787692;4:0.0445579572;5:0.004432403525;6:0.01259707956;7:-0.01376477565;8:0.0180349408;9:-0.0121283311;10:0.0183024582;11:0.001897446413;12:0.01810005825;13:0.04847179199;14:-0.03344544636;15:0.03669675952;16:0.01283676258;17:-0.003650282241;18:-0.002200869971;19:0.02980413485
H-under: r=3 minus r=5,3,5,UMP_Q_C_dim_Q,20,0.0,0.0,0.0,,,0.0,0.0,0:0;1:0;2:0;3:0;4:0;5:0;6:0;7:0;8:0;9:0;10:0;11:0;12:0;13:0;14:0;15:0;16:0;17:0;18:0;19:0
H-under: r=3 minus r=5,3,5,UMP_Q_C_dim_U,20,1.95,0.127733274731701,0.028562028528873965,68.27246174159876,0.0,1.8902189872463717,2.009781012753628,0:2;1:2;2:1.96;3:2;4:2;5:2;6:1.72;7:2;8:2;9:1.96;10:2;11:1.96;12:2;13:2;14:1.48;15:2;16:2;17:2;18:1.92;19:2
H-under: r=3 minus r=5,3,5,UMP_Q_C_excess_capture,20,-0.003392571939798103,0.02350438232363261,0.0052557396644786975,-0.6454984752625876,0.5263234855531049,-0.01439296148125963,0.007607817601663425,0:0.01665051715;1:-0.01712512638;2:0.01929320595;3:0.04318787692;4:0.0245579572;5:-0.01556759648;6:-0.004602920443;7:-0.03376477565;8:-0.001965059203;9:-0.0317283311;10:-0.001697541803;11:-0.01770255359;12:-0.00189994175;13:0.02847179199;14:-0.04824544636;15:0.01669675952;16:-0.007163237424;17:-0.02365028224;18:-0.02140086997;19:0.00980413485
H-under: r=3 minus r=5,3,5,UMP_Q_C_excess_purity,20,-0.2901003244542716,0.032645190059358585,0.0072996864111126184,-39.74147766301847,0.0,-0.3053787437023674,-0.2748219052061758,0:-0.2683158931;1:-0.3192600107;2:-0.2541893488;3:-0.2422309067;4:-0.2870115105;5:-0.3179297762;6:-0.2445641734;7:-0.3459355165;8:-0.2769845726;9:-0.3232276838;10:-0.2974792657;11:-0.3006467639;12:-0.2973929413;13:-0.2740810627;14:-0.2259402371;15:-0.2996944762;16:-0.3010992098;17:-0.3449635537;18:-0.3024167688;19:-0.2786428177
H-under: r=3 minus r=5,3,5,UMP_Q_C_expected_random_capture,20,0.019500000000000003,0.0012773327473170107,0.0002856202852887398,68.27246174159873,0.0,0.01890218987246372,0.020097810127536288,0:0.02;1:0.02;2:0.0196;3:0.02;4:0.02;5:0.02;6:0.0172;7:0.02;8:0.02;9:0.0196;10:0.02;11:0.0196;12:0.02;13:0.02;14:0.0148;15:0.02;16:0.02;17:0.02;18:0.0192;19:0.02
H-under: r=3 minus r=5,3,5,UMP_Q_C_expected_random_purity,20,0.0,0.0,0.0,,,0.0,0.0,0:0;1:0;2:0;3:0;4:0;5:0;6:0;7:0;8:0;9:0;10:0;11:0;12:0;13:0;14:0;15:0;16:0;17:0;18:0;19:0
H-under: r=3 minus r=5,3,5,UMP_Q_C_full_capture,20,0.015361359826942648,0.0237497852968507,0.005310613437478318,2.8925772903246387,0.009329575302589932,0.004246118158636776,0.026476601495248518,0:0.02197277101;1:-0.0009880515428;2:0.02829206643;3:0.05804373639;4:0.04409004386;5:0.01631137598;6:0.0002181177655;7:-0.01272115237;8:0.0118729323;9:-0.004552019364;10:0.03184151155;11:-0.005895152286;12:0.0259424503;13:0.04464241932;14:-0.04201532773;15:0.0461841191;16:0.006598443744;17:0.01366648946;18:0.003954579985;19:0.01976784265
H-under: r=3 minus r=5,3,5,UMP_Q_C_full_dim_Q,20,0.0,0.0,0.0,,,0.0,0.0,0:0;1:0;2:0;3:0;4:0;5:0;6:0;7:0;8:0;9:0;10:0;11:0;12:0;13:0;14:0;15:0;16:0;17:0;18:0;19:0
H-under: r=3 minus r=5,3,5,UMP_Q_C_full_dim_U,20,1.95,0.127733274731701,0.028562028528873965,68.27246174159876,0.0,1.8902189872463717,2.009781012753628,0:2;1:2;2:1.96;3:2;4:2;5:2;6:1.72;7:2;8:2;9:1.96;10:2;11:1.96;12:2;13:2;14:1.48;15:2;16:2;17:2;18:1.92;19:2
H-under: r=3 minus r=5,3,5,UMP_Q_C_full_excess_capture,20,-0.00413864017305732,0.02297095629574337,0.005136461978545894,-0.805737527181881,0.4303635105660084,-0.014889378648707336,0.006612098302592695,0:0.001972771009;1:-0.02098805154;2:0.00869206643;3:0.03804373639;4:0.02409004386;5:-0.003688624024;6:-0.01698188223;7:-0.03272115237;8:-0.008127067703;9:-0.02415201936;10:0.01184151155;11:-0.02549515229;12:0.005942450297;13:0.02464241932;14:-0.05681532773;15:0.0261841191;16:-0.01340155626;17:-0.006333510541;18:-0.01524542002;19:-0.0002321573536
H-under: r=3 minus r=5,3,5,UMP_Q_C_full_excess_purity,20,-0.4081120225128839,0.03556807541644404,0.007953263446000801,-51.31378147898495,0.0,-0.42475839421640954,-0.3914656508093583,0:-0.4154879954;1:-0.4592679896;2:-0.3844486649;3:-0.3602218245;4:-0.3982845184;5:-0.4032359756;6:-0.3502066407;7:-0.4603339578;8:-0.4185819927;9:-0.4511252609;10:-0.3832896878;11:-0.4480855899;12:-0.4062447487;13:-0.3893891322;14:-0.3317815638;15:-0.4079432556;16:-0.4366705032;17:-0.4405625414;18:-0.4151803367;19:-0.4018982706
H-under: r=3 minus r=5,3,5,UMP_Q_C_full_expected_random_capture,20,0.019500000000000003,0.0012773327473170107,0.0002856202852887398,68.27246174159873,0.0,0.01890218987246372,0.020097810127536288,0:0.02;1:0.02;2:0.0196;3:0.02;4:0.02;5:0.02;6:0.0172;7:0.02;8:0.02;9:0.0196;10:0.02;11:0.0196;12:0.02;13:0.02;14:0.0148;15:0.02;16:0.02;17:0.02;18:0.0192;19:0.02
H-under: r=3 minus r=5,3,5,UMP_Q_C_full_expected_random_purity,20,0.0,0.0,0.0,,,0.0,0.0,0:0;1:0;2:0;3:0;4:0;5:0;6:0;7:0;8:0;9:0;10:0;11:0;12:0;13:0;14:0;15:0;16:0;17:0;18:0;19:0
H-under: r=3 minus r=5,3,5,UMP_Q_C_full_largest_canonical_correlation,20,0.0018939827041703605,0.016608525511932874,0.0037137792050721398,0.5099879663238004,0.6159331303558016,-0.005879046504806825,0.009667011913147547,0:-0.008450825381;1:-0.008015541914;2:0.008293984863;3:0.0424973527;4:0.0207418427;5:0.01138415994;6:-0.01017367973;7:-0.01819418668;8:-0.006552364512;9:-0.009471832068;10:0.01377680658;11:-0.00934170678;12:0.01347476296;13:0.03110525255;14:0.004005339454;15:0.01060922604;16:-0.01642559735;17:-0.01052343755;18:-0.007083704606;19:-0.01377619711
H-under: r=3 minus r=5,3,5,UMP_Q_C_full_purity,20,-0.4081120225128839,0.035568075416444044,0.007953263446000803,-51.31378147898494,0.0,-0.42475839421640954,-0.3914656508093583,0:-0.4154879954;1:-0.4592679896;2:-0.3844486649;3:-0.3602218245;4:-0.3982845184;5:-0.4032359756;6:-0.3502066407;7:-0.4603339578;8:-0.4185819927;9:-0.4511252609;10:-0.3832896878;11:-0.4480855899;12:-0.4062447487;13:-0.3893891322;14:-0.3317815638;15:-0.4079432556;16:-0.4366705032;17:-0.4405625414;18:-0.4151803367;19:-0.4018982706
H-under: r=3 minus r=5,3,5,UMP_Q_C_full_shared_energy,20,0.06144543930777059,0.09499914118740277,0.02124245374991327,2.892577290324639,0.009329575302589932,0.01698447263454711,0.10590640598099407,0:0.08789108404;1:-0.003952206171;2:0.1131682657;3:0.2321749455;4:0.1763601754;5:0.06524550391;6:0.000872471062;7:-0.05088460948;8:0.04749172919;9:-0.01820807746;10:0.1273660462;11:-0.02358060914;12:0.1037698012;13:0.1785696773;14:-0.1680613109;15:0.1847364764;16:0.02639377498;17:0.05466595784;18:0.01581831994;19:0.07907137059
H-under: r=3 minus r=5,3,5,UMP_Q_C_full_smallest_principal_angle,20,-0.006228479813876098,0.055830187510783676,0.012484009447067207,-0.49891662132147113,0.6235652801456104,-0.03235781188204776,0.019900852254295567,0:0.02994821561;1:0.02847634718;2:-0.02580122604;3:-0.1289219057;4:-0.079054861;5:-0.03464024473;6:0.03419992525;7:0.05780478203;8:0.01968663966;9:0.03404613825;10:-0.04498522985;11:0.03227334087;12:-0.04477712275;13:-0.1135102946;14:-0.01180528057;15:-0.04437302615;16:0.05428031398;17:0.04259745154;18:0.02440395794;19:0.04558248279
H-under: r=3 minus r=5,3,5,UMP_Q_C_largest_canonical_correlation,20,0.0029632143454707493,0.018350675755623738,0.0041033358422632,0.7221476523930795,0.4789982235723622,-0.0056251662757017176,0.011551594966643217,0:0.03067743901;1:-0.01368998825;2:0.01337749467;3:0.03553618552;4:0.01396523514;5:0.001585833397;6:-0.01350192764;7:-0.01696939405;8:0.01257810076;9:-0.01688728914;10:-0.01308843853;11:-0.01618527195;12:0.02355207641;13:0.01914807816;14:-0.00507012188;15:0.03518780175;16:-0.008175573453;17:-0.003215587827;18:-0.008148085079;19:-0.0114122801
H-under: r=3 minus r=5,3,5,UMP_Q_C_purity,20,-0.29010032445427164,0.0326451900593586,0.007299686411112622,-39.74147766301846,0.0,-0.3053787437023675,-0.2748219052061758,0:-0.2683158931;1:-0.3192600107;2:-0.2541893488;3:-0.2422309067;4:-0.2870115105;5:-0.3179297762;6:-0.2445641734;7:-0.3459355165;8:-0.2769845726;9:-0.3232276838;10:-0.2974792657;11:-0.3006467639;12:-0.2973929413;13:-0.2740810627;14:-0.2259402371;15:-0.2996944762;16:-0.3010992098;17:-0.3449635537;18:-0.3024167688;19:-0.2786428177
H-under: r=3 minus r=5,3,5,UMP_Q_C_shared_energy,20,0.048322284180605635,0.07233374252783417,0.01617431653592047,2.987593576105047,0.007566657903437246,0.014469050607310761,0.0821755177539005,0:0.1099515515;1:0.008624620871;2:0.1166796178;3:0.1895636308;4:0.1336738716;5:0.01329721057;6:0.03779123867;7:-0.04129432695;8:0.05410482239;9:-0.03638499331;10:0.05490737459;11:0.00569233924;12:0.05430017475;13:0.145415376;14:-0.1003363391;15:0.1100902786;16:0.03851028773;17:-0.01095084672;18:-0.006602609913;19:0.08941240455
H-under: r=3 minus r=5,3,5,UMP_Q_C_smallest_principal_angle,20,-0.009242131043668477,0.05571212904860027,0.012457610772391088,-0.7418863225483936,0.4672287657208669,-0.035316210050738525,0.016831947963401567,0:-0.08238535101;1:0.0418426537;2:-0.03552674517;3:-0.09959801282;4:-0.04400341629;5:-0.004205451337;6:0.02961505572;7:0.05223706269;8:-0.03305056774;9:0.05359317775;10:0.03739668197;11:0.05268461473;12:-0.06988617691;13:-0.06225680592;14:0.01126948977;15:-0.1263900282;16:0.02483500453;17:0.01166483265;18:0.02698493582;19:0.0303364252
H-under: r=3 minus r=5,3,5,UMP_Q_C_unique_capture,20,-0.015259374068415344,0.01668781835531906,0.0037315096238662152,-4.089329951293309,0.0006247848631730779,-0.023069513470423263,-0.007449234666407426,0:-0.006321373437;1:-0.0104029232;2:-0.009528174501;3:0.001111918178;4:-0.005888514403;5:-0.01454541667;6:-0.02470606292;7:-0.02106156539;8:-0.01024571216;9:-0.02246806926;10:-0.01501079762;11:-0.0139200041;12:-0.004709627728;13:0.003835644364;14:-0.07849431744;15:-0.00649613897;16:-0.01279927031;17:-0.02084545919;18:-0.01802974106;19:-0.01466187554
H-under: r=3 minus r=5,3,5,UMP_Q_C_unique_dim_Q,20,0.0,0.0,0.0,,,0.0,0.0,0:0;1:0;2:0;3:0;4:0;5:0;6:0;7:0;8:0;9:0;10:0;11:0;12:0;13:0;14:0;15:0;16:0;17:0;18:0;19:0
H-under: r=3 minus r=5,3,5,UMP_Q_C_unique_dim_U,20,1.95,0.127733274731701,0.028562028528873965,68.27246174159876,0.0,1.8902189872463717,2.009781012753628,0:2;1:2;2:1.96;3:2;4:2;5:2;6:1.72;7:2;8:2;9:1.96;10:2;11:1.96;12:2;13:2;14:1.48;15:2;16:2;17:2;18:1.92;19:2
H-under: r=3 minus r=5,3,5,UMP_Q_C_unique_excess_capture,20,-0.034759374068415304,0.015571726050083131,0.0034819437974990173,-9.982749891994807,5.41141442766957e-09,-0.0420471661926784,-0.027471581944152206,0:-0.02632137344;1:-0.0304029232;2:-0.0291281745;3:-0.01888808182;4:-0.0258885144;5:-0.03454541667;6:-0.04190606292;7:-0.04106156539;8:-0.03024571216;9:-0.04206806926;10:-0.03501079762;11:-0.0335200041;12:-0.02470962773;13:-0.01616435564;14:-0.09329431744;15:-0.02649613897;16:-0.03279927031;17:-0.04084545919;18:-0.03722974106;19:-0.03466187554
H-under: r=3 minus r=5,3,5,UMP_Q_C_unique_excess_purity,20,-0.3397107014499212,0.02002736612101342,0.004478255205686228,-75.85782539114258,0.0,-0.3490837973172015,-0.3303376055826409,0:-0.3375749047;1:-0.3497421107;2:-0.3273222365;3:-0.3192761128;4:-0.3565521735;5:-0.3625300139;6:-0.3027799427;7:-0.3619848051;8:-0.332324059;9:-0.3498269144;10:-0.3509480558;11:-0.3315979925;12:-0.3386622771;13:-0.3370833826;14:-0.2875992547;15:-0.3594493782;16:-0.3438409669;17:-0.3677477338;18:-0.3361607025;19:-0.3412110116
H-under: r=3 minus r=5,3,5,UMP_Q_C_unique_expected_random_capture,20,0.019500000000000003,0.0012773327473170107,0.0002856202852887398,68.27246174159873,0.0,0.01890218987246372,0.020097810127536288,0:0.02;1:0.02;2:0.0196;3:0.02;4:0.02;5:0.02;6:0.0172;7:0.02;8:0.02;9:0.0196;10:0.02;11:0.0196;12:0.02;13:0.02;14:0.0148;15:0.02;16:0.02;17:0.02;18:0.0192;19:0.02
H-under: r=3 minus r=5,3,5,UMP_Q_C_unique_expected_random_purity,20,0.0,0.0,0.0,,,0.0,0.0,0:0;1:0;2:0;3:0;4:0;5:0;6:0;7:0;8:0;9:0;10:0;11:0;12:0;13:0;14:0;15:0;16:0;17:0;18:0;19:0
H-under: r=3 minus r=5,3,5,UMP_Q_C_unique_largest_canonical_correlation,20,-0.012092190970128086,0.007643410818045609,0.0017091186169107258,-7.075103419085693,9.882123066518034e-07,-0.015669417347159216,-0.008514964593096957,0:-0.006149984447;1:-0.0130068626;2:-0.0135486821;3:0.0007074026112;4:-0.005077494252;5:-0.01159554746;6:-0.02126928867;7:-0.02342224163;8:-0.01134825245;9:-0.0183925436;10:-0.01690056248;11:-0.01909599211;12:-0.005359015815;13:0.002514792417;14:-0.0182714858;15:-0.0007026285229;16:-0.01340889208;17:-0.01848135282;18:-0.009392829513;19:-0.01964235807
H-under: r=3 minus r=5,3,5,UMP_Q_C_unique_purity,20,-0.33971070144992116,0.0200273661210134,0.004478255205686224,-75.85782539114265,0.0,-0.34908379731720146,-0.33033760558264086,0:-0.3375749047;1:-0.3497421107;2:-0.3273222365;3:-0.3192761128;4:-0.3565521735;5:-0.3625300139;6:-0.3027799427;7:-0.3619848051;8:-0.332324059;9:-0.3498269144;10:-0.3509480558;11:-0.3315979925;12:-0.3386622771;13:-0.3370833826;14:-0.2875992547;15:-0.3594493782;16:-0.3438409669;17:-0.3677477338;18:-0.3361607025;19:-0.3412110116
H-under: r=3 minus r=5,3,5,UMP_Q_C_unique_shared_energy,20,-0.045778122205246005,0.05006345506595715,0.01119452887159864,-4.089329951293309,0.0006247848631730779,-0.06920854041126975,-0.022347703999222264,0:-0.01896412031;1:-0.0312087696;2:-0.0285845235;3:0.003335754534;4:-0.01766554321;5:-0.04363625;6:-0.07411818877;7:-0.06318469618;8:-0.03073713649;9:-0.06740420778;10:-0.04503239287;11:-0.04176001229;12:-0.01412888318;13:0.01150693309;14:-0.2354829523;15:-0.01948841691;16:-0.03839781094;17:-0.06253637757;18:-0.05408922319;19:-0.04398562662
H-under: r=3 minus r=5,3,5,UMP_Q_C_unique_smallest_principal_angle,20,0.04853157765180896,0.029313259374382727,0.006554644060320273,7.404151500094974,5.18767561130673e-07,0.03481254996547438,0.06225060533814354,0:0.02649138272;1:0.05759640097;2:0.0543985779;3:-0.001625550781;4:0.02161855399;5:0.04548738574;6:0.08149919891;7:0.08747080623;8:0.04571480477;9:0.07767642587;10:0.06584869922;11:0.07899215066;12:0.02248024956;13:-0.01049546252;14:0.06520151242;15:0.004383711611;16:0.05664383533;17:0.07792408737;18:0.04373079872;19:0.06959398435
H-under: r=3 minus r=5,3,5,UMP_Q_F_capture,20,0.38962008847820506,0.0031259164055756263,0.0006989761574848903,557.4154201198593,0.0,0.3881571145671313,0.3910830623892788,0:0.3899334407;1:0.3934131874;2:0.3903233148;3:0.3790079322;4:0.3889253004;5:0.3888024922;6:0.3922913595;7:0.3919136191;8:0.3890527877;9:0.3921017434;10:0.3877409863;11:0.3908394305;12:0.3886902673;13:0.3859216907;14:0.3913243098;15:0.3879196659;16:0.3916100035;17:0.3894295927;18:0.3922847732;19:0.3908758722
H-under: r=3 minus r=5,3,5,UMP_Q_F_dim_Q,20,0.0,0.0,0.0,,,0.0,0.0,0:0;1:0;2:0;3:0;4:0;5:0;6:0;7:0;8:0;9:0;10:0;11:0;12:0;13:0;14:0;15:0;16:0;17:0;18:0;19:0
H-under: r=3 minus r=5,3,5,UMP_Q_F_dim_U,20,1.95,0.127733274731701,0.028562028528873965,68.27246174159876,0.0,1.8902189872463717,2.009781012753628,0:2;1:2;2:1.96;3:2;4:2;5:2;6:1.72;7:2;8:2;9:1.96;10:2;11:1.96;12:2;13:2;14:1.48;15:2;16:2;17:2;18:1.92;19:2
H-under: r=3 minus r=5,3,5,UMP_Q_F_excess_capture,20,0.37012008847820504,0.003678712646106032,0.0008225851546381215,449.94744482233136,0.0,0.3683983979627483,0.3718417789936618,0:0.3699334407;1:0.3734131874;2:0.3707233148;3:0.3590079322;4:0.3689253004;5:0.3688024922;6:0.3750913595;7:0.3719136191;8:0.3690527877;9:0.3725017434;10:0.3677409863;11:0.3712394305;12:0.3686902673;13:0.3659216907;14:0.3765243098;15:0.3679196659;16:0.3716100035;17:0.3694295927;18:0.3730847732;19:0.3708758722
H-under: r=3 minus r=5,3,5,UMP_Q_F_excess_purity,20,0.48363825562261403,0.007225477227461435,0.001615665825048048,299.3430003436702,0.0,0.4802566281869031,0.48701988305832494,0:0.4844873945;1:0.4910691432;2:0.4863686373;3:0.4589517583;4:0.4813300247;5:0.483807761;6:0.4886827525;7:0.4881798184;8:0.4813308877;9:0.4882593244;10:0.4796891314;11:0.4870295143;12:0.4838027183;13:0.4732677688;14:0.4887858481;15:0.479165177;16:0.4877858256;17:0.4844576648;18:0.488908673;19:0.4874052892
H-under: r=3 minus r=5,3,5,UMP_Q_F_expected_random_capture,20,0.019500000000000003,0.0012773327473170107,0.0002856202852887398,68.27246174159873,0.0,0.01890218987246372,0.020097810127536288,0:0.02;1:0.02;2:0.0196;3:0.02;4:0.02;5:0.02;6:0.0172;7:0.02;8:0.02;9:0.0196;10:0.02;11:0.0196;12:0.02;13:0.02;14:0.0148;15:0.02;16:0.02;17:0.02;18:0.0192;19:0.02
H-under: r=3 minus r=5,3,5,UMP_Q_F_expected_random_purity,20,0.0,0.0,0.0,,,0.0,0.0,0:0;1:0;2:0;3:0;4:0;5:0;6:0;7:0;8:0;9:0;10:0;11:0;12:0;13:0;14:0;15:0;16:0;17:0;18:0;19:0
H-under: r=3 minus r=5,3,5,UMP_Q_F_largest_canonical_correlation,20,0.893540359640119,0.04581804783340996,0.010245226955184162,87.21528215516796,0.0,0.8720968531800466,0.9149838661001914,0:0.8898257981;1:0.94987134;2:0.9233711934;3:0.7693656778;4:0.8634339402;5:0.9036283173;6:0.9059437737;7:0.9135184863;8:0.8528205828;9:0.9166061814;10:0.8636655301;11:0.9248545561;12:0.9035908316;13:0.8085469321;14:0.9504000746;15:0.8580820125;16:0.9124373417;17:0.9030075859;18:0.9282666339;19:0.9295704032
H-under: r=3 minus r=5,3,5,UMP_Q_F_purity,20,0.4836382556226141,0.007225477227461439,0.0016156658250480486,299.3430003436701,0.0,0.4802566281869031,0.48701988305832505,0:0.4844873945;1:0.4910691432;2:0.4863686373;3:0.4589517583;4:0.4813300247;5:0.483807761;6:0.4886827525;7:0.4881798184;8:0.4813308877;9:0.4882593244;10:0.4796891314;11:0.4870295143;12:0.4838027183;13:0.4732677688;14:0.4887858481;15:0.479165177;16:0.4877858256;17:0.4844576648;18:0.488908673;19:0.4874052892
H-under: r=3 minus r=5,3,5,UMP_Q_F_shared_energy,20,1.9481004423910253,0.01562958202787809,0.0034948807874244426,557.4154201198608,0.0,1.9407855728356567,1.955415311946394,0:1.949667203;1:1.967065937;2:1.951616574;3:1.895039661;4:1.944626502;5:1.944012461;6:1.961456798;7:1.959568096;8:1.945263939;9:1.960508717;10:1.938704931;11:1.954197153;12:1.943451336;13:1.929608454;14:1.956621549;15:1.93959833;16:1.958050017;17:1.947147963;18:1.961423866;19:1.954379361
H-under: r=3 minus r=5,3,5,UMP_Q_F_smallest_principal_angle,20,-1.3493672760432833,0.05169760466674104,0.011559935830874331,-116.72792096642844,0.0,-1.3735624998047193,-1.3251720522818473,0:-1.343216366;1:-1.425329253;2:-1.379688728;3:-1.218957391;4:-1.317777875;5:-1.338715059;6:-1.366650811;7:-1.369121378;8:-1.300649045;9:-1.393368797;10:-1.312300639;11:-1.374573468;12:-1.336775042;13:-1.268017876;14:-1.415254049;15:-1.300664453;16:-1.379051681;17:-1.353607045;18:-1.401062987;19:-1.392563577
H-under: r=3 minus r=5,3,5,UMP_Q_F_unique_capture,20,0.37080000720103473,0.011639702091591141,0.0026027165114644274,142.46653662346148,0.0,0.36535245893573415,0.3762475554663353,0:0.3641503063;1:0.3854465093;2:0.3612704865;3:0.3417623569;4:0.3586574174;5:0.3774158001;6:0.3699094741;7:0.3875355453;8:0.3720843959;9:0.3858979005;10:0.3677530328;11:0.3813489602;12:0.3750044557;13:0.3591400021;14:0.3642949871;15:0.3620039268;16:0.3762283838;17:0.3791124865;18:0.3827874505;19:0.364196266
H-under: r=3 minus r=5,3,5,UMP_Q_F_unique_dim_Q,20,0.0,0.0,0.0,,,0.0,0.0,0:0;1:0;2:0;3:0;4:0;5:0;6:0;7:0;8:0;9:0;10:0;11:0;12:0;13:0;14:0;15:0;16:0;17:0;18:0;19:0
H-under: r=3 minus r=5,3,5,UMP_Q_F_unique_dim_U,20,1.95,0.127733274731701,0.028562028528873965,68.27246174159876,0.0,1.8902189872463717,2.009781012753628,0:2;1:2;2:1.96;3:2;4:2;5:2;6:1.72;7:2;8:2;9:1.96;10:2;11:1.96;12:2;13:2;14:1.48;15:2;16:2;17:2;18:1.92;19:2
H-under: r=3 minus r=5,3,5,UMP_Q_F_unique_excess_capture,20,0.3513000072010347,0.011618055835340856,0.0025978762614210257,135.22584290018312,0.0,0.3458625896955043,0.3567374247065651,0:0.3441503063;1:0.3654465093;2:0.3416704865;3:0.3217623569;4:0.3386574174;5:0.3574158001;6:0.3527094741;7:0.3675355453;8:0.3520843959;9:0.3662979005;10:0.3477530328;11:0.3617489602;12:0.3550044557;13:0.3391400021;14:0.3494949871;15:0.3420039268;16:0.3562283838;17:0.3591124865;18:0.3635874505;19:0.344196266
H-under: r=3 minus r=5,3,5,UMP_Q_F_unique_excess_purity,20,0.43402787862696474,0.022808238489281433,0.005100077170906039,85.10221788464797,0.0,0.42335329442891995,0.4447024628250095,0:0.4152283829;1:0.4605870432;2:0.4132357495;3:0.3819065522;4:0.4117893617;5:0.4392075234;6:0.4304669832;7:0.4721305297;8:0.4259914012;9:0.4616600938;10:0.4262203413;11:0.4560782857;12:0.4425333825;13:0.4102654489;14:0.4271268305;15:0.419410275;16:0.4450440685;17:0.4616734847;18:0.4551647393;19:0.4248370954
H-under: r=3 minus r=5,3,5,UMP_Q_F_unique_expected_random_capture,20,0.019500000000000003,0.0012773327473170107,0.0002856202852887398,68.27246174159873,0.0,0.01890218987246372,0.020097810127536288,0:0.02;1:0.02;2:0.0196;3:0.02;4:0.02;5:0.02;6:0.0172;7:0.02;8:0.02;9:0.0196;10:0.02;11:0.0196;12:0.02;13:0.02;14:0.0148;15:0.02;16:0.02;17:0.02;18:0.0192;19:0.02
H-under: r=3 minus r=5,3,5,UMP_Q_F_unique_expected_random_purity,20,0.0,0.0,0.0,,,0.0,0.0,0:0;1:0;2:0;3:0;4:0;5:0;6:0;7:0;8:0;9:0;10:0;11:0;12:0;13:0;14:0;15:0;16:0;17:0;18:0;19:0
H-under: r=3 minus r=5,3,5,UMP_Q_F_unique_largest_canonical_correlation,20,0.6848520938346453,0.05819890905237642,0.013013671685744155,52.62558564350962,0.0,0.657614165960211,0.7120900217090795,0:0.6025667034;1:0.7162496181;2:0.6456013973;3:0.6320098456;4:0.6954088616;5:0.6754557504;6:0.5970315971;7:0.7812872958;8:0.6324188378;9:0.7633808381;10:0.694000423;11:0.7721043137;12:0.6775664712;13:0.655170627;14:0.6158305039;15:0.6559368566;16:0.7036149916;17:0.7861327449;18:0.7196608447;19:0.6756133547
H-under: r=3 minus r=5,3,5,UMP_Q_F_unique_purity,20,0.43402787862696474,0.022808238489281457,0.005100077170906044,85.10221788464789,0.0,0.42335329442891995,0.4447024628250095,0:0.4152283829;1:0.4605870432;2:0.4132357495;3:0.3819065522;4:0.4117893617;5:0.4392075234;6:0.4304669832;7:0.4721305297;8:0.4259914012;9:0.4616600938;10:0.4262203413;11:0.4560782857;12:0.4425333825;13:0.4102654489;14:0.4271268305;15:0.419410275;16:0.4450440685;17:0.4616734847;18:0.4551647393;19:0.4248370954
H-under: r=3 minus r=5,3,5,UMP_Q_F_unique_shared_energy,20,1.8540000360051736,0.058198510457955696,0.013013582557322134,142.4665366234615,0.0,1.8267622946786706,1.8812377773316766,0:1.820751532;1:1.927232547;2:1.806352433;3:1.708811785;4:1.793287087;5:1.887079;6:1.84954737;7:1.937677726;8:1.86042198;9:1.929489503;10:1.838765164;11:1.906744801;12:1.875022279;13:1.795700011;14:1.821474936;15:1.810019634;16:1.881141919;17:1.895562433;18:1.913937253;19:1.82098133
H-under: r=3 minus r=5,3,5,UMP_Q_F_unique_smallest_principal_angle,20,-1.1019455866103478,0.069311328272263,0.01549848416275831,-71.10021696562042,0.0,-1.1343842867698664,-1.0695068864508293,0:-1.013941181;1:-1.151602948;2:-1.044752347;3:-1.04230433;4:-1.089003839;5:-1.086316581;6:-1.017260792;7:-1.223100038;8:-1.064789747;9:-1.217316442;10:-1.105384937;11:-1.197037679;12:-1.094263632;13:-1.089047039;14:-1.005512846;15:-1.055439831;16:-1.117576354;17:-1.211692283;18:-1.152206223;19:-1.060362661
H-under: r=3 minus r=5,3,5,UMP_Q_P4_capture,20,0.014250211376655117,0.02437058938270252,0.005449429451145747,2.6149914416561533,0.017031124688182242,0.002844424452606251,0.025655998300703982,0:0.02026366034;1:-0.004731023162;2:0.02684873218;3:0.05703995285;4:0.03764589412;5:0.01369235594;6:-0.0001151844227;7:-0.01556695266;8:0.01005109185;9:-0.003510270022;10:0.03475534478;11:-0.002781199866;12:0.02202515514;13:0.04481089035;14:-0.04906886836;15:0.04083146952;16:0.00526892699;17:0.01968428371;18:-5.371833244e-05;19:0.02791368658
H-under: r=3 minus r=5,3,5,UMP_Q_P4_dim_Q,20,0.0,0.0,0.0,,,0.0,0.0,0:0;1:0;2:0;3:0;4:0;5:0;6:0;7:0;8:0;9:0;10:0;11:0;12:0;13:0;14:0;15:0;16:0;17:0;18:0;19:0
H-under: r=3 minus r=5,3,5,UMP_Q_P4_dim_U,20,1.95,0.127733274731701,0.028562028528873965,68.27246174159876,0.0,1.8902189872463717,2.009781012753628,0:2;1:2;2:1.96;3:2;4:2;5:2;6:1.72;7:2;8:2;9:1.96;10:2;11:1.96;12:2;13:2;14:1.48;15:2;16:2;17:2;18:1.92;19:2
H-under: r=3 minus r=5,3,5,UMP_Q_P4_excess_capture,20,-0.005249788623344867,0.0235483615248388,0.005265573712828016,-0.9970022090005703,0.331292321647622,-0.016270761064553732,0.005771183817863998,0:0.0002636603381;1:-0.02473102316;2:0.007248732185;3:0.03703995285;4:0.01764589412;5:-0.006307644056;6:-0.01731518442;7:-0.03556695266;8:-0.009948908154;9:-0.02311027002;10:0.01475534478;11:-0.02238119987;12:0.002025155139;13:0.02481089035;14:-0.06386886836;15:0.02083146952;16:-0.01473107301;17:-0.0003157162862;18:-0.01925371833;19:0.007913686584
H-under: r=3 minus r=5,3,5,UMP_Q_P4_excess_purity,20,-0.41787788520463326,0.03507112343765201,0.0078421416053876,-53.28619479627205,0.0,-0.43429167622278536,-0.40146409418648116,0:-0.4272122081;1:-0.4738996733;2:-0.3932974262;3:-0.3705667115;4:-0.4150237629;5:-0.4151474796;6:-0.3611980298;7:-0.4712580086;8:-0.4271220279;9:-0.4547817054;10:-0.3848869673;11:-0.4531875591;12:-0.4237054748;13:-0.396455562;14:-0.3455424494;15:-0.4209223013;16:-0.4456882754;17:-0.4424629537;18:-0.4304224044;19:-0.4047767237
H-under: r=3 minus r=5,3,5,UMP_Q_P4_expected_random_capture,20,0.019500000000000003,0.0012773327473170107,0.0002856202852887398,68.27246174159873,0.0,0.01890218987246372,0.020097810127536288,0:0.02;1:0.02;2:0.0196;3:0.02;4:0.02;5:0.02;6:0.0172;7:0.02;8:0.02;9:0.0196;10:0.02;11:0.0196;12:0.02;13:0.02;14:0.0148;15:0.02;16:0.02;17:0.02;18:0.0192;19:0.02
H-under: r=3 minus r=5,3,5,UMP_Q_P4_expected_random_purity,20,0.0,0.0,0.0,,,0.0,0.0,0:0;1:0;2:0;3:0;4:0;5:0;6:0;7:0;8:0;9:0;10:0;11:0;12:0;13:0;14:0;15:0;16:0;17:0;18:0;19:0
H-under: r=3 minus r=5,3,5,UMP_Q_P4_largest_canonical_correlation,20,0.0018879669382702192,0.017554316101925968,0.003925264410242559,0.48097828348678134,0.6360242025458054,-0.006327705892280122,0.01010363976882056,0:-0.00625241949;1:-0.01141317583;2:0.01213646028;3:0.04271914041;4:0.02045114039;5:0.01309009102;6:-0.01153757618;7:-0.02061719293;8:-0.008008874598;9:-0.01130169619;10:0.01996904487;11:-0.0097424102;12:0.01212379321;13:0.03408003636;14:0.001495728917;15:0.007576956884;16:-0.01585083347;17:-0.009651698956;18:-0.008811321662;19:-0.01269585407
H-under: r=3 minus r=5,3,5,UMP_Q_P4_purity,20,-0.41787788520463326,0.03507112343765197,0.007842141605387591,-53.286194796272106,0.0,-0.4342916762227853,-0.4014640941864812,0:-0.4272122081;1:-0.4738996733;2:-0.3932974262;3:-0.3705667115;4:-0.4150237629;5:-0.4151474796;6:-0.3611980298;7:-0.4712580086;8:-0.4271220279;9:-0.4547817054;10:-0.3848869673;11:-0.4531875591;12:-0.4237054748;13:-0.396455562;14:-0.3455424494;15:-0.4209223013;16:-0.4456882754;17:-0.4424629537;18:-0.4304224044;19:-0.4047767237
H-under: r=3 minus r=5,3,5,UMP_Q_P4_shared_energy,20,0.0570008455066204,0.09748235753081001,0.021797717804582974,2.614991441656152,0.017031124688182242,0.011377697810424962,0.10262399320281584,0:0.08105464135;1:-0.01892409265;2:0.1073949287;3:0.2281598114;4:0.1505835765;5:0.05476942378;6:-0.0004607376908;7:-0.06226781066;8:0.04020436739;9:-0.01404108009;10:0.1390213791;11:-0.01112479946;12:0.08810062055;13:0.1792435614;14:-0.1962754734;15:0.1633258781;16:0.02107570796;17:0.07873713486;18:-0.0002148733298;19:0.1116547463
H-under: r=3 minus r=5,3,5,UMP_Q_P4_smallest_principal_angle,20,-0.006202984595345984,0.06644087563527826,0.01485663144050917,-0.4175229506220688,0.6809761757200787,-0.03729827156780976,0.024892302377117793,0:0.02749309741;1:0.04929242173;2:-0.03998261265;3:-0.1446318349;4:-0.0901413903;5:-0.0422289746;6:0.04843273707;7:0.07107439838;8:0.02547144733;9:0.04472763631;10:-0.06967672784;11:0.03783257824;12:-0.04618780879;13:-0.1411454776;14:-0.004826503862;15:-0.03759393759;16:0.06120037632;17:0.04558196099;18:0.03418464612;19:0.04706427628
H-over: r=7 minus r=5,7,5,QR_Q_C_capture,20,0.41704117730121626,0.02006834429414978,0.004487418203758894,92.93566107831914,0.0,0.4076489030585594,0.42643345154387313,0:0.397440716;1:0.4319982562;2:0.3897695544;3:0.3905952677;4:0.4260067585;5:0.4275841744;6:0.4098086894;7:0.4468190818;8:0.3912182018;9:0.4319555005;10:0.4163821428;11:0.4159065597;12:0.4176058155;13:0.420053367;14:0.3822956015;15:0.4396137843;16:0.4162853098;17:0.4580169046;18:0.4249612749;19:0.4065065853
H-over: r=7 minus r=5,7,5,QR_Q_C_dim_Q,20,0.0,0.0,0.0,,,0.0,0.0,0:0;1:0;2:0;3:0;4:0;5:0;6:0;7:0;8:0;9:0;10:0;11:0;12:0;13:0;14:0;15:0;16:0;17:0;18:0;19:0
H-over: r=7 minus r=5,7,5,QR_Q_C_dim_U,20,2.0,0.0,0.0,,,2.0,2.0,0:2;1:2;2:2;3:2;4:2;5:2;6:2;7:2;8:2;9:2;10:2;11:2;12:2;13:2;14:2;15:2;16:2;17:2;18:2;19:2
H-over: r=7 minus r=5,7,5,QR_Q_C_excess_capture,20,0.3970411773012162,0.02006834429414978,0.004487418203758894,88.47875532720215,0.0,0.3876489030585593,0.40643345154387306,0:0.377440716;1:0.4119982562;2:0.3697695544;3:0.3705952677;4:0.4060067585;5:0.4075841744;6:0.3898086894;7:0.4268190818;8:0.3712182018;9:0.4119555005;10:0.3963821428;11:0.3959065597;12:0.3976058155;13:0.400053367;14:0.3622956015;15:0.4196137843;16:0.3962853098;17:0.4380169046;18:0.4049612749;19:0.3865065853
H-over: r=7 minus r=5,7,5,QR_Q_C_excess_purity,20,0.16596056397961742,0.011756099432341998,0.0026287437480963394,63.13303230860797,0.0,0.16045854008197644,0.1714625878772584,0:0.1583485408;1:0.1720583846;2:0.1512425206;3:0.1502146699;4:0.1642983386;5:0.1733797861;6:0.1597905743;7:0.1884105754;8:0.1527694062;9:0.1752724713;10:0.1663630017;11:0.1683136532;12:0.1684027092;13:0.1664803771;14:0.1448393074;15:0.1747918666;16:0.1664794697;17:0.1908335039;18:0.1678298905;19:0.1590922323
H-over: r=7 minus r=5,7,5,QR_Q_C_expected_random_capture,20,0.02,3.5595774664122295e-18,7.959457186074219e-19,2.512734164208055e+16,0.0,0.02,0.02,0:0.02;1:0.02;2:0.02;3:0.02;4:0.02;5:0.02;6:0.02;7:0.02;8:0.02;9:0.02;10:0.02;11:0.02;12:0.02;13:0.02;14:0.02;15:0.02;16:0.02;17:0.02;18:0.02;19:0.02
H-over: r=7 minus r=5,7,5,QR_Q_C_expected_random_purity,20,0.0,0.0,0.0,,,0.0,0.0,0:0;1:0;2:0;3:0;4:0;5:0;6:0;7:0;8:0;9:0;10:0;11:0;12:0;13:0;14:0;15:0;16:0;17:0;18:0;19:0
H-over: r=7 minus r=5,7,5,QR_Q_C_full_capture,20,0.4366482857924039,0.0147389812231226,0.0032957363933995127,132.48883820529298,0.0,0.42975023024403,0.4435463413407778,0:0.4382540622;1:0.4580486752;2:0.423491841;3:0.4180811615;4:0.4416255016;5:0.419773139;6:0.4239492146;7:0.4459600476;8:0.4308909756;9:0.4589081337;10:0.4162211661;11:0.4526025427;12:0.4338488434;13:0.4378233292;14:0.4148299894;15:0.4536901499;16:0.4420766311;17:0.4570861213;18:0.4412757495;19:0.4245284411
H-over: r=7 minus r=5,7,5,QR_Q_C_full_dim_Q,20,0.0,0.0,0.0,,,0.0,0.0,0:0;1:0;2:0;3:0;4:0;5:0;6:0;7:0;8:0;9:0;10:0;11:0;12:0;13:0;14:0;15:0;16:0;17:0;18:0;19:0
H-over: r=7 minus r=5,7,5,QR_Q_C_full_dim_U,20,2.0,0.0,0.0,,,2.0,2.0,0:2;1:2;2:2;3:2;4:2;5:2;6:2;7:2;8:2;9:2;10:2;11:2;12:2;13:2;14:2;15:2;16:2;17:2;18:2;19:2
H-over: r=7 minus r=5,7,5,QR_Q_C_full_excess_capture,20,0.41664828579240387,0.014738981223122578,0.003295736393399508,126.42039169966405,0.0,0.40975023024402996,0.4235463413407778,0:0.4182540622;1:0.4380486752;2:0.403491841;3:0.3980811615;4:0.4216255016;5:0.399773139;6:0.4039492146;7:0.4259600476;8:0.4108909756;9:0.4389081337;10:0.3962211661;11:0.4326025427;12:0.4138488434;13:0.4178233292;14:0.3948299894;15:0.4336901499;16:0.4220766311;17:0.4370861213;18:0.4212757495;19:0.4045284411
H-over: r=7 minus r=5,7,5,QR_Q_C_full_excess_purity,20,0.23326776918573516,0.01068773659224723,0.002389850554587676,97.60768042082914,0.0,0.22826575448854222,0.2382697838829281,0:0.2365370347;1:0.2464137101;2:0.2249498242;3:0.2171183361;4:0.2305816689;5:0.2246552264;6:0.2242150423;7:0.2464144626;8:0.2304392468;9:0.2497652561;10:0.2204607138;11:0.2471492611;12:0.2297379871;13:0.2338761791;14:0.2172445807;15:0.2393383044;16:0.2393956091;17:0.2490056292;18:0.2343283462;19:0.2237289648
H-over: r=7 minus r=5,7,5,QR_Q_C_full_expected_random_capture,20,0.02,3.5595774664122295e-18,7.959457186074219e-19,2.512734164208055e+16,0.0,0.02,0.02,0:0.02;1:0.02;2:0.02;3:0.02;4:0.02;5:0.02;6:0.02;7:0.02;8:0.02;9:0.02;10:0.02;11:0.02;12:0.02;13:0.02;14:0.02;15:0.02;16:0.02;17:0.02;18:0.02;19:0.02
H-over: r=7 minus r=5,7,5,QR_Q_C_full_expected_random_purity,20,0.0,0.0,0.0,,,0.0,0.0,0:0;1:0;2:0;3:0;4:0;5:0;6:0;7:0;8:0;9:0;10:0;11:0;12:0;13:0;14:0;15:0;16:0;17:0;18:0;19:0
H-over: r=7 minus r=5,7,5,QR_Q_C_full_largest_canonical_correlation,20,0.5676624018469465,0.04607358583346528,0.010302366989079968,55.10019226151062,0.0,0.5460992999214604,0.5892255037724325,0:0.5654734425;1:0.5621630201;2:0.5549782896;3:0.5126565968;4:0.5471452332;5:0.5896211798;6:0.5036899276;7:0.6303537517;8:0.5779950696;9:0.6585518697;10:0.5437197345;11:0.6376742478;12:0.5377623246;13:0.5926630166;14:0.5582490017;15:0.4778162163;16:0.6073810346;17:0.6067322778;18:0.5596107703;19:0.5290110321
H-over: r=7 minus r=5,7,5,QR_Q_C_full_purity,20,0.23326776918573516,0.010687736592247235,0.002389850554587677,97.60768042082911,0.0,0.22826575448854222,0.2382697838829281,0:0.2365370347;1:0.2464137101;2:0.2249498242;3:0.2171183361;4:0.2305816689;5:0.2246552264;6:0.2242150423;7:0.2464144626;8:0.2304392468;9:0.2497652561;10:0.2204607138;11:0.2471492611;12:0.2297379871;13:0.2338761791;14:0.2172445807;15:0.2393383044;16:0.2393956091;17:0.2490056292;18:0.2343283462;19:0.2237289648
H-over: r=7 minus r=5,7,5,QR_Q_C_full_shared_energy,20,1.7465931431696156,0.05895592489249027,0.013182945573598021,132.4888382052933,0.0,1.71900092097612,1.7741853653631112,0:1.753016249;1:1.832194701;2:1.693967364;3:1.672324646;4:1.766502007;5:1.679092556;6:1.695796859;7:1.78384019;8:1.723563903;9:1.835632535;10:1.664884664;11:1.810410171;12:1.735395374;13:1.751293317;14:1.659319958;15:1.8147606;16:1.768306524;17:1.828344485;18:1.765102998;19:1.698113764
H-over: r=7 minus r=5,7,5,QR_Q_C_full_smallest_principal_angle,20,-0.9535096599118127,0.0522151244186827,0.01167565676537837,-81.66646888243915,0.0,-0.9779470903727642,-0.9290722294508612,0:-0.9646914716;1:-0.9443960899;2:-0.9302733681;3:-0.8928880765;4:-0.9385941465;5:-0.964575322;6:-0.8711605664;7:-1.024754211;8:-0.9661056948;9:-1.054547766;10:-0.9201138247;11:-1.025117762;12:-0.9163037243;13:-0.9918803382;14:-0.9348716787;15:-0.8775917611;16:-0.9939735381;17:-1.015861321;18:-0.9528067777;19:-0.8896857597
H-over: r=7 minus r=5,7,5,QR_Q_C_largest_canonical_correlation,20,0.6083738938255336,0.06277540599966519,0.01403700751303995,43.34071156265842,0.0,0.5789940994488315,0.6377536882022358,0:0.5668875946;1:0.5748848849;2:0.5681803919;3:0.5449351696;4:0.5768615504;5:0.6563527262;6:0.5372633207;7:0.7704286753;8:0.5789364949;9:0.6663017907;10:0.6280811342;11:0.6422644445;12:0.6404084656;13:0.5944631683;14:0.5632126812;15:0.5611622241;16:0.6175769575;17:0.7397614908;18:0.5597327393;19:0.5797819718
H-over: r=7 minus r=5,7,5,QR_Q_C_purity,20,0.16596056397961742,0.011756099432342019,0.002628743748096344,63.13303230860786,0.0,0.16045854008197644,0.1714625878772584,0:0.1583485408;1:0.1720583846;2:0.1512425206;3:0.1502146699;4:0.1642983386;5:0.1733797861;6:0.1597905743;7:0.1884105754;8:0.1527694062;9:0.1752724713;10:0.1663630017;11:0.1683136532;12:0.1684027092;13:0.1664803771;14:0.1448393074;15:0.1747918666;16:0.1664794697;17:0.1908335039;18:0.1678298905;19:0.1590922323
H-over: r=7 minus r=5,7,5,QR_Q_C_shared_energy,20,1.2511235319036484,0.06020503288244939,0.013462254611276694,92.93566107831904,0.0,1.2229467091756778,1.279300354631619,0:1.192322148;1:1.295994769;2:1.169308663;3:1.171785803;4:1.278020276;5:1.282752523;6:1.229426068;7:1.340457245;8:1.173654605;9:1.295866501;10:1.249146428;11:1.247719679;12:1.252817446;13:1.260160101;14:1.146886804;15:1.318841353;16:1.248855929;17:1.374050714;18:1.274883825;19:1.219519756
H-over: r=7 minus r=5,7,5,QR_Q_C_smallest_principal_angle,20,-0.9903208900463941,0.06641044565572152,0.01484982709022489,-66.68905193504152,0.0,-1.0214019353500383,-0.9592398447427499,0:-0.9646962238;1:-0.9560516117;2:-0.9412838846;3:-0.9233808074;4:-0.9587493256;5:-1.028396456;6:-0.9080199786;7:-1.138240485;8:-0.966758392;9:-1.061370221;10:-1.006436352;11:-1.028477739;12:-1.018956065;13:-0.9831807711;14:-0.916049851;15:-0.9669653869;16:-1.003093626;17:-1.148849012;18:-0.9505416965;19:-0.936919915
H-over: r=7 minus r=5,7,5,QR_Q_C_unique_capture,20,0.4534215763752619,0.012068493386117861,0.0026985971597366155,168.02121603786026,0.0,0.4477733476067754,0.45906980514374846,0:0.4474976958;1:0.4594446511;2:0.4406419813;3:0.4328846242;4:0.467952786;5:0.4681016792;6:0.4603098391;7:0.4602147646;8:0.4370650636;9:0.4582219746;10:0.4533956568;11:0.4423116548;12:0.4487761939;13:0.4581659901;14:0.4377762717;15:0.4745975423;16:0.4491349837;17:0.4715226286;18:0.4562341446;19:0.4441814015
H-over: r=7 minus r=5,7,5,QR_Q_C_unique_dim_Q,20,0.0,0.0,0.0,,,0.0,0.0,0:0;1:0;2:0;3:0;4:0;5:0;6:0;7:0;8:0;9:0;10:0;11:0;12:0;13:0;14:0;15:0;16:0;17:0;18:0;19:0
H-over: r=7 minus r=5,7,5,QR_Q_C_unique_dim_U,20,2.0,0.0,0.0,,,2.0,2.0,0:2;1:2;2:2;3:2;4:2;5:2;6:2;7:2;8:2;9:2;10:2;11:2;12:2;13:2;14:2;15:2;16:2;17:2;18:2;19:2
H-over: r=7 minus r=5,7,5,QR_Q_C_unique_excess_capture,20,0.4334215763752618,0.012068493386117882,0.00269859715973662,160.60995795962495,0.0,0.4277733476067752,0.4390698051437484,0:0.4274976958;1:0.4394446511;2:0.4206419813;3:0.4128846242;4:0.447952786;5:0.4481016792;6:0.4403098391;7:0.4402147646;8:0.4170650636;9:0.4382219746;10:0.4333956568;11:0.4223116548;12:0.4287761939;13:0.4381659901;14:0.4177762717;15:0.4545975423;16:0.4291349837;17:0.4515226286;18:0.4362341446;19:0.4241814015
H-over: r=7 minus r=5,7,5,QR_Q_C_unique_excess_purity,20,0.19373418657251218,0.0052741484017841,0.001179335434981112,164.27403165038876,0.0,0.1912658091388807,0.19620256400614366,0:0.1911565207;1:0.1968161426;2:0.1885627479;3:0.183198096;4:0.1996034809;5:0.2002623881;6:0.1968684581;7:0.1969315317;8:0.1863995456;9:0.1961043907;10:0.1935099896;11:0.1893363802;12:0.1918712636;13:0.1949870716;14:0.1874850763;15:0.2023279633;16:0.1921143837;17:0.2016735164;18:0.1952979972;19:0.1901767872
H-over: r=7 minus r=5,7,5,QR_Q_C_unique_expected_random_capture,20,0.02,3.5595774664122295e-18,7.959457186074219e-19,2.512734164208055e+16,0.0,0.02,0.02,0:0.02;1:0.02;2:0.02;3:0.02;4:0.02;5:0.02;6:0.02;7:0.02;8:0.02;9:0.02;10:0.02;11:0.02;12:0.02;13:0.02;14:0.02;15:0.02;16:0.02;17:0.02;18:0.02;19:0.02
H-over: r=7 minus r=5,7,5,QR_Q_C_unique_expected_random_purity,20,0.0,0.0,0.0,,,0.0,0.0,0:0;1:0;2:0;3:0;4:0;5:0;6:0;7:0;8:0;9:0;10:0;11:0;12:0;13:0;14:0;15:0;16:0;17:0;18:0;19:0
H-over: r=7 minus r=5,7,5,QR_Q_C_unique_largest_canonical_correlation,20,0.8923300372179324,0.036899708844986785,0.00825102573273407,108.14777048601553,0.0,0.8750604418857784,0.9095996325500864,0:0.8822766379;1:0.9446561639;2:0.9118681751;3:0.7944144924;4:0.8580821547;5:0.9088921362;6:0.8947184851;7:0.9051075135;8:0.8578572363;9:0.9170825073;10:0.8749210189;11:0.9257386206;12:0.8914313842;13:0.8326256848;14:0.9293231715;15:0.8613364783;16:0.9035800537;17:0.9040500096;18:0.9275107085;19:0.9211281117
H-over: r=7 minus r=5,7,5,QR_Q_C_unique_purity,20,0.19373418657251226,0.00527414840178409,0.0011793354349811096,164.27403165038916,0.0,0.19126580913888078,0.19620256400614375,0:0.1911565207;1:0.1968161426;2:0.1885627479;3:0.183198096;4:0.1996034809;5:0.2002623881;6:0.1968684581;7:0.1969315317;8:0.1863995456;9:0.1961043907;10:0.1935099896;11:0.1893363802;12:0.1918712636;13:0.1949870716;14:0.1874850763;15:0.2023279633;16:0.1921143837;17:0.2016735164;18:0.1952979972;19:0.1901767872
H-over: r=7 minus r=5,7,5,QR_Q_C_unique_shared_energy,20,1.360264729125786,0.036205480158353606,0.00809579147920985,168.0212160378602,0.0,1.3433200428203265,1.3772094154312458,0:1.342493087;1:1.378333953;2:1.321925944;3:1.298653873;4:1.403858358;5:1.404305038;6:1.380929517;7:1.380644294;8:1.311195191;9:1.374665924;10:1.36018697;11:1.326934964;12:1.346328582;13:1.37449797;14:1.313328815;15:1.423792627;16:1.347404951;17:1.414567886;18:1.368702434;19:1.332544204
H-over: r=7 minus r=5,7,5,QR_Q_C_unique_smallest_principal_angle,20,-1.278294599667474,0.0356583724896731,0.007973454485391747,-160.31879306634926,0.0,-1.2949832317021284,-1.2616059676328195,0:-1.285116748;1:-1.332981783;2:-1.289284496;3:-1.181400785;4:-1.248310118;5:-1.280208118;6:-1.268428286;7:-1.27332018;8:-1.251353997;9:-1.313919147;10:-1.256094528;11:-1.315696082;12:-1.268698256;13:-1.228506855;14:-1.277754465;15:-1.275610267;16:-1.292454621;17:-1.314961628;18:-1.328852033;19:-1.2829396
H-over: r=7 minus r=5,7,5,QR_Q_F_capture,20,0.002624244360573691,0.002612157217628292,0.0005840961106533572,4.4928297119429,0.0002492068578416884,0.001401717150889904,0.003846771570257478,0:0.002355520615;1:0.0004714897733;2:0.001209092217;3:0.01177787257;4:0.003664595833;5:0.001640421493;6:0.001703047297;7:0.00138016624;8:0.003758775959;9:0.001553996491;10:0.003864013573;11:0.001209150827;12:0.001545920568;13:0.006171619881;14:0.0003997055552;15:0.004398984889;16:0.001554451292;17:0.001676367324;18:0.001212699957;19:0.0009369948609
H-over: r=7 minus r=5,7,5,QR_Q_F_dim_Q,20,0.0,0.0,0.0,,,0.0,0.0,0:0;1:0;2:0;3:0;4:0;5:0;6:0;7:0;8:0;9:0;10:0;11:0;12:0;13:0;14:0;15:0;16:0;17:0;18:0;19:0
H-over: r=7 minus r=5,7,5,QR_Q_F_dim_U,20,2.0,0.0,0.0,,,2.0,2.0,0:2;1:2;2:2;3:2;4:2;5:2;6:2;7:2;8:2;9:2;10:2;11:2;12:2;13:2;14:2;15:2;16:2;17:2;18:2;19:2
H-over: r=7 minus r=5,7,5,QR_Q_F_excess_capture,20,-0.017375755639426275,0.0026121572176283025,0.0005840961106533596,-29.748110495017784,0.0,-0.018598282849110068,-0.016153228429742483,0:-0.01764447938;1:-0.01952851023;2:-0.01879090778;3:-0.008222127433;4:-0.01633540417;5:-0.01835957851;6:-0.0182969527;7:-0.01861983376;8:-0.01624122404;9:-0.01844600351;10:-0.01613598643;11:-0.01879084917;12:-0.01845407943;13:-0.01382838012;14:-0.01960029444;15:-0.01560101511;16:-0.01844554871;17:-0.01832363268;18:-0.01878730004;19:-0.01906300514
H-over: r=7 minus r=5,7,5,QR_Q_F_excess_purity,20,-0.28230754613589054,0.0026618560630264454,0.0005952091103247096,-474.2997733718841,0.0,-0.2835533331212031,-0.28106175915057796,0:-0.2826667853;1:-0.2845284046;2:-0.2837200504;3:-0.2729171222;4:-0.2811918034;5:-0.2832714147;6:-0.2833391962;7:-0.2835261791;8:-0.2811833752;9:-0.2833390822;10:-0.2810815882;11:-0.2836649873;12:-0.2833817722;13:-0.2787518568;14:-0.284487393;15:-0.2805745237;16:-0.2833894319;17:-0.2832660836;18:-0.2837724771;19:-0.2840973955
H-over: r=7 minus r=5,7,5,QR_Q_F_expected_random_capture,20,0.02,3.5595774664122295e-18,7.959457186074219e-19,2.512734164208055e+16,0.0,0.02,0.02,0:0.02;1:0.02;2:0.02;3:0.02;4:0.02;5:0.02;6:0.02;7:0.02;8:0.02;9:0.02;10:0.02;11:0.02;12:0.02;13:0.02;14:0.02;15:0.02;16:0.02;17:0.02;18:0.02;19:0.02
H-over: r=7 minus r=5,7,5,QR_Q_F_expected_random_purity,20,0.0,0.0,0.0,,,0.0,0.0,0:0;1:0;2:0;3:0;4:0;5:0;6:0;7:0;8:0;9:0;10:0;11:0;12:0;13:0;14:0;15:0;16:0;17:0;18:0;19:0
H-over: r=7 minus r=5,7,5,QR_Q_F_largest_canonical_correlation,20,5.734359989637006e-05,3.2021206509935655e-05,7.160159447777491e-06,8.00870431931086,1.64909627287102e-07,4.235721393877318e-05,7.232998585396693e-05,0:3.431900225e-05;1:5.2715896e-05;2:3.261852685e-05;3:4.135731939e-05;4:2.396422492e-05;5:9.515427738e-05;6:0.000153733699;7:4.340581622e-05;8:2.917465178e-05;9:5.670363653e-05;10:4.539359747e-05;11:7.417656808e-05;12:4.517461668e-05;13:3.053696421e-05;14:4.473057793e-05;15:9.489206184e-05;16:5.398312546e-05;17:7.85773004e-05;18:8.907444406e-05;19:2.718569147e-05
H-over: r=7 minus r=5,7,5,QR_Q_F_purity,20,-0.2823075461358906,0.002661856063026445,0.0005952091103247095,-474.29977337188427,0.0,-0.2835533331212032,-0.281061759150578,0:-0.2826667853;1:-0.2845284046;2:-0.2837200504;3:-0.2729171222;4:-0.2811918034;5:-0.2832714147;6:-0.2833391962;7:-0.2835261791;8:-0.2811833752;9:-0.2833390822;10:-0.2810815882;11:-0.2836649873;12:-0.2833817722;13:-0.2787518568;14:-0.284487393;15:-0.2805745237;16:-0.2833894319;17:-0.2832660836;18:-0.2837724771;19:-0.2840973955
H-over: r=7 minus r=5,7,5,QR_Q_F_shared_energy,20,0.013121221802868366,0.01306078608814169,0.0029204805532668378,4.49282971194279,0.0002492068578416884,0.007008585754449322,0.01923385785128741,0:0.01177760308;1:0.002357448866;2:0.006045461084;3:0.05888936284;4:0.01832297917;5:0.008202107467;6:0.008515236487;7:0.006900831201;8:0.0187938798;9:0.007769982453;10:0.01932006786;11:0.006045754134;12:0.007729602839;13:0.0308580994;14:0.001998527776;15:0.02199492444;16:0.007772256458;17:0.00838183662;18:0.006063499783;19:0.004684974305
H-over: r=7 minus r=5,7,5,QR_Q_F_smallest_principal_angle,20,-0.001786833269214925,0.0009603729221146269,0.00021474591375984165,-8.32068577199195,9.302905090713409e-08,-0.002236301632300156,-0.001337364906129694,0:-0.001063472655;1:-0.001635713273;2:-0.0009813841761;3:-0.001317093735;4:-0.0009308099215;5:-0.002834877629;6:-0.004604979914;7:-0.001225764025;8:-0.0009729576026;9:-0.001614822887;10:-0.001367997471;11:-0.002344294386;12:-0.001534063179;13:-0.0009754546069;14:-0.001494384364;15:-0.00314716189;16:-0.001608931158;17:-0.00235605129;18:-0.002816338306;19:-0.0009101129167
H-over: r=7 minus r=5,7,5,QR_Q_P4_capture,20,0.4466664453827531,0.014565145317105477,0.0032568655031210577,137.14611332728114,0.0,0.43984974754274825,0.4534831432227579,0:0.4492300404;1:0.4698295829;2:0.4321257889;3:0.4286958185;4:0.4544143972;5:0.4308849344;6:0.4374876374;7:0.456207162;8:0.4385091027;9:0.4642778524;10:0.4219280633;11:0.4622473612;12:0.448351302;13:0.4455634045;14:0.4255114686;15:0.463240956;16:0.4501027259;17:0.4648779801;18:0.4539097173;19:0.4359336121
H-over: r=7 minus r=5,7,5,QR_Q_P4_dim_Q,20,0.0,0.0,0.0,,,0.0,0.0,0:0;1:0;2:0;3:0;4:0;5:0;6:0;7:0;8:0;9:0;10:0;11:0;12:0;13:0;14:0;15:0;16:0;17:0;18:0;19:0
H-over: r=7 minus r=5,7,5,QR_Q_P4_dim_U,20,2.0,0.0,0.0,,,2.0,2.0,0:2;1:2;2:2;3:2;4:2;5:2;6:2;7:2;8:2;9:2;10:2;11:2;12:2;13:2;14:2;15:2;16:2;17:2;18:2;19:2
H-over: r=7 minus r=5,7,5,QR_Q_P4_excess_capture,20,0.426666445382753,0.014565145317105468,0.0032568655031210555,131.00523953902254,0.0,0.4198497475427482,0.4334831432227578,0:0.4292300404;1:0.4498295829;2:0.4121257889;3:0.4086958185;4:0.4344143972;5:0.4108849344;6:0.4174876374;7:0.436207162;8:0.4185091027;9:0.4442778524;10:0.4019280633;11:0.4422473612;12:0.428351302;13:0.4255634045;14:0.4055114686;15:0.443240956;16:0.4301027259;17:0.4448779801;18:0.4339097173;19:0.4159336121
H-over: r=7 minus r=5,7,5,QR_Q_P4_excess_purity,20,0.23882007546712458,0.010396825845744423,0.002324800934131127,102.72710749592905,0.0,0.23395421119027734,0.24368593974397182,0:0.2437345595;1:0.2533691012;2:0.2297650002;3:0.2240697372;4:0.2381356336;5:0.229757163;6:0.2309884761;7:0.2530037211;8:0.2351224417;9:0.2512039891;10:0.2220533833;11:0.2516016786;12:0.2380805503;13:0.23805634;14:0.2242295896;15:0.2453598484;16:0.2429424479;17:0.2524815437;18:0.2428508992;19:0.2295954056
H-over: r=7 minus r=5,7,5,QR_Q_P4_expected_random_capture,20,0.02,3.5595774664122295e-18,7.959457186074219e-19,2.512734164208055e+16,0.0,0.02,0.02,0:0.02;1:0.02;2:0.02;3:0.02;4:0.02;5:0.02;6:0.02;7:0.02;8:0.02;9:0.02;10:0.02;11:0.02;12:0.02;13:0.02;14:0.02;15:0.02;16:0.02;17:0.02;18:0.02;19:0.02
H-over: r=7 minus r=5,7,5,QR_Q_P4_expected_random_purity,20,0.0,0.0,0.0,,,0.0,0.0,0:0;1:0;2:0;3:0;4:0;5:0;6:0;7:0;8:0;9:0;10:0;11:0;12:0;13:0;14:0;15:0;16:0;17:0;18:0;19:0
H-over: r=7 minus r=5,7,5,QR_Q_P4_largest_canonical_correlation,20,0.5753466953049038,0.04084797189402645,0.009133884189804396,62.99036459725738,0.0,0.5562292559854639,0.5944641346243437,0:0.5769403041;1:0.5741363336;2:0.5803953068;3:0.5251868008;4:0.5554422941;5:0.5734736689;6:0.50427202;7:0.6645948189;8:0.5977468772;9:0.6214876461;10:0.5429904295;11:0.6305905662;12:0.5602461105;13:0.5979669656;14:0.5633044546;15:0.505909357;16:0.6038478632;17:0.5954763748;18:0.5975220153;19:0.535403699
H-over: r=7 minus r=5,7,5,QR_Q_P4_purity,20,0.23882007546712458,0.010396825845744423,0.002324800934131127,102.72710749592905,0.0,0.23395421119027734,0.24368593974397182,0:0.2437345595;1:0.2533691012;2:0.2297650002;3:0.2240697372;4:0.2381356336;5:0.229757163;6:0.2309884761;7:0.2530037211;8:0.2351224417;9:0.2512039891;10:0.2220533833;11:0.2516016786;12:0.2380805503;13:0.23805634;14:0.2242295896;15:0.2453598484;16:0.2429424479;17:0.2524815437;18:0.2428508992;19:0.2295954056
H-over: r=7 minus r=5,7,5,QR_Q_P4_shared_energy,20,1.7866657815310123,0.058260581268421874,0.013027462012484222,137.14611332728123,0.0,1.759398990170993,1.8139325728910316,0:1.796920161;1:1.879318332;2:1.728503156;3:1.714783274;4:1.817657589;5:1.723539738;6:1.749950549;7:1.824828648;8:1.754036411;9:1.85711141;10:1.687712253;11:1.848989445;12:1.793405208;13:1.782253618;14:1.702045874;15:1.852963824;16:1.800410903;17:1.85951192;18:1.815638869;19:1.743734448
H-over: r=7 minus r=5,7,5,QR_Q_P4_smallest_principal_angle,20,-1.00582559160131,0.04508847847365244,0.01008209028691228,-99.76359693058768,0.0,-1.0269276490905332,-0.9847235341120866,0:-1.027240062;1:-0.9988440849;2:-0.9930660981;3:-0.9570258088;4:-1.003670322;5:-0.9974388643;6:-0.9233452393;7:-1.092456641;8:-1.013232738;9:-1.060252583;10:-0.9730931827;11:-1.054489606;12:-0.9924967373;13:-1.049672944;14:-0.9622613988;15:-0.9589067775;16:-1.039519492;17:-1.039351506;18:-1.043833758;19:-0.9363139859
H-over: r=7 minus r=5,7,5,U4_Q_C_capture,20,-0.42557014061292353,0.026661529171296168,0.005961699161111186,-71.38403483841721,0.0,-0.4380481203622748,-0.41309216086357226,0:-0.4219218897;1:-0.4244727436;2:-0.3847334885;3:-0.4110112868;4:-0.4487061658;5:-0.4506740869;6:-0.4112349968;7:-0.4266803027;8:-0.3898289163;9:-0.4456047238;10:-0.4394306468;11:-0.4043755047;12:-0.4193490424;13:-0.4384812708;14:-0.3836874438;15:-0.4606502194;16:-0.4239583004;17:-0.489297753;18:-0.4355301322;19:-0.4017738977
H-over: r=7 minus r=5,7,5,U4_Q_C_dim_Q,20,0.0,0.0,0.0,,,0.0,0.0,0:0;1:0;2:0;3:0;4:0;5:0;6:0;7:0;8:0;9:0;10:0;11:0;12:0;13:0;14:0;15:0;16:0;17:0;18:0;19:0
H-over: r=7 minus r=5,7,5,U4_Q_C_dim_U,20,0.0,0.0,0.0,,,0.0,0.0,0:0;1:0;2:0;3:0;4:0;5:0;6:0;7:0;8:0;9:0;10:0;11:0;12:0;13:0;14:0;15:0;16:0;17:0;18:0;19:0
H-over: r=7 minus r=5,7,5,U4_Q_C_excess_capture,20,-0.42557014061292353,0.026661529171296126,0.005961699161111177,-71.3840348384173,0.0,-0.4380481203622748,-0.41309216086357226,0:-0.4219218897;1:-0.4244727436;2:-0.3847334885;3:-0.4110112868;4:-0.4487061658;5:-0.4506740869;6:-0.4112349968;7:-0.4266803027;8:-0.3898289163;9:-0.4456047238;10:-0.4394306468;11:-0.4043755047;12:-0.4193490424;13:-0.4384812708;14:-0.3836874438;15:-0.4606502194;16:-0.4239583004;17:-0.489297753;18:-0.4355301322;19:-0.4017738977
H-over: r=7 minus r=5,7,5,U4_Q_C_excess_purity,20,-0.3191776054596927,0.01999614687847212,0.004471274370833388,-71.38403483841724,0.0,-0.32853609027170616,-0.30981912064767925,0:-0.3164414173;1:-0.3183545577;2:-0.2885501164;3:-0.3082584651;4:-0.3365296243;5:-0.3380055652;6:-0.3084262476;7:-0.3200102271;8:-0.2923716872;9:-0.3342035428;10:-0.3295729851;11:-0.3032816285;12:-0.3145117818;13:-0.3288609531;14:-0.2877655828;15:-0.3454876645;16:-0.3179687253;17:-0.3669733147;18:-0.3266475992;19:-0.3013304233
H-over: r=7 minus r=5,7,5,U4_Q_C_expected_random_capture,20,0.0,0.0,0.0,,,0.0,0.0,0:0;1:0;2:0;3:0;4:0;5:0;6:0;7:0;8:0;9:0;10:0;11:0;12:0;13:0;14:0;15:0;16:0;17:0;18:0;19:0
H-over: r=7 minus r=5,7,5,U4_Q_C_expected_random_purity,20,0.0,0.0,0.0,,,0.0,0.0,0:0;1:0;2:0;3:0;4:0;5:0;6:0;7:0;8:0;9:0;10:0;11:0;12:0;13:0;14:0;15:0;16:0;17:0;18:0;19:0
H-over: r=7 minus r=5,7,5,U4_Q_C_full_capture,20,-0.44619033564667826,0.019129031524033925,0.0042773814831476254,-104.31389797814741,0.0,-0.4551429979807867,-0.4372376733125698,0:-0.4656140618;1:-0.4524377733;2:-0.4210943802;3:-0.4391881084;4:-0.4674275336;5:-0.4384516026;6:-0.4270348544;7:-0.4325900747;8:-0.4330914911;9:-0.4743674911;10:-0.4363028538;11:-0.4467984769;12:-0.4388497938;13:-0.453794276;14:-0.4175536019;15:-0.4766144995;16:-0.4496531424;17:-0.4807461704;18:-0.4513243089;19:-0.420872218
H-over: r=7 minus r=5,7,5,U4_Q_C_full_dim_Q,20,0.0,0.0,0.0,,,0.0,0.0,0:0;1:0;2:0;3:0;4:0;5:0;6:0;7:0;8:0;9:0;10:0;11:0;12:0;13:0;14:0;15:0;16:0;17:0;18:0;19:0
H-over: r=7 minus r=5,7,5,U4_Q_C_full_dim_U,20,0.0,0.0,0.0,,,0.0,0.0,0:0;1:0;2:0;3:0;4:0;5:0;6:0;7:0;8:0;9:0;10:0;11:0;12:0;13:0;14:0;15:0;16:0;17:0;18:0;19:0
H-over: r=7 minus r=5,7,5,U4_Q_C_full_excess_capture,20,-0.4461903356466781,0.019129031524033887,0.004277381483147617,-104.31389797814758,0.0,-0.45514299798078656,-0.43723767331256963,0:-0.4656140618;1:-0.4524377733;2:-0.4210943802;3:-0.4391881084;4:-0.4674275336;5:-0.4384516026;6:-0.4270348544;7:-0.4325900747;8:-0.4330914911;9:-0.4743674911;10:-0.4363028538;11:-0.4467984769;12:-0.4388497938;13:-0.453794276;14:-0.4175536019;15:-0.4766144995;16:-0.4496531424;17:-0.4807461704;18:-0.4513243089;19:-0.420872218
H-over: r=7 minus r=5,7,5,U4_Q_C_full_excess_purity,20,-0.4461903356466781,0.019129031524033887,0.004277381483147617,-104.31389797814758,0.0,-0.45514299798078656,-0.43723767331256963,0:-0.4656140618;1:-0.4524377733;2:-0.4210943802;3:-0.4391881084;4:-0.4674275336;5:-0.4384516026;6:-0.4270348544;7:-0.4325900747;8:-0.4330914911;9:-0.4743674911;10:-0.4363028538;11:-0.4467984769;12:-0.4388497938;13:-0.453794276;14:-0.4175536019;15:-0.4766144995;16:-0.4496531424;17:-0.4807461704;18:-0.4513243089;19:-0.420872218
H-over: r=7 minus r=5,7,5,U4_Q_C_full_expected_random_capture,20,0.0,0.0,0.0,,,0.0,0.0,0:0;1:0;2:0;3:0;4:0;5:0;6:0;7:0;8:0;9:0;10:0;11:0;12:0;13:0;14:0;15:0;16:0;17:0;18:0;19:0
H-over: r=7 minus r=5,7,5,U4_Q_C_full_expected_random_purity,20,0.0,0.0,0.0,,,0.0,0.0,0:0;1:0;2:0;3:0;4:0;5:0;6:0;7:0;8:0;9:0;10:0;11:0;12:0;13:0;14:0;15:0;16:0;17:0;18:0;19:0
H-over: r=7 minus r=5,7,5,U4_Q_C_full_largest_canonical_correlation,20,-0.45939712281173967,0.08025221045778758,0.01794493979282325,-25.60037136460425,2.220446049250313e-16,-0.49695631345302677,-0.42183793217045257,0:-0.348714105;1:-0.5761776907;2:-0.4713742087;3:-0.2878471798;4:-0.3956145582;5:-0.4077535841;6:-0.5613326493;7:-0.4651943822;8:-0.4862926661;9:-0.4454301334;10:-0.4022403751;11:-0.4230204136;12:-0.5361939452;13:-0.438657247;14:-0.3923212228;15:-0.5767119107;16:-0.4400609549;17:-0.4243995795;18:-0.558521647;19:-0.5500840028
H-over: r=7 minus r=5,7,5,U4_Q_C_full_purity,20,-0.44619033564667826,0.019129031524033925,0.0042773814831476254,-104.31389797814741,0.0,-0.4551429979807867,-0.4372376733125698,0:-0.4656140618;1:-0.4524377733;2:-0.4210943802;3:-0.4391881084;4:-0.4674275336;5:-0.4384516026;6:-0.4270348544;7:-0.4325900747;8:-0.4330914911;9:-0.4743674911;10:-0.4363028538;11:-0.4467984769;12:-0.4388497938;13:-0.453794276;14:-0.4175536019;15:-0.4766144995;16:-0.4496531424;17:-0.4807461704;18:-0.4513243089;19:-0.420872218
H-over: r=7 minus r=5,7,5,U4_Q_C_full_shared_energy,20,-1.7847613425867124,0.0765161260961357,0.017109525932590502,-104.31389797814737,0.0,-1.8205719919231462,-1.7489506932502785,0:-1.862456247;1:-1.809751093;2:-1.684377521;3:-1.756752434;4:-1.869710135;5:-1.753806411;6:-1.708139418;7:-1.730360299;8:-1.732365965;9:-1.897469964;10:-1.745211415;11:-1.787193908;12:-1.755399175;13:-1.815177104;14:-1.670214408;15:-1.906457998;16:-1.79861257;17:-1.922984682;18:-1.805297236;19:-1.683488872
H-over: r=7 minus r=5,7,5,U4_Q_C_full_smallest_principal_angle,20,0.7502002055292205,0.10784436870625955,0.024114733941774737,31.109619842399518,0.0,0.6997274873234306,0.8006729237350104,0:0.6370374979;1:0.9060326302;2:0.7408955709;3:0.494982255;4:0.6741103496;5:0.6578516261;6:0.8777068979;7:0.7648385233;8:0.765102252;9:0.7625518875;10:0.6628066208;11:0.7256216326;12:0.8199565517;13:0.7063906651;14:0.6370873602;15:0.9145147512;16:0.7419913929;17:0.7590622293;18:0.8760905276;19:0.8793728888
H-over: r=7 minus r=5,7,5,U4_Q_C_largest_canonical_correlation,20,-0.48077828050738586,0.0923877427233019,0.020658527301706458,-23.27263088437442,1.9984014443252818e-15,-0.5240170750785073,-0.4375394859362644,0:-0.311127906;1:-0.5903909642;2:-0.4793103755;3:-0.2900813018;4:-0.4586140608;5:-0.4142516829;6:-0.5946010275;7:-0.4915010247;8:-0.5060061406;9:-0.4523584592;10:-0.4182278151;11:-0.505574163;12:-0.6169773576;13:-0.5104826312;14:-0.3906929409;15:-0.5640228144;16:-0.4384387263;17:-0.4175585015;18:-0.5795750361;19:-0.5857726809
H-over: r=7 minus r=5,7,5,U4_Q_C_purity,20,-0.3191776054596927,0.019996146878472107,0.004471274370833386,-71.38403483841728,0.0,-0.32853609027170616,-0.30981912064767925,0:-0.3164414173;1:-0.3183545577;2:-0.2885501164;3:-0.3082584651;4:-0.3365296243;5:-0.3380055652;6:-0.3084262476;7:-0.3200102271;8:-0.2923716872;9:-0.3342035428;10:-0.3295729851;11:-0.3032816285;12:-0.3145117818;13:-0.3288609531;14:-0.2877655828;15:-0.3454876645;16:-0.3179687253;17:-0.3669733147;18:-0.3266475992;19:-0.3013304233
H-over: r=7 minus r=5,7,5,U4_Q_C_shared_energy,20,-1.2767104218387706,0.07998458751388841,0.01788509748333354,-71.38403483841728,0.0,-1.3141443610868244,-1.2392764825907168,0:-1.265765669;1:-1.273418231;2:-1.154200466;3:-1.233033861;4:-1.346118497;5:-1.352022261;6:-1.23370499;7:-1.280040908;8:-1.169486749;9:-1.336814171;10:-1.31829194;11:-1.213126514;12:-1.258047127;13:-1.315443812;14:-1.151062331;15:-1.381950658;16:-1.271874901;17:-1.467893259;18:-1.306590397;19:-1.205321693
H-over: r=7 minus r=5,7,5,U4_Q_C_smallest_principal_angle,20,0.739607181602884,0.11696873944666639,0.026155005264520716,28.277844876068965,0.0,0.6848641264410673,0.7943502367647006,0:0.5055774798;1:0.8894580334;2:0.7102205478;3:0.4852600279;4:0.7232939994;5:0.6409641292;6:0.8061567418;7:0.783540397;8:0.7423889627;9:0.7481095976;10:0.6804716169;11:0.813378663;12:0.875910247;13:0.7814869953;14:0.5866935684;15:0.8410874312;16:0.7123994111;17:0.7188896074;18:0.8933927848;19:0.8534633903
H-over: r=7 minus r=5,7,5,U4_Q_C_unique_capture,20,-0.46181815503577195,0.023008691472972676,0.005144899820688667,-89.76232213088177,0.0,-0.4725865541179941,-0.4510497559535498,0:-0.471744623;1:-0.4505533897;2:-0.432924979;3:-0.4537607876;4:-0.4913827868;5:-0.4914630617;6:-0.4611354185;7:-0.4406740863;8:-0.4333158802;9:-0.4716322793;10:-0.4776038707;11:-0.428165349;12:-0.4517164241;13:-0.4805200348;14:-0.43826948;15:-0.4972422726;16:-0.4541618792;17:-0.5025865183;18:-0.4666136045;19:-0.4408963752
H-over: r=7 minus r=5,7,5,U4_Q_C_unique_dim_Q,20,0.0,0.0,0.0,,,0.0,0.0,0:0;1:0;2:0;3:0;4:0;5:0;6:0;7:0;8:0;9:0;10:0;11:0;12:0;13:0;14:0;15:0;16:0;17:0;18:0;19:0
H-over: r=7 minus r=5,7,5,U4_Q_C_unique_dim_U,20,0.0,0.0,0.0,,,0.0,0.0,0:0;1:0;2:0;3:0;4:0;5:0;6:0;7:0;8:0;9:0;10:0;11:0;12:0;13:0;14:0;15:0;16:0;17:0;18:0;19:0
H-over: r=7 minus r=5,7,5,U4_Q_C_unique_excess_capture,20,-0.46181815503577195,0.02300869147297265,0.005144899820688661,-89.76232213088187,0.0,-0.47258655411799405,-0.45104975595354985,0:-0.471744623;1:-0.4505533897;2:-0.432924979;3:-0.4537607876;4:-0.4913827868;5:-0.4914630617;6:-0.4611354185;7:-0.4406740863;8:-0.4333158802;9:-0.4716322793;10:-0.4776038707;11:-0.428165349;12:-0.4517164241;13:-0.4805200348;14:-0.43826948;15:-0.4972422726;16:-0.4541618792;17:-0.5025865183;18:-0.4666136045;19:-0.4408963752
H-over: r=7 minus r=5,7,5,U4_Q_C_unique_excess_purity,20,-0.34636361627682893,0.017256518604729505,0.0038586748655164995,-89.76232213088177,0.0,-0.3544399155884955,-0.33828731696516234,0:-0.3538084673;1:-0.3379150423;2:-0.3246937343;3:-0.3403205907;4:-0.3685370901;5:-0.3685972963;6:-0.3458515639;7:-0.3305055647;8:-0.3249869102;9:-0.3537242095;10:-0.358202903;11:-0.3211240117;12:-0.3387873181;13:-0.3603900261;14:-0.32870211;15:-0.3729317045;16:-0.3406214094;17:-0.3769398887;18:-0.3499602033;19:-0.3306722814
H-over: r=7 minus r=5,7,5,U4_Q_C_unique_expected_random_capture,20,0.0,0.0,0.0,,,0.0,0.0,0:0;1:0;2:0;3:0;4:0;5:0;6:0;7:0;8:0;9:0;10:0;11:0;12:0;13:0;14:0;15:0;16:0;17:0;18:0;19:0
H-over: r=7 minus r=5,7,5,U4_Q_C_unique_expected_random_purity,20,0.0,0.0,0.0,,,0.0,0.0,0:0;1:0;2:0;3:0;4:0;5:0;6:0;7:0;8:0;9:0;10:0;11:0;12:0;13:0;14:0;15:0;16:0;17:0;18:0;19:0
H-over: r=7 minus r=5,7,5,U4_Q_C_unique_largest_canonical_correlation,20,-0.5063672378179985,0.09451496601739152,0.021134188890597,-23.959624873197328,1.1102230246251565e-15,-0.550601603536426,-0.4621328720995711,0:-0.3709178688;1:-0.6075101012;2:-0.5229291798;3:-0.2975078253;4:-0.452878991;5:-0.4558934249;6:-0.6664262642;7:-0.5108902387;8:-0.547243966;9:-0.4652307095;10:-0.4394860881;11:-0.5196651793;12:-0.6548927901;13:-0.5133841865;14:-0.4409245947;15:-0.5904612322;16:-0.4573446893;17:-0.4251602889;18:-0.5826944933;19:-0.6059026446
H-over: r=7 minus r=5,7,5,U4_Q_C_unique_purity,20,-0.34636361627682893,0.0172565186047295,0.0038586748655164986,-89.7623221308818,0.0,-0.3544399155884955,-0.33828731696516234,0:-0.3538084673;1:-0.3379150423;2:-0.3246937343;3:-0.3403205907;4:-0.3685370901;5:-0.3685972963;6:-0.3458515639;7:-0.3305055647;8:-0.3249869102;9:-0.3537242095;10:-0.358202903;11:-0.3211240117;12:-0.3387873181;13:-0.3603900261;14:-0.32870211;15:-0.3729317045;16:-0.3406214094;17:-0.3769398887;18:-0.3499602033;19:-0.3306722814
H-over: r=7 minus r=5,7,5,U4_Q_C_unique_shared_energy,20,-1.3854544651073157,0.06902607441891798,0.015434699462065988,-89.76232213088183,0.0,-1.417759662353982,-1.3531492678606494,0:-1.415233869;1:-1.351660169;2:-1.298774937;3:-1.361282363;4:-1.474148361;5:-1.474389185;6:-1.383406256;7:-1.322022259;8:-1.299947641;9:-1.414896838;10:-1.432811612;11:-1.284496047;12:-1.355149272;13:-1.441560105;14:-1.31480844;15:-1.491726818;16:-1.362485638;17:-1.507759555;18:-1.399840813;19:-1.322689126
H-over: r=7 minus r=5,7,5,U4_Q_C_unique_smallest_principal_angle,20,0.8571518551243089,0.11470393103904553,0.025648578708975387,33.419078103706376,0.0,0.8034687629250398,0.9108349473235781,0:0.701281785;1:0.9905186441;2:0.8778997044;3:0.5680577113;4:0.7933735018;5:0.7920170321;6:1.034915007;7:0.8603108888;8:0.9053269497;9:0.8303718359;10:0.7824141333;11:0.8889818928;12:1.016749002;13:0.8553755798;14:0.7668049936;15:0.9614585255;16:0.8118608409;17:0.7814289811;18:0.967971738;19:0.9559183559
H-over: r=7 minus r=5,7,5,U4_Q_F_capture,20,-0.0027110174692161117,0.002737927435964416,0.0006122191864278136,-4.428181163407178,0.0002886217349780118,-0.003992406952979782,-0.0014296279854524412,0:-0.002275083344;1:-0.0005376767988;2:-0.001209897192;3:-0.01188256573;4:-0.003818277619;5:-0.001713455344;6:-0.001688451067;7:-0.001292299205;8:-0.003971473968;9:-0.001492338754;10:-0.003960507002;11:-0.001193461309;12:-0.001619939258;13:-0.007280064156;14:-0.0004484749528;15:-0.00458677048;16:-0.001270312726;17:-0.001792886033;18:-0.001279604288;19:-0.000906810161
H-over: r=7 minus r=5,7,5,U4_Q_F_dim_Q,20,0.0,0.0,0.0,,,0.0,0.0,0:0;1:0;2:0;3:0;4:0;5:0;6:0;7:0;8:0;9:0;10:0;11:0;12:0;13:0;14:0;15:0;16:0;17:0;18:0;19:0
H-over: r=7 minus r=5,7,5,U4_Q_F_dim_U,20,0.0,0.0,0.0,,,0.0,0.0,0:0;1:0;2:0;3:0;4:0;5:0;6:0;7:0;8:0;9:0;10:0;11:0;12:0;13:0;14:0;15:0;16:0;17:0;18:0;19:0
H-over: r=7 minus r=5,7,5,U4_Q_F_excess_capture,20,-0.0027110174692161204,0.002737927435964413,0.000612219186427813,-4.428181163407197,0.0002886217349780118,-0.003992406952979789,-0.0014296279854524511,0:-0.002275083344;1:-0.0005376767988;2:-0.001209897192;3:-0.01188256573;4:-0.003818277619;5:-0.001713455344;6:-0.001688451067;7:-0.001292299205;8:-0.003971473968;9:-0.001492338754;10:-0.003960507002;11:-0.001193461309;12:-0.001619939258;13:-0.007280064156;14:-0.0004484749528;15:-0.00458677048;16:-0.001270312726;17:-0.001792886033;18:-0.001279604288;19:-0.000906810161
H-over: r=7 minus r=5,7,5,U4_Q_F_excess_purity,20,-0.0033887718365201496,0.0034224092949555166,0.0007652739830347662,-4.428181163407196,0.0002886217349780118,-0.004990508691224737,-0.001787034981815563,0:-0.00284385418;1:-0.0006720959985;2:-0.001512371491;3:-0.01485320716;4:-0.004772847023;5:-0.002141819179;6:-0.002110563834;7:-0.001615374006;8:-0.00496434246;9:-0.001865423442;10:-0.004950633752;11:-0.001491826636;12:-0.002024924073;13:-0.009100080195;14:-0.000560593691;15:-0.0057334631;16:-0.001587890908;17:-0.002241107541;18:-0.00159950536;19:-0.001133512701
H-over: r=7 minus r=5,7,5,U4_Q_F_expected_random_capture,20,0.0,0.0,0.0,,,0.0,0.0,0:0;1:0;2:0;3:0;4:0;5:0;6:0;7:0;8:0;9:0;10:0;11:0;12:0;13:0;14:0;15:0;16:0;17:0;18:0;19:0
H-over: r=7 minus r=5,7,5,U4_Q_F_expected_random_purity,20,0.0,0.0,0.0,,,0.0,0.0,0:0;1:0;2:0;3:0;4:0;5:0;6:0;7:0;8:0;9:0;10:0;11:0;12:0;13:0;14:0;15:0;16:0;17:0;18:0;19:0
H-over: r=7 minus r=5,7,5,U4_Q_F_largest_canonical_correlation,20,-0.0792553811399637,0.044041229229759206,0.00984791823703923,-8.047932490125119,1.5334842795589054e-07,-0.09986731089593262,-0.05864345138399477,0:-0.08309361459;1:-0.03002871431;2:-0.04989046507;3:-0.1982519512;4:-0.1100500753;5:-0.06815890029;6:-0.07299231892;7:-0.05461323737;8:-0.1213090999;9:-0.05953864449;10:-0.1065428241;11:-0.04757541422;12:-0.06182166795;13:-0.1635758784;14:-0.02614761263;15:-0.1099576708;16:-0.05748189342;17:-0.06901626332;18:-0.04792431721;19:-0.04713705931
H-over: r=7 minus r=5,7,5,U4_Q_F_purity,20,-0.003388771836520147,0.003422409294955517,0.0007652739830347663,-4.428181163407191,0.0002886217349780118,-0.004990508691224734,-0.0017870349818155601,0:-0.00284385418;1:-0.0006720959985;2:-0.001512371491;3:-0.01485320716;4:-0.004772847023;5:-0.002141819179;6:-0.002110563834;7:-0.001615374006;8:-0.00496434246;9:-0.001865423442;10:-0.004950633752;11:-0.001491826636;12:-0.002024924073;13:-0.009100080195;14:-0.000560593691;15:-0.0057334631;16:-0.001587890908;17:-0.002241107541;18:-0.00159950536;19:-0.001133512701
H-over: r=7 minus r=5,7,5,U4_Q_F_shared_energy,20,-0.013555087346080597,0.013689637179822068,0.0030610959321390654,-4.428181163407195,0.0002886217349780118,-0.019962034764898946,-0.007148139927262249,0:-0.01137541672;1:-0.002688383994;2:-0.006049485962;3:-0.05941282864;4:-0.01909138809;5:-0.008567276718;6:-0.008442255334;7:-0.006461496025;8:-0.01985736984;9:-0.00746169377;10:-0.01980253501;11:-0.005967306543;12:-0.008099696292;13:-0.03640032078;14:-0.002242374764;15:-0.0229338524;16:-0.006351563631;17:-0.008964430163;18:-0.006398021441;19:-0.004534050805
H-over: r=7 minus r=5,7,5,U4_Q_F_smallest_principal_angle,20,0.07955663900392637,0.04447993377485037,0.009946015555525425,7.998845221967238,1.679551895339415e-07,0.058739389200692896,0.10037388880715985,0:0.08327763315;1:0.03004534381;2:0.04994925966;3:0.2002119719;4:0.1104576064;5:0.06827188468;6:0.07310621291;7:0.05469855974;8:0.121794918;9:0.05962957086;10:0.1068993679;11:0.04762841242;12:0.0619350455;13:0.1646750667;14:0.02616308113;15:0.1105099482;16:0.05757958783;17:0.06913638665;18:0.04798012398;19:0.04718279864
H-over: r=7 minus r=5,7,5,U4_Q_F_unique_capture,20,-0.024459826122925184,0.008011001817035915,0.0017913144630766638,-13.654680195522078,2.8397728613072104e-11,-0.028209090383154063,-0.020710561862696306,0:-0.03216872333;1:-0.01618606447;2:-0.03012479149;3:-0.0375322662;4:-0.02942425026;5:-0.02618684023;6:-0.03162870411;7:-0.009688569308;8:-0.03006365232;9:-0.01710887206;10:-0.02686444135;11:-0.01546736788;12:-0.02104036826;13:-0.03250332258;14:-0.03319769667;15:-0.02654200245;16:-0.01939246001;17:-0.009766145234;18:-0.01992968762;19:-0.02438029664
H-over: r=7 minus r=5,7,5,U4_Q_F_unique_dim_Q,20,0.0,0.0,0.0,,,0.0,0.0,0:0;1:0;2:0;3:0;4:0;5:0;6:0;7:0;8:0;9:0;10:0;11:0;12:0;13:0;14:0;15:0;16:0;17:0;18:0;19:0
H-over: r=7 minus r=5,7,5,U4_Q_F_unique_dim_U,20,0.0,0.0,0.0,,,0.0,0.0,0:0;1:0;2:0;3:0;4:0;5:0;6:0;7:0;8:0;9:0;10:0;11:0;12:0;13:0;14:0;15:0;16:0;17:0;18:0;19:0
H-over: r=7 minus r=5,7,5,U4_Q_F_unique_excess_capture,20,-0.02445982612292518,0.008011001817035904,0.0017913144630766614,-13.654680195522094,2.8397728613072104e-11,-0.028209090383154056,-0.020710561862696306,0:-0.03216872333;1:-0.01618606447;2:-0.03012479149;3:-0.0375322662;4:-0.02942425026;5:-0.02618684023;6:-0.03162870411;7:-0.009688569308;8:-0.03006365232;9:-0.01710887206;10:-0.02686444135;11:-0.01546736788;12:-0.02104036826;13:-0.03250332258;14:-0.03319769667;15:-0.02654200245;16:-0.01939246001;17:-0.009766145234;18:-0.01992968762;19:-0.02438029664
H-over: r=7 minus r=5,7,5,U4_Q_F_unique_excess_purity,20,-0.030574782653656474,0.010013752271294878,0.002239143078845826,-13.654680195522097,2.8397728613072104e-11,-0.03526136297894256,-0.025888202328370382,0:-0.04021090416;1:-0.02023258059;2:-0.03765598936;3:-0.04691533275;4:-0.03678031282;5:-0.03273355028;6:-0.03953588013;7:-0.01211071164;8:-0.0375795654;9:-0.02138609007;10:-0.03358055169;11:-0.01933420985;12:-0.02630046033;13:-0.04062915323;14:-0.04149712084;15:-0.03317750306;16:-0.02424057502;17:-0.01220768154;18:-0.02491210952;19:-0.0304753708
H-over: r=7 minus r=5,7,5,U4_Q_F_unique_expected_random_capture,20,0.0,0.0,0.0,,,0.0,0.0,0:0;1:0;2:0;3:0;4:0;5:0;6:0;7:0;8:0;9:0;10:0;11:0;12:0;13:0;14:0;15:0;16:0;17:0;18:0;19:0
H-over: r=7 minus r=5,7,5,U4_Q_F_unique_expected_random_purity,20,0.0,0.0,0.0,,,0.0,0.0,0:0;1:0;2:0;3:0;4:0;5:0;6:0;7:0;8:0;9:0;10:0;11:0;12:0;13:0;14:0;15:0;16:0;17:0;18:0;19:0
H-over: r=7 minus r=5,7,5,U4_Q_F_unique_largest_canonical_correlation,20,-0.1960879835891536,0.05943455064852458,0.013289969546225517,-14.754584869973954,7.354339359721962e-12,-0.22390420953175688,-0.16827175764655034,0:-0.320730097;1:-0.1686496612;2:-0.207732525;3:-0.180351528;4:-0.1141882586;5:-0.2213663072;6:-0.3219780723;7:-0.1738712025;8:-0.2290359561;9:-0.1280282902;10:-0.1942397642;11:-0.1259276315;12:-0.2356020914;13:-0.1959291217;14:-0.2268559269;15:-0.2387822369;16:-0.1706304326;17:-0.1004015979;18:-0.1548091712;19:-0.2126497993
H-over: r=7 minus r=5,7,5,U4_Q_F_unique_purity,20,-0.030574782653656485,0.010013752271294892,0.0022391430788458295,-13.654680195522081,2.8397728613072104e-11,-0.035261362978942584,-0.025888202328370385,0:-0.04021090416;1:-0.02023258059;2:-0.03765598936;3:-0.04691533275;4:-0.03678031282;5:-0.03273355028;6:-0.03953588013;7:-0.01211071164;8:-0.0375795654;9:-0.02138609007;10:-0.03358055169;11:-0.01933420985;12:-0.02630046033;13:-0.04062915323;14:-0.04149712084;15:-0.03317750306;16:-0.02424057502;17:-0.01220768154;18:-0.02491210952;19:-0.0304753708
H-over: r=7 minus r=5,7,5,U4_Q_F_unique_shared_energy,20,-0.12229913061462594,0.04005500908517957,0.008956572315383318,-13.654680195522081,2.8397728613072104e-11,-0.14104545191577034,-0.10355280931348154,0:-0.1608436167;1:-0.08093032234;2:-0.1506239575;3:-0.187661331;4:-0.1471212513;5:-0.1309342011;6:-0.1581435205;7:-0.04844284654;8:-0.1503182616;9:-0.08554436029;10:-0.1343222068;11:-0.0773368394;12:-0.1052018413;13:-0.1625166129;14:-0.1659884834;15:-0.1327100122;16:-0.09696230007;17:-0.04883072617;18:-0.09964843809;19:-0.1219014832
H-over: r=7 minus r=5,7,5,U4_Q_F_unique_smallest_principal_angle,20,0.2015746163243525,0.0618473484955538,0.013829487546417765,14.575711185810794,9.107825604814934e-12,0.17262916622956062,0.23052006641914438,0:0.331090128;1:0.1720980421;2:0.2143958634;3:0.1900864494;4:0.118285883;5:0.226472368;6:0.3327816267;7:0.1754426703;8:0.2370660932;9:0.1300988674;10:0.1989735163;11:0.1276384558;12:0.2408465485;13:0.2030782555;14:0.2352419851;15:0.2453591434;16:0.1743252765;17:0.1017450575;18:0.158392686;19:0.2180734104
H-over: r=7 minus r=5,7,5,U4_Q_P4_capture,20,-0.4548386354133531,0.019146482813259827,0.004281283710048038,-106.2388447525356,0.0,-0.4637994652022299,-0.4458778056244763,0:-0.4783874279;1:-0.4575223474;2:-0.4303789666;3:-0.4501132392;4:-0.4742413094;5:-0.4464133067;6:-0.436705686;7:-0.4409575811;8:-0.4425405418;9:-0.4803067367;10:-0.4404835342;11:-0.4520127977;12:-0.4535160123;13:-0.4608837988;14:-0.4235566282;15:-0.485080328;16:-0.458166237;17:-0.4912386026;18:-0.4615174874;19:-0.4327501393
H-over: r=7 minus r=5,7,5,U4_Q_P4_dim_Q,20,0.0,0.0,0.0,,,0.0,0.0,0:0;1:0;2:0;3:0;4:0;5:0;6:0;7:0;8:0;9:0;10:0;11:0;12:0;13:0;14:0;15:0;16:0;17:0;18:0;19:0
H-over: r=7 minus r=5,7,5,U4_Q_P4_dim_U,20,0.0,0.0,0.0,,,0.0,0.0,0:0;1:0;2:0;3:0;4:0;5:0;6:0;7:0;8:0;9:0;10:0;11:0;12:0;13:0;14:0;15:0;16:0;17:0;18:0;19:0
H-over: r=7 minus r=5,7,5,U4_Q_P4_excess_capture,20,-0.454838635413353,0.019146482813259803,0.004281283710048033,-106.2388447525357,0.0,-0.4637994652022298,-0.4458778056244762,0:-0.4783874279;1:-0.4575223474;2:-0.4303789666;3:-0.4501132392;4:-0.4742413094;5:-0.4464133067;6:-0.436705686;7:-0.4409575811;8:-0.4425405418;9:-0.4803067367;10:-0.4404835342;11:-0.4520127977;12:-0.4535160123;13:-0.4608837988;14:-0.4235566282;15:-0.485080328;16:-0.458166237;17:-0.4912386026;18:-0.4615174874;19:-0.4327501393
H-over: r=7 minus r=5,7,5,U4_Q_P4_excess_purity,20,-0.454838635413353,0.019146482813259803,0.004281283710048033,-106.2388447525357,0.0,-0.4637994652022298,-0.4458778056244762,0:-0.4783874279;1:-0.4575223474;2:-0.4303789666;3:-0.4501132392;4:-0.4742413094;5:-0.4464133067;6:-0.436705686;7:-0.4409575811;8:-0.4425405418;9:-0.4803067367;10:-0.4404835342;11:-0.4520127977;12:-0.4535160123;13:-0.4608837988;14:-0.4235566282;15:-0.485080328;16:-0.458166237;17:-0.4912386026;18:-0.4615174874;19:-0.4327501393
H-over: r=7 minus r=5,7,5,U4_Q_P4_expected_random_capture,20,0.0,0.0,0.0,,,0.0,0.0,0:0;1:0;2:0;3:0;4:0;5:0;6:0;7:0;8:0;9:0;10:0;11:0;12:0;13:0;14:0;15:0;16:0;17:0;18:0;19:0
H-over: r=7 minus r=5,7,5,U4_Q_P4_expected_random_purity,20,0.0,0.0,0.0,,,0.0,0.0,0:0;1:0;2:0;3:0;4:0;5:0;6:0;7:0;8:0;9:0;10:0;11:0;12:0;13:0;14:0;15:0;16:0;17:0;18:0;19:0
H-over: r=7 minus r=5,7,5,U4_Q_P4_largest_canonical_correlation,20,-0.45060600014635616,0.08106172935442219,0.018125953721017815,-24.85971260225934,6.661338147750939e-16,-0.4885440572935374,-0.4126679429991749,0:-0.3679606928;1:-0.546664162;2:-0.4557076548;3:-0.2721151529;4:-0.3635971448;5:-0.3778461199;6:-0.553940042;7:-0.487957172;8:-0.4849997737;9:-0.4329544997;10:-0.3782431634;11:-0.4214779436;12:-0.5263980363;13:-0.4277257588;14:-0.3761845952;15:-0.5741514967;16:-0.4391562569;17:-0.4467289607;18:-0.5664645359;19:-0.511846841
H-over: r=7 minus r=5,7,5,U4_Q_P4_purity,20,-0.4548386354133531,0.019146482813259827,0.004281283710048038,-106.2388447525356,0.0,-0.4637994652022299,-0.4458778056244763,0:-0.4783874279;1:-0.4575223474;2:-0.4303789666;3:-0.4501132392;4:-0.4742413094;5:-0.4464133067;6:-0.436705686;7:-0.4409575811;8:-0.4425405418;9:-0.4803067367;10:-0.4404835342;11:-0.4520127977;12:-0.4535160123;13:-0.4608837988;14:-0.4235566282;15:-0.485080328;16:-0.458166237;17:-0.4912386026;18:-0.4615174874;19:-0.4327501393
H-over: r=7 minus r=5,7,5,U4_Q_P4_shared_energy,20,-1.819354541653412,0.07658593125303931,0.017125134840192152,-106.23884475253557,0.0,-1.8551978608089192,-1.7835112224979048,0:-1.913549712;1:-1.83008939;2:-1.721515866;3:-1.800452957;4:-1.896965238;5:-1.785653227;6:-1.746822744;7:-1.763830324;8:-1.770162167;9:-1.921226947;10:-1.761934137;11:-1.808051191;12:-1.814064049;13:-1.843535195;14:-1.694226513;15:-1.940321312;16:-1.832664948;17:-1.96495441;18:-1.84606995;19:-1.731000557
H-over: r=7 minus r=5,7,5,U4_Q_P4_smallest_principal_angle,20,0.7640523313215879,0.11891709643531952,0.026590671131627237,28.73384908336577,0.0,0.7083974170202327,0.8197072456229431,0:0.7001345593;1:0.9189555709;2:0.7283323675;3:0.489191698;4:0.6543539128;5:0.6301653576;6:0.9197428084;7:0.8118972851;8:0.7776799604;9:0.7711267429;10:0.6396312638;11:0.7492934925;12:0.8345751349;13:0.7070730597;14:0.637719333;15:0.9447266338;16:0.775588954;17:0.8150801378;18:0.9116142194;19:0.8641641347
H-over: r=7 minus r=5,7,5,UMP_Q_C_capture,20,-0.35179386687639885,0.039829967157425886,0.008906251410558834,-39.499655989873425,0.0,-0.370434865313306,-0.3331528684394917,0:-0.2974691125;1:-0.3972182632;2:-0.3154097446;3:-0.2372345343;4:-0.316797991;5:-0.3697816387;6:-0.3893383313;7:-0.4003842191;8:-0.3227175797;9:-0.3344730934;10:-0.3706884052;11:-0.3532566166;12:-0.3788374832;13:-0.3533653121;14:-0.3498037614;15:-0.3940386355;16:-0.3462204424;17:-0.3718403669;18:-0.3815939048;19:-0.3554079017
H-over: r=7 minus r=5,7,5,UMP_Q_C_dim_Q,20,0.0,0.0,0.0,,,0.0,0.0,0:0;1:0;2:0;3:0;4:0;5:0;6:0;7:0;8:0;9:0;10:0;11:0;12:0;13:0;14:0;15:0;16:0;17:0;18:0;19:0
H-over: r=7 minus r=5,7,5,UMP_Q_C_dim_U,20,0.26400000000000007,0.31157325741604025,0.06966989835533065,3.7892979067307717,0.0012396856481542429,0.11817922687411433,0.40982077312588583,0:0.28;1:0.32;2:0.32;3:0.48;4:0.92;5:0.16;6:0.44;7:0.56;8:0.4;9:0.68;10:-0.16;11:0.16;12:0;13:0.16;14:-0.32;15:0.04;16:-0.16;17:0.2;18:0.12;19:0.68
H-over: r=7 minus r=5,7,5,UMP_Q_C_excess_capture,20,-0.3544338668763989,0.039078164187237384,0.008738143155856061,-40.56169148921154,0.0,-0.37272301069246855,-0.3361447230603292,0:-0.3002691125;1:-0.4004182632;2:-0.3186097446;3:-0.2420345343;4:-0.325997991;5:-0.3713816387;6:-0.3937383313;7:-0.4059842191;8:-0.3267175797;9:-0.3412730934;10:-0.3690884052;11:-0.3548566166;12:-0.3788374832;13:-0.3549653121;14:-0.3466037614;15:-0.3944386355;16:-0.3446204424;17:-0.3738403669;18:-0.3827939048;19:-0.3622079017
H-over: r=7 minus r=5,7,5,UMP_Q_C_excess_purity,20,-0.5287039913969329,0.05779448030231069,0.01292323866802393,-40.911106339396895,0.0,-0.555752640789966,-0.5016553420038998,0:-0.4667794945;1:-0.6027110979;2:-0.4793803506;3:-0.3958007996;4:-0.5284651814;5:-0.5603203341;6:-0.5347787327;7:-0.615818982;8:-0.5001448903;9:-0.5274762026;10:-0.5552392195;11:-0.5232578444;12:-0.5672777327;13:-0.5257824323;14:-0.4067249739;15:-0.5924144741;16:-0.51156087;17:-0.5691472975;18:-0.5618106436;19:-0.549188274
H-over: r=7 minus r=5,7,5,UMP_Q_C_expected_random_capture,20,0.002640000000000001,0.0031157325741604028,0.0006966989835533066,3.7892979067307717,0.0012396856481542429,0.0011817922687411434,0.0040982077312588586,0:0.0028;1:0.0032;2:0.0032;3:0.0048;4:0.0092;5:0.0016;6:0.0044;7:0.0056;8:0.004;9:0.0068;10:-0.0016;11:0.0016;12:0;13:0.0016;14:-0.0032;15:0.0004;16:-0.0016;17:0.002;18:0.0012;19:0.0068
H-over: r=7 minus r=5,7,5,UMP_Q_C_expected_random_purity,20,0.0,0.0,0.0,,,0.0,0.0,0:0;1:0;2:0;3:0;4:0;5:0;6:0;7:0;8:0;9:0;10:0;11:0;12:0;13:0;14:0;15:0;16:0;17:0;18:0;19:0
H-over: r=7 minus r=5,7,5,UMP_Q_C_full_capture,20,-0.377813046306316,0.030816683940213512,0.006890820013144347,-54.828459542642484,0.0,-0.392235698348425,-0.36339039426420705,0:-0.3562526204;1:-0.4302422827;2:-0.3540681012;3:-0.2889322192;4:-0.3345562768;5:-0.3607514614;6:-0.3998690218;7:-0.4000533;8:-0.36701583;9:-0.3711174232;10:-0.3747598004;11:-0.3902078346;12:-0.3885716;13:-0.3759968845;14:-0.3910689763;15:-0.4190630119;16:-0.3869742632;17:-0.3866086198;18:-0.4049136048;19:-0.3752377938
H-over: r=7 minus r=5,7,5,UMP_Q_C_full_dim_Q,20,0.0,0.0,0.0,,,0.0,0.0,0:0;1:0;2:0;3:0;4:0;5:0;6:0;7:0;8:0;9:0;10:0;11:0;12:0;13:0;14:0;15:0;16:0;17:0;18:0;19:0
H-over: r=7 minus r=5,7,5,UMP_Q_C_full_dim_U,20,0.26400000000000007,0.31157325741604025,0.06966989835533065,3.7892979067307717,0.0012396856481542429,0.11817922687411433,0.40982077312588583,0:0.28;1:0.32;2:0.32;3:0.48;4:0.92;5:0.16;6:0.44;7:0.56;8:0.4;9:0.68;10:-0.16;11:0.16;12:0;13:0.16;14:-0.32;15:0.04;16:-0.16;17:0.2;18:0.12;19:0.68
H-over: r=7 minus r=5,7,5,UMP_Q_C_full_excess_capture,20,-0.38045304630631593,0.02980693774820347,0.006665033900608746,-57.08193716337549,0.0,-0.39440312258373655,-0.3665029700288953,0:-0.3590526204;1:-0.4334422827;2:-0.3572681012;3:-0.2937322192;4:-0.3437562768;5:-0.3623514614;6:-0.4042690218;7:-0.4056533;8:-0.37101583;9:-0.3779174232;10:-0.3731598004;11:-0.3918078346;12:-0.3885716;13:-0.3775968845;14:-0.3878689763;15:-0.4194630119;16:-0.3853742632;17:-0.3886086198;18:-0.4061136048;19:-0.3820377938
H-over: r=7 minus r=5,7,5,UMP_Q_C_full_excess_purity,20,-0.7550741103778427,0.059822017619006684,0.013376609794728905,-56.44734517675637,0.0,-0.7830716764446435,-0.7270765443110419,0:-0.7347685254;1:-0.8690282738;2:-0.7147885484;3:-0.6257821812;4:-0.7381378408;5:-0.7291748728;6:-0.7318928106;7:-0.8201945599;8:-0.7545448632;9:-0.7723399355;10:-0.7481833866;11:-0.7714027573;12:-0.7742011157;13:-0.749331503;14:-0.6145983349;15:-0.8392961894;16:-0.7643780529;17:-0.7843278968;18:-0.7933036945;19:-0.7718068648
H-over: r=7 minus r=5,7,5,UMP_Q_C_full_expected_random_capture,20,0.002640000000000001,0.0031157325741604028,0.0006966989835533066,3.7892979067307717,0.0012396856481542429,0.0011817922687411434,0.0040982077312588586,0:0.0028;1:0.0032;2:0.0032;3:0.0048;4:0.0092;5:0.0016;6:0.0044;7:0.0056;8:0.004;9:0.0068;10:-0.0016;11:0.0016;12:0;13:0.0016;14:-0.0032;15:0.0004;16:-0.0016;17:0.002;18:0.0012;19:0.0068
H-over: r=7 minus r=5,7,5,UMP_Q_C_full_expected_random_purity,20,0.0,0.0,0.0,,,0.0,0.0,0:0;1:0;2:0;3:0;4:0;5:0;6:0;7:0;8:0;9:0;10:0;11:0;12:0;13:0;14:0;15:0;16:0;17:0;18:0;19:0
H-over: r=7 minus r=5,7,5,UMP_Q_C_full_largest_canonical_correlation,20,-0.5179729815346088,0.0846713227829686,0.018933083348754445,-27.358089118045573,2.220446049250313e-16,-0.5576003804076684,-0.4783455826615492,0:-0.4436935793;1:-0.6667228;2:-0.514410799;3:-0.3061383566;4:-0.4203225144;5:-0.5413619084;6:-0.5865591199;7:-0.5663408516;8:-0.521641256;9:-0.4789685134;10:-0.5883621237;11:-0.4762620329;12:-0.560795416;13:-0.4817899286;14:-0.4127724912;15:-0.631054146;16:-0.5074183458;17:-0.4811900366;18:-0.6007145124;19:-0.5729408989
H-over: r=7 minus r=5,7,5,UMP_Q_C_full_purity,20,-0.7550741103778427,0.05982201761900669,0.013376609794728907,-56.44734517675636,0.0,-0.7830716764446435,-0.7270765443110419,0:-0.7347685254;1:-0.8690282738;2:-0.7147885484;3:-0.6257821812;4:-0.7381378408;5:-0.7291748728;6:-0.7318928106;7:-0.8201945599;8:-0.7545448632;9:-0.7723399355;10:-0.7481833866;11:-0.7714027573;12:-0.7742011157;13:-0.749331503;14:-0.6145983349;15:-0.8392961894;16:-0.7643780529;17:-0.7843278968;18:-0.7933036945;19:-0.7718068648
H-over: r=7 minus r=5,7,5,UMP_Q_C_full_shared_energy,20,-1.5112521852252638,0.12326673576085401,0.02756328005257738,-54.8284595426425,0.0,-1.5689427933936997,-1.453561577056828,0:-1.425010482;1:-1.720969131;2:-1.416272405;3:-1.155728877;4:-1.338225107;5:-1.443005846;6:-1.599476087;7:-1.6002132;8:-1.46806332;9:-1.484469693;10:-1.499039201;11:-1.560831338;12:-1.5542864;13:-1.503987538;14:-1.564275905;15:-1.676252048;16:-1.547897053;17:-1.546434479;18:-1.619654419;19:-1.500951175
H-over: r=7 minus r=5,7,5,UMP_Q_C_full_smallest_principal_angle,20,0.8140023574489194,0.11100794112785528,0.024822130240417906,32.79341255423269,0.0,0.76204904177407,0.8659556731237688,0:0.7461619637;1:1.000279259;2:0.7875226596;3:0.5071224619;4:0.7022369646;5:0.8093444355;6:0.9045672344;7:0.8752487304;8:0.8025511357;9:0.7978207376;10:0.8665609345;11:0.786748247;12:0.8455915443;13:0.7544796323;14:0.6609152378;15:0.9717434686;16:0.8173905265;17:0.8237131147;18:0.9196462156;19:0.9004026453
H-over: r=7 minus r=5,7,5,UMP_Q_C_largest_canonical_correlation,20,-0.542879177135923,0.09129950599682896,0.020415190172105923,-26.59192359019414,2.220446049250313e-16,-0.5856086612414599,-0.5001496930303861,0:-0.421102445;1:-0.673763621;2:-0.5228257787;3:-0.3128804053;4:-0.4733476551;5:-0.5705834923;6:-0.6138153479;7:-0.623938499;8:-0.5516907037;9:-0.4902904983;10:-0.6191660183;11:-0.55653858;12:-0.6388975493;13:-0.5356833896;14:-0.4103353769;15:-0.6162488469;16:-0.5163299994;17:-0.4822793025;18:-0.6274153844;19:-0.600450649
H-over: r=7 minus r=5,7,5,UMP_Q_C_purity,20,-0.5287039913969331,0.05779448030231069,0.01292323866802393,-40.911106339396916,0.0,-0.5557526407899662,-0.5016553420039,0:-0.4667794945;1:-0.6027110979;2:-0.4793803506;3:-0.3958007996;4:-0.5284651814;5:-0.5603203341;6:-0.5347787327;7:-0.615818982;8:-0.5001448903;9:-0.5274762026;10:-0.5552392195;11:-0.5232578444;12:-0.5672777327;13:-0.5257824323;14:-0.4067249739;15:-0.5924144741;16:-0.51156087;17:-0.5691472975;18:-0.5618106436;19:-0.549188274
H-over: r=7 minus r=5,7,5,UMP_Q_C_shared_energy,20,-1.0553816006291967,0.11948990147227762,0.026718754231676495,-39.49965598987344,0.0,-1.1113045959399181,-0.9994586053184753,0:-0.8924073376;1:-1.191654789;2:-0.9462292337;3:-0.7117036029;4:-0.9503939729;5:-1.109344916;6:-1.168014994;7:-1.201152657;8:-0.968152739;9:-1.00341928;10:-1.112065216;11:-1.05976985;12:-1.13651245;13:-1.060095936;14:-1.049411284;15:-1.182115907;16:-1.038661327;17:-1.115521101;18:-1.144781715;19:-1.066223705
H-over: r=7 minus r=5,7,5,UMP_Q_C_smallest_principal_angle,20,0.806593108966676,0.11784490326187078,0.026350921449542975,30.609673764583494,0.0,0.7514399965169599,0.8617462214163921,0:0.6263771182;1:0.9761904446;2:0.7575044454;3:0.5075798359;4:0.7392975184;5:0.8150360894;6:0.8259349617;7:0.9277131216;8:0.7899293563;9:0.7913443237;10:0.8981173882;11:0.8698769165;12:0.8982706938;13:0.8080711183;14:0.606955594;15:0.8954259078;16:0.7986556376;17:0.7917722187;18:0.9419197771;19:0.8658897121
H-over: r=7 minus r=5,7,5,UMP_Q_C_unique_capture,20,-0.3841160298558241,0.03953476696594188,0.008840242641045916,-43.45084693403599,0.0,-0.40261887035033883,-0.3656131893613094,0:-0.3458519187;1:-0.4224893272;2:-0.3608759589;3:-0.2628225229;4:-0.3434753727;5:-0.4087837762;6:-0.4382109928;7:-0.4143317511;8:-0.3644015099;9:-0.3550680091;10:-0.4065508937;11:-0.3775336534;12:-0.4095460726;13:-0.3859516066;14:-0.402072714;15:-0.4280546218;16:-0.3749599896;17:-0.3822473036;18:-0.4085730283;19:-0.3905195739
H-over: r=7 minus r=5,7,5,UMP_Q_C_unique_dim_Q,20,0.0,0.0,0.0,,,0.0,0.0,0:0;1:0;2:0;3:0;4:0;5:0;6:0;7:0;8:0;9:0;10:0;11:0;12:0;13:0;14:0;15:0;16:0;17:0;18:0;19:0
H-over: r=7 minus r=5,7,5,UMP_Q_C_unique_dim_U,20,0.26400000000000007,0.31157325741604025,0.06966989835533065,3.7892979067307717,0.0012396856481542429,0.11817922687411433,0.40982077312588583,0:0.28;1:0.32;2:0.32;3:0.48;4:0.92;5:0.16;6:0.44;7:0.56;8:0.4;9:0.68;10:-0.16;11:0.16;12:0;13:0.16;14:-0.32;15:0.04;16:-0.16;17:0.2;18:0.12;19:0.68
H-over: r=7 minus r=5,7,5,UMP_Q_C_unique_excess_capture,20,-0.38675602985582413,0.03852084161689113,0.008613522040587147,-44.901032125235105,0.0,-0.4047843386799488,-0.3687277210316995,0:-0.3486519187;1:-0.4256893272;2:-0.3640759589;3:-0.2676225229;4:-0.3526753727;5:-0.4103837762;6:-0.4426109928;7:-0.4199317511;8:-0.3684015099;9:-0.3618680091;10:-0.4049508937;11:-0.3791336534;12:-0.4095460726;13:-0.3875516066;14:-0.398872714;15:-0.4284546218;16:-0.3733599896;17:-0.3842473036;18:-0.4097730283;19:-0.3973195739
H-over: r=7 minus r=5,7,5,UMP_Q_C_unique_excess_purity,20,-0.5767772874019431,0.05259882914004941,0.011761455749404728,-49.03961717758748,0.0,-0.6013942972003056,-0.5521602776035807,0:-0.5395717062;1:-0.6409633937;2:-0.5474193435;3:-0.4381542957;4:-0.5760685116;5:-0.6189672498;6:-0.6011007702;7:-0.6367899746;8:-0.5637462669;9:-0.559813651;10:-0.6089853473;11:-0.5594620525;12:-0.6133522374;13:-0.5741406775;14:-0.4692792061;15:-0.643492439;16:-0.5545081365;17:-0.5853191919;18:-0.6012420833;19:-0.6031692135
H-over: r=7 minus r=5,7,5,UMP_Q_C_unique_expected_random_capture,20,0.002640000000000001,0.0031157325741604028,0.0006966989835533066,3.7892979067307717,0.0012396856481542429,0.0011817922687411434,0.0040982077312588586,0:0.0028;1:0.0032;2:0.0032;3:0.0048;4:0.0092;5:0.0016;6:0.0044;7:0.0056;8:0.004;9:0.0068;10:-0.0016;11:0.0016;12:0;13:0.0016;14:-0.0032;15:0.0004;16:-0.0016;17:0.002;18:0.0012;19:0.0068
H-over: r=7 minus r=5,7,5,UMP_Q_C_unique_expected_random_purity,20,0.0,0.0,0.0,,,0.0,0.0,0:0;1:0;2:0;3:0;4:0;5:0;6:0;7:0;8:0;9:0;10:0;11:0;12:0;13:0;14:0;15:0;16:0;17:0;18:0;19:0
H-over: r=7 minus r=5,7,5,UMP_Q_C_unique_largest_canonical_correlation,20,-0.5707972672021568,0.0935869549044941,0.020926679297365615,-27.276055560043513,2.220446049250313e-16,-0.6145973103504305,-0.5269972240538832,0:-0.4827251629;1:-0.6942595651;2:-0.5702862936;3:-0.3276683674;4:-0.4707214233;5:-0.6153671748;6:-0.6858212113;7:-0.6436521378;8:-0.5967483047;9:-0.5036444546;10:-0.6435863382;11:-0.5719552802;12:-0.6772681773;13:-0.5416235196;14:-0.4612656723;15:-0.6442269719;16:-0.5380607092;17:-0.4922584214;18:-0.6325522012;19:-0.6222539571
H-over: r=7 minus r=5,7,5,UMP_Q_C_unique_purity,20,-0.5767772874019432,0.05259882914004939,0.011761455749404723,-49.03961717758751,0.0,-0.6013942972003057,-0.5521602776035808,0:-0.5395717062;1:-0.6409633937;2:-0.5474193435;3:-0.4381542957;4:-0.5760685116;5:-0.6189672498;6:-0.6011007702;7:-0.6367899746;8:-0.5637462669;9:-0.559813651;10:-0.6089853473;11:-0.5594620525;12:-0.6133522374;13:-0.5741406775;14:-0.4692792061;15:-0.643492439;16:-0.5545081365;17:-0.5853191919;18:-0.6012420833;19:-0.6031692135
H-over: r=7 minus r=5,7,5,UMP_Q_C_unique_shared_energy,20,-1.152348089567472,0.11860430089782563,0.026520727923137744,-43.45084693403598,0.0,-1.2078566110510163,-1.0968395680839278,0:-1.037555756;1:-1.267467982;2:-1.082627877;3:-0.7884675688;4:-1.030426118;5:-1.226351329;6:-1.314632978;7:-1.242995253;8:-1.09320453;9:-1.065204027;10:-1.219652681;11:-1.13260096;12:-1.228638218;13:-1.15785482;14:-1.206218142;15:-1.284163866;16:-1.124879969;17:-1.146741911;18:-1.225719085;19:-1.171558722
H-over: r=7 minus r=5,7,5,UMP_Q_C_unique_smallest_principal_angle,20,0.9270748642519229,0.11286560757799545,0.025237517086621322,36.73399649696028,0.0,0.8742521339160849,0.9798975945877608,0:0.8256066715;1:1.080583178;2:0.9297744273;3:0.6059912488;4:0.8129081699;5:0.9686209215;6:1.054400502;7:1.004375882;8:0.9561753985;9:0.8744941867;10:1.004452796;11:0.946915252;12:1.038817633;13:0.8855366861;14:0.7867932575;15:1.017630777;16:0.9014381303;17:0.8567538184;18:1.019400027;19:0.9708283212
H-over: r=7 minus r=5,7,5,UMP_Q_F_capture,20,-0.0026718954316782006,0.002705274740220512,0.000604917821694615,-4.41695604899383,0.0002960810119327917,-0.003938002983425278,-0.001405787879931123,0:-0.002276543758;1:-0.0005123672942;2:-0.001172208549;3:-0.01173125289;4:-0.003755457561;5:-0.001703710883;6:-0.001652109233;7:-0.001276670842;8:-0.003929292272;9:-0.001452996833;10:-0.003932985233;11:-0.001184819453;12:-0.001547703922;13:-0.007200169616;14:-0.0004476930147;15:-0.004470844238;16:-0.001274935517;17:-0.001804092671;18:-0.001236613686;19:-0.0008754411639
H-over: r=7 minus r=5,7,5,UMP_Q_F_dim_Q,20,0.0,0.0,0.0,,,0.0,0.0,0:0;1:0;2:0;3:0;4:0;5:0;6:0;7:0;8:0;9:0;10:0;11:0;12:0;13:0;14:0;15:0;16:0;17:0;18:0;19:0
H-over: r=7 minus r=5,7,5,UMP_Q_F_dim_U,20,0.26400000000000007,0.31157325741604025,0.06966989835533065,3.7892979067307717,0.0012396856481542429,0.11817922687411433,0.40982077312588583,0:0.28;1:0.32;2:0.32;3:0.48;4:0.92;5:0.16;6:0.44;7:0.56;8:0.4;9:0.68;10:-0.16;11:0.16;12:0;13:0.16;14:-0.32;15:0.04;16:-0.16;17:0.2;18:0.12;19:0.68
H-over: r=7 minus r=5,7,5,UMP_Q_F_excess_capture,20,-0.0053118954316782345,0.004383284537677896,0.0009801322190971513,-5.419570266317014,3.141708354270634e-05,-0.007363335742749122,-0.003260455120607347,0:-0.005076543758;1:-0.003712367294;2:-0.004372208549;3:-0.01653125289;4:-0.01295545756;5:-0.003303710883;6:-0.006052109233;7:-0.006876670842;8:-0.007929292272;9:-0.008252996833;10:-0.002332985233;11:-0.002784819453;12:-0.001547703922;13:-0.008800169616;14:0.002752306985;15:-0.004870844238;16:0.0003250644831;17:-0.003804092671;18:-0.002436613686;19:-0.007675441164
H-over: r=7 minus r=5,7,5,UMP_Q_F_excess_purity,20,-0.006652694434787968,0.006795972404293433,0.0015196256269212798,-4.377850910731313,0.00032361979832273846,-0.009833307425629443,-0.003472081443946492,0:-0.005715089369;1:-0.001300081207;2:-0.0029261456;3:-0.0293729276;4:-0.009474651447;5:-0.004270173967;6:-0.003713838907;7:-0.003245367166;8:-0.009850937617;9:-0.003639438297;10:-0.009825133106;11:-0.002936781126;12:-0.003869229168;13:-0.0180136744;14:-0.0008581363045;15:-0.01117524341;16:-0.003166750944;17:-0.004525002593;18:-0.002940022789;19:-0.002235263676
H-over: r=7 minus r=5,7,5,UMP_Q_F_expected_random_capture,20,0.002640000000000001,0.0031157325741604028,0.0006966989835533066,3.7892979067307717,0.0012396856481542429,0.0011817922687411434,0.0040982077312588586,0:0.0028;1:0.0032;2:0.0032;3:0.0048;4:0.0092;5:0.0016;6:0.0044;7:0.0056;8:0.004;9:0.0068;10:-0.0016;11:0.0016;12:0;13:0.0016;14:-0.0032;15:0.0004;16:-0.0016;17:0.002;18:0.0012;19:0.0068
H-over: r=7 minus r=5,7,5,UMP_Q_F_expected_random_purity,20,0.0,0.0,0.0,,,0.0,0.0,0:0;1:0;2:0;3:0;4:0;5:0;6:0;7:0;8:0;9:0;10:0;11:0;12:0;13:0;14:0;15:0;16:0;17:0;18:0;19:0
H-over: r=7 minus r=5,7,5,UMP_Q_F_largest_canonical_correlation,20,-0.08238042119072791,0.04382306380577226,0.00979913496520174,-8.406907495740558,7.95932559860546e-08,-0.10289024638528824,-0.06187059599616759,0:-0.08807152081;1:-0.03266065927;2:-0.05203801182;3:-0.2007369615;4:-0.1112899347;5:-0.07133830334;6:-0.07477707585;7:-0.06017947155;8:-0.1242941646;9:-0.06078985129;10:-0.1135832717;11:-0.05115124983;12:-0.06473804012;13:-0.1646837398;14:-0.02822326587;15:-0.1115570112;16:-0.06218460673;17:-0.07421239641;18:-0.05210446812;19:-0.04899441932
H-over: r=7 minus r=5,7,5,UMP_Q_F_purity,20,-0.006652694434787958,0.006795972404293438,0.001519625626921281,-4.377850910731303,0.0003236197983229605,-0.009833307425629436,-0.00347208144394648,0:-0.005715089369;1:-0.001300081207;2:-0.0029261456;3:-0.0293729276;4:-0.009474651447;5:-0.004270173967;6:-0.003713838907;7:-0.003245367166;8:-0.009850937617;9:-0.003639438297;10:-0.009825133106;11:-0.002936781126;12:-0.003869229168;13:-0.0180136744;14:-0.0008581363045;15:-0.01117524341;16:-0.003166750944;17:-0.004525002593;18:-0.002940022789;19:-0.002235263676
H-over: r=7 minus r=5,7,5,UMP_Q_F_shared_energy,20,-0.013359477158391198,0.01352637370110253,0.0030245891084730676,-4.416956048993905,0.0002960810119327917,-0.01969001491712657,-0.007028939399655824,0:-0.01138271879;1:-0.002561836471;2:-0.005861042746;3:-0.05865626446;4:-0.0187772878;5:-0.008518554416;6:-0.008260546167;7:-0.006383354211;8:-0.01964646136;9:-0.007264984167;10:-0.01966492616;11:-0.005924097264;12:-0.00773851961;13:-0.03600084808;14:-0.002238465073;15:-0.02235422119;16:-0.006374677585;17:-0.009020463357;18:-0.006183068431;19:-0.004377205819
H-over: r=7 minus r=5,7,5,UMP_Q_F_smallest_principal_angle,20,0.08267736881649879,0.044254318075077806,0.009895566351377161,8.354991102150775,8.742099599778896e-08,0.06196571041107338,0.1033890272219242,0:0.08825342249;1:0.03267692224;2:0.05209582169;3:0.2026690275;4:0.1116898954;5:0.07144816947;6:0.07488921558;7:0.06026522919;8:0.1247787638;9:0.06087972404;10:0.1139376014;11:0.05120322111;12:0.06484520208;13:0.1657694141;14:0.02823859669;15:0.1120960198;16:0.06228055435;17:0.07433099395;18:0.05215983905;19:0.04903974241
H-over: r=7 minus r=5,7,5,UMP_Q_F_unique_capture,20,-0.022065193219333364,0.007133926931522641,0.0015951945565401112,-13.832289690852223,2.2694957024782525e-11,-0.02540397379763294,-0.01872641264103379,0:-0.03130622743;1:-0.01567500572;2:-0.02845193712;3:-0.02708404607;4:-0.0197618866;5:-0.02510499336;6:-0.03097570615;7:-0.009645190063;8:-0.02893965044;9:-0.01380994625;10:-0.02545047837;11:-0.01575104154;12:-0.01997285757;13:-0.02675194635;14:-0.03180906457;15:-0.02488043603;16:-0.01851866379;17:-0.008048254717;18:-0.01742408775;19:-0.02194244449
H-over: r=7 minus r=5,7,5,UMP_Q_F_unique_dim_Q,20,0.0,0.0,0.0,,,0.0,0.0,0:0;1:0;2:0;3:0;4:0;5:0;6:0;7:0;8:0;9:0;10:0;11:0;12:0;13:0;14:0;15:0;16:0;17:0;18:0;19:0
H-over: r=7 minus r=5,7,5,UMP_Q_F_unique_dim_U,20,0.26400000000000007,0.31157325741604025,0.06966989835533065,3.7892979067307717,0.0012396856481542429,0.11817922687411433,0.40982077312588583,0:0.28;1:0.32;2:0.32;3:0.48;4:0.92;5:0.16;6:0.44;7:0.56;8:0.4;9:0.68;10:-0.16;11:0.16;12:0;13:0.16;14:-0.32;15:0.04;16:-0.16;17:0.2;18:0.12;19:0.68
H-over: r=7 minus r=5,7,5,UMP_Q_F_unique_excess_capture,20,-0.024705193219333295,0.0071341481471868095,0.001595244021866388,-15.486780003995221,3.134159598516817e-12,-0.028044077329750627,-0.021366309108915963,0:-0.03410622743;1:-0.01887500572;2:-0.03165193712;3:-0.03188404607;4:-0.0289618866;5:-0.02670499336;6:-0.03537570615;7:-0.01524519006;8:-0.03293965044;9:-0.02060994625;10:-0.02385047837;11:-0.01735104154;12:-0.01997285757;13:-0.02835194635;14:-0.02860906457;15:-0.02528043603;16:-0.01691866379;17:-0.01004825472;18:-0.01862408775;19:-0.02874244449
H-over: r=7 minus r=5,7,5,UMP_Q_F_unique_excess_purity,20,-0.05472599043979794,0.016681719345743296,0.0037301458438655324,-14.671273652690656,8.122391648157645e-12,-0.06253327541745951,-0.046918705462136376,0:-0.07850730106;1:-0.03955237692;2:-0.0709651385;3:-0.07172642368;4:-0.05707798166;5:-0.06291708961;6:-0.07003587638;7:-0.02421635968;8:-0.07345231428;9:-0.03597688667;10:-0.06357126088;11:-0.03914098922;12:-0.04994373388;13:-0.06637191952;14:-0.06341236853;15:-0.06225320832;16:-0.04611401746;17:-0.020696897;18:-0.04237146243;19:-0.05621620313
H-over: r=7 minus r=5,7,5,UMP_Q_F_unique_expected_random_capture,20,0.002640000000000001,0.0031157325741604028,0.0006966989835533066,3.7892979067307717,0.0012396856481542429,0.0011817922687411434,0.0040982077312588586,0:0.0028;1:0.0032;2:0.0032;3:0.0048;4:0.0092;5:0.0016;6:0.0044;7:0.0056;8:0.004;9:0.0068;10:-0.0016;11:0.0016;12:0;13:0.0016;14:-0.0032;15:0.0004;16:-0.0016;17:0.002;18:0.0012;19:0.0068
H-over: r=7 minus r=5,7,5,UMP_Q_F_unique_expected_random_purity,20,0.0,0.0,0.0,,,0.0,0.0,0:0;1:0;2:0;3:0;4:0;5:0;6:0;7:0;8:0;9:0;10:0;11:0;12:0;13:0;14:0;15:0;16:0;17:0;18:0;19:0
H-over: r=7 minus r=5,7,5,UMP_Q_F_unique_largest_canonical_correlation,20,-0.20593266572070248,0.06368626296451603,0.014240681322158511,-14.460871714071088,1.04602992934133e-11,-0.2357387542791427,-0.17612657716226227,0:-0.3335598678;1:-0.2014747695;2:-0.2310513345;3:-0.1487233487;4:-0.09674618943;5:-0.2515949901;6:-0.3273214571;7:-0.1831243903;8:-0.2636274227;9:-0.1253554962;10:-0.2194953886;11:-0.1483260112;12:-0.243859107;13:-0.1925541101;14:-0.2299253776;15:-0.2451742563;16:-0.1986979905;17:-0.1148666038;18:-0.1592189069;19:-0.2039562962
H-over: r=7 minus r=5,7,5,UMP_Q_F_unique_purity,20,-0.05472599043979801,0.016681719345743338,0.003730145843865542,-14.671273652690639,8.122391648157645e-12,-0.0625332754174596,-0.046918705462136424,0:-0.07850730106;1:-0.03955237692;2:-0.0709651385;3:-0.07172642368;4:-0.05707798166;5:-0.06291708961;6:-0.07003587638;7:-0.02421635968;8:-0.07345231428;9:-0.03597688667;10:-0.06357126088;11:-0.03914098922;12:-0.04994373388;13:-0.06637191952;14:-0.06341236853;15:-0.06225320832;16:-0.04611401746;17:-0.020696897;18:-0.04237146243;19:-0.05621620313
H-over: r=7 minus r=5,7,5,UMP_Q_F_unique_shared_energy,20,-0.11032596609666682,0.035669634657613206,0.007975972782700557,-13.832289690852223,2.2694957024782525e-11,-0.1270198689881647,-0.09363206320516895,0:-0.1565311372;1:-0.07837502862;2:-0.1422596856;3:-0.1354202303;4:-0.09880943302;5:-0.1255249668;6:-0.1548785308;7:-0.04822595032;8:-0.1446982522;9:-0.06904973123;10:-0.1272523919;11:-0.07875520769;12:-0.09986428786;13:-0.1337597317;14:-0.1590453229;15:-0.1244021802;16:-0.09259331894;17:-0.04024127359;18:-0.08712043874;19:-0.1097122225
H-over: r=7 minus r=5,7,5,UMP_Q_F_unique_smallest_principal_angle,20,0.21099893540449927,0.06601107754891977,0.01476052566673948,14.294811727467955,1.279976125090343e-11,0.18010480012830296,0.24189307068069557,0:0.3436942074;1:0.2049342677;2:0.237610491;3:0.155117096;4:0.09965404798;5:0.2567614132;6:0.3380525015;7:0.1846917788;8:0.271653798;9:0.1272059943;10:0.2237037812;11:0.1499669325;12:0.2489827698;13:0.1986861579;14:0.238232166;15:0.251347057;16:0.2024677282;17:0.1161344517;18:0.162404417;19:0.208677651
H-over: r=7 minus r=5,7,5,UMP_Q_P4_capture,20,-0.38187057661638246,0.035546000151029794,0.00794832726659204,-48.04414360508774,0.0,-0.3985066167776687,-0.36523453645509624,0:-0.3681348088;1:-0.4348117283;2:-0.3535615746;3:-0.2798117558;4:-0.3258005264;5:-0.363211396;6:-0.4084746632;7:-0.413800424;8:-0.3729333365;9:-0.3651447604;10:-0.3769204836;11:-0.3942121579;12:-0.3988851521;13:-0.3767102413;14:-0.3944877377;15:-0.4244481585;16:-0.3925696088;17:-0.3978094827;18:-0.4187631407;19:-0.3769203949
H-over: r=7 minus r=5,7,5,UMP_Q_P4_dim_Q,20,0.0,0.0,0.0,,,0.0,0.0,0:0;1:0;2:0;3:0;4:0;5:0;6:0;7:0;8:0;9:0;10:0;11:0;12:0;13:0;14:0;15:0;16:0;17:0;18:0;19:0
H-over: r=7 minus r=5,7,5,UMP_Q_P4_dim_U,20,0.26400000000000007,0.31157325741604025,0.06966989835533065,3.7892979067307717,0.0012396856481542429,0.11817922687411433,0.40982077312588583,0:0.28;1:0.32;2:0.32;3:0.48;4:0.92;5:0.16;6:0.44;7:0.56;8:0.4;9:0.68;10:-0.16;11:0.16;12:0;13:0.16;14:-0.32;15:0.04;16:-0.16;17:0.2;18:0.12;19:0.68
H-over: r=7 minus r=5,7,5,UMP_Q_P4_excess_capture,20,-0.38451057661638244,0.03444025111335633,0.007701074265162757,-49.92947261342325,0.0,-0.4006291102981525,-0.36839204293461236,0:-0.3709348088;1:-0.4380117283;2:-0.3567615746;3:-0.2846117558;4:-0.3350005264;5:-0.364811396;6:-0.4128746632;7:-0.419400424;8:-0.3769333365;9:-0.3719447604;10:-0.3753204836;11:-0.3958121579;12:-0.3988851521;13:-0.3783102413;14:-0.3912877377;15:-0.4248481585;16:-0.3909696088;17:-0.3998094827;18:-0.4199631407;19:-0.3837203949
H-over: r=7 minus r=5,7,5,UMP_Q_P4_excess_purity,20,-0.7642516191371277,0.0659915898902604,0.014756168093791013,-51.7920109258381,0.0,-0.795136633908324,-0.7333666043659314,0:-0.7579472046;1:-0.8807540793;2:-0.7156714609;3:-0.6137000737;4:-0.7332797865;5:-0.7348148037;6:-0.7493448547;7:-0.8452681551;8:-0.7660914973;9:-0.7652946089;10:-0.7526211948;11:-0.7780232685;12:-0.7943713549;13:-0.7487497798;14:-0.6181607982;15:-0.8506599201;16:-0.7741063138;17:-0.8070303961;18:-0.8193821219;19:-0.77976071
H-over: r=7 minus r=5,7,5,UMP_Q_P4_expected_random_capture,20,0.002640000000000001,0.0031157325741604028,0.0006966989835533066,3.7892979067307717,0.0012396856481542429,0.0011817922687411434,0.0040982077312588586,0:0.0028;1:0.0032;2:0.0032;3:0.0048;4:0.0092;5:0.0016;6:0.0044;7:0.0056;8:0.004;9:0.0068;10:-0.0016;11:0.0016;12:0;13:0.0016;14:-0.0032;15:0.0004;16:-0.0016;17:0.002;18:0.0012;19:0.0068
H-over: r=7 minus r=5,7,5,UMP_Q_P4_expected_random_purity,20,0.0,0.0,0.0,,,0.0,0.0,0:0;1:0;2:0;3:0;4:0;5:0;6:0;7:0;8:0;9:0;10:0;11:0;12:0;13:0;14:0;15:0;16:0;17:0;18:0;19:0
H-over: r=7 minus r=5,7,5,UMP_Q_P4_largest_canonical_correlation,20,-0.5128059527941241,0.08940710229471738,0.01999203584022655,-25.650511878449745,4.440892098500626e-16,-0.5546497647043104,-0.47096214088393784,0:-0.4641425125;1:-0.6567613418;2:-0.4986751556;3:-0.2901296457;4:-0.3900182893;5:-0.5231273412;6:-0.5835056536;7:-0.6023043439;8:-0.5174285082;9:-0.4679347996;10:-0.580419046;11:-0.4717332315;12:-0.5527287259;13:-0.4609220998;14:-0.3990080415;15:-0.6315124234;16:-0.5099238373;17:-0.5035587613;18:-0.6153496949;19:-0.5369356029
H-over: r=7 minus r=5,7,5,UMP_Q_P4_purity,20,-0.7642516191371277,0.06599158989026041,0.014756168093791015,-51.79201092583809,0.0,-0.795136633908324,-0.7333666043659314,0:-0.7579472046;1:-0.8807540793;2:-0.7156714609;3:-0.6137000737;4:-0.7332797865;5:-0.7348148037;6:-0.7493448547;7:-0.8452681551;8:-0.7660914973;9:-0.7652946089;10:-0.7526211948;11:-0.7780232685;12:-0.7943713549;13:-0.7487497798;14:-0.6181607982;15:-0.8506599201;16:-0.7741063138;17:-0.8070303961;18:-0.8193821219;19:-0.77976071
H-over: r=7 minus r=5,7,5,UMP_Q_P4_shared_energy,20,-1.5274823064655298,0.14218400060411918,0.03179330906636816,-48.04414360508774,0.0,-1.5940264671106747,-1.460938145820385,0:-1.472539235;1:-1.739246913;2:-1.414246299;3:-1.119247023;4:-1.303202106;5:-1.452845584;6:-1.633898653;7:-1.655201696;8:-1.491733346;9:-1.460579041;10:-1.507681934;11:-1.576848632;12:-1.595540609;13:-1.506840965;14:-1.577950951;15:-1.697792634;16:-1.570278435;17:-1.591237931;18:-1.675052563;19:-1.50768158
H-over: r=7 minus r=5,7,5,UMP_Q_P4_smallest_principal_angle,20,0.8324100149667542,0.12427500804456384,0.027788736589197796,29.95494279831108,0.0,0.7742475208439481,0.8905725090895602,0:0.8103162942;1:1.033598938;2:0.7770088346;3:0.5013536254;4:0.6859463598;5:0.7990510795;6:0.9516335156;7:0.9358881904;8:0.8120266268;9:0.8079957619;10:0.8630573108;11:0.8073032074;12:0.8629430265;13:0.7440441296;14:0.6647142525;15:1.005439055;16:0.8555417486;17:0.8780775206;18:0.9632225727;19:0.8890382499
