replication,r_used,series,metric,within_rep_mean,n_valid_origins,n_total_origins,valid_fraction
0,3.0,cell,UMP_Q_F_dim_U,4.0,25,25,1.0
0,3.0,cell,UMP_Q_F_dim_Q,5.0,25,25,1.0
0,3.0,cell,UMP_Q_F_shared_energy,1.9613848289745865,25,25,1.0
0,3.0,cell,UMP_Q_F_purity,0.49034620724364664,25,25,1.0
0,3.0,cell,UMP_Q_F_capture,0.3922769657949173,25,25,1.0
0,3.0,cell,UMP_Q_F_expected_random_purity,0.05000000000000001,25,25,1.0
0,3.0,cell,UMP_Q_F_expected_random_capture,0.04,25,25,1.0
0,3.0,cell,UMP_Q_F_excess_purity,0.44034620724364665,25,25,1.0
0,3.0,cell,UMP_Q_F_excess_capture,0.35227696579491735,25,25,1.0
0,3.0,cell,UMP_Q_F_largest_canonical_correlation,0.9921850448558713,25,25,1.0
0,3.0,cell,UMP_Q_F_smallest_principal_angle,0.12503829831463248,25,25,1.0
0,3.0,cell,U4_Q_F_dim_U,4.0,25,25,1.0
0,3.0,cell,U4_Q_F_dim_Q,5.0,25,25,1.0
0,3.0,cell,U4_Q_F_shared_energy,1.9613848289745865,25,25,1.0
0,3.0,cell,U4_Q_F_purity,0.49034620724364664,25,25,1.0
0,3.0,cell,U4_Q_F_capture,0.3922769657949173,25,25,1.0
0,3.0,cell,U4_Q_F_expected_random_purity,0.05000000000000001,25,25,1.0
0,3.0,cell,U4_Q_F_expected_random_capture,0.04,25,25,1.0
0,3.0,cell,U4_Q_F_excess_purity,0.44034620724364665,25,25,1.0
0,3.0,cell,U4_Q_F_excess_capture,0.35227696579491735,25,25,1.0
0,3.0,cell,U4_Q_F_largest_canonical_correlation,0.9921850448558713,25,25,1.0
0,3.0,cell,U4_Q_F_smallest_principal_angle,0.12503829831463248,25,25,1.0
0,3.0,cell,UMP_Q_F_unique_dim_U,4.0,25,25,1.0
0,3.0,cell,UMP_Q_F_unique_dim_Q,5.0,25,25,1.0
0,3.0,cell,UMP_Q_F_unique_shared_energy,1.98058953180288,25,25,1.0
0,3.0,cell,UMP_Q_F_unique_purity,0.49514738295072,25,25,1.0
0,3.0,cell,UMP_Q_F_unique_capture,0.3961179063605759,25,25,1.0
0,3.0,cell,UMP_Q_F_unique_expected_random_purity,0.05000000000000001,25,25,1.0
0,3.0,cell,UMP_Q_F_unique_expected_random_capture,0.04,25,25,1.0
0,3.0,cell,UMP_Q_F_unique_excess_purity,0.44514738295072,25,25,1.0
0,3.0,cell,UMP_Q_F_unique_excess_capture,0.35611790636057605,25,25,1.0
0,3.0,cell,UMP_Q_F_unique_largest_canonical_correlation,0.9868272804999326,25,25,1.0
0,3.0,cell,UMP_Q_F_unique_smallest_principal_angle,0.1624346842212346,25,25,1.0
0,3.0,cell,U4_Q_F_unique_dim_U,4.0,25,25,1.0
0,3.0,cell,U4_Q_F_unique_dim_Q,5.0,25,25,1.0
0,3.0,cell,U4_Q_F_unique_shared_energy,1.98058953180288,25,25,1.0
0,3.0,cell,U4_Q_F_unique_purity,0.49514738295072,25,25,1.0
0,3.0,cell,U4_Q_F_unique_capture,0.3961179063605759,25,25,1.0
0,3.0,cell,U4_Q_F_unique_expected_random_purity,0.05000000000000001,25,25,1.0
0,3.0,cell,U4_Q_F_unique_expected_random_capture,0.04,25,25,1.0
0,3.0,cell,U4_Q_F_unique_excess_purity,0.44514738295072,25,25,1.0
0,3.0,cell,U4_Q_F_unique_excess_capture,0.35611790636057605,25,25,1.0
0,3.0,cell,U4_Q_F_unique_largest_canonical_correlation,0.9868272804999326,25,25,1.0
0,3.0,cell,U4_Q_F_unique_smallest_principal_angle,0.1624346842212346,25,25,1.0
0,3.0,cell,UMP_Q_C_dim_U,4.0,25,25,1.0
0,3.0,cell,UMP_Q_C_dim_Q,3.0,25,25,1.0
0,3.0,cell,UMP_Q_C_shared_energy,1.2931666751885669,25,25,1.0
0,3.0,cell,UMP_Q_C_purity,0.3232916687971417,25,25,1.0
0,3.0,cell,UMP_Q_C_capture,0.4310555583961889,25,25,1.0
0,3.0,cell,UMP_Q_C_expected_random_purity,0.03,25,25,1.0
0,3.0,cell,UMP_Q_C_expected_random_capture,0.04,25,25,1.0
0,3.0,cell,UMP_Q_C_excess_purity,0.29329166879714175,25,25,1.0
0,3.0,cell,UMP_Q_C_excess_capture,0.391055558396189,25,25,1.0
0,3.0,cell,UMP_Q_C_largest_canonical_correlation,0.942648472308513,25,25,1.0
0,3.0,cell,UMP_Q_C_smallest_principal_angle,0.34029789545963146,25,25,1.0
0,3.0,cell,U4_Q_C_dim_U,4.0,25,25,1.0
0,3.0,cell,U4_Q_C_dim_Q,3.0,25,25,1.0
0,3.0,cell,U4_Q_C_shared_energy,1.2931666751885669,25,25,1.0
0,3.0,cell,U4_Q_C_purity,0.3232916687971417,25,25,1.0
0,3.0,cell,U4_Q_C_capture,0.4310555583961889,25,25,1.0
0,3.0,cell,U4_Q_C_expected_random_purity,0.03,25,25,1.0
0,3.0,cell,U4_Q_C_expected_random_capture,0.04,25,25,1.0
0,3.0,cell,U4_Q_C_excess_purity,0.29329166879714175,25,25,1.0
0,3.0,cell,U4_Q_C_excess_capture,0.391055558396189,25,25,1.0
0,3.0,cell,U4_Q_C_largest_canonical_correlation,0.942648472308513,25,25,1.0
0,3.0,cell,U4_Q_C_smallest_principal_angle,0.34029789545963146,25,25,1.0
0,3.0,cell,UMP_Q_C_unique_dim_U,4.0,25,25,1.0
0,3.0,cell,UMP_Q_C_unique_dim_Q,3.0,25,25,1.0
0,3.0,cell,UMP_Q_C_unique_shared_energy,1.3123713780168602,25,25,1.0
0,3.0,cell,UMP_Q_C_unique_purity,0.32809284450421505,25,25,1.0
0,3.0,cell,UMP_Q_C_unique_capture,0.43745712600562014,25,25,1.0
0,3.0,cell,UMP_Q_C_unique_expected_random_purity,0.03,25,25,1.0
0,3.0,cell,UMP_Q_C_unique_expected_random_capture,0.04,25,25,1.0
0,3.0,cell,UMP_Q_C_unique_excess_purity,0.298092844504215,25,25,1.0
0,3.0,cell,UMP_Q_C_unique_excess_capture,0.3974571260056201,25,25,1.0
0,3.0,cell,UMP_Q_C_unique_largest_canonical_correlation,0.9694995350741261,25,25,1.0
0,3.0,cell,UMP_Q_C_unique_smallest_principal_angle,0.24756378621450087,25,25,1.0
0,3.0,cell,U4_Q_C_unique_dim_U,4.0,25,25,1.0
0,3.0,cell,U4_Q_C_unique_dim_Q,3.0,25,25,1.0
0,3.0,cell,U4_Q_C_unique_shared_energy,1.3123713780168602,25,25,1.0
0,3.0,cell,U4_Q_C_unique_purity,0.32809284450421505,25,25,1.0
0,3.0,cell,U4_Q_C_unique_capture,0.43745712600562014,25,25,1.0
0,3.0,cell,U4_Q_C_unique_expected_random_purity,0.03,25,25,1.0
0,3.0,cell,U4_Q_C_unique_expected_random_capture,0.04,25,25,1.0
0,3.0,cell,U4_Q_C_unique_excess_purity,0.298092844504215,25,25,1.0
0,3.0,cell,U4_Q_C_unique_excess_capture,0.3974571260056201,25,25,1.0
0,3.0,cell,U4_Q_C_unique_largest_canonical_correlation,0.9694995350741261,25,25,1.0
0,3.0,cell,U4_Q_C_unique_smallest_principal_angle,0.24756378621450087,25,25,1.0
0,3.0,cell,UMP_Q_C_full_dim_U,4.0,25,25,1.0
0,3.0,cell,UMP_Q_C_full_dim_Q,4.0,25,25,1.0
0,3.0,cell,UMP_Q_C_full_shared_energy,1.8377341497208086,25,25,1.0
0,3.0,cell,UMP_Q_C_full_purity,0.45943353743020215,25,25,1.0
0,3.0,cell,UMP_Q_C_full_capture,0.45943353743020215,25,25,1.0
0,3.0,cell,UMP_Q_C_full_expected_random_purity,0.04,25,25,1.0
0,3.0,cell,UMP_Q_C_full_expected_random_capture,0.04,25,25,1.0
0,3.0,cell,UMP_Q_C_full_excess_purity,0.41943353743020223,25,25,1.0
0,3.0,cell,UMP_Q_C_full_excess_capture,0.41943353743020223,25,25,1.0
0,3.0,cell,UMP_Q_C_full_largest_canonical_correlation,0.9551443139942551,25,25,1.0
0,3.0,cell,UMP_Q_C_full_smallest_principal_angle,0.3005637612935796,25,25,1.0
0,3.0,cell,U4_Q_C_full_dim_U,4.0,25,25,1.0
0,3.0,cell,U4_Q_C_full_dim_Q,4.0,25,25,1.0
0,3.0,cell,U4_Q_C_full_shared_energy,1.8377341497208086,25,25,1.0
0,3.0,cell,U4_Q_C_full_purity,0.45943353743020215,25,25,1.0
0,3.0,cell,U4_Q_C_full_capture,0.45943353743020215,25,25,1.0
0,3.0,cell,U4_Q_C_full_expected_random_purity,0.04,25,25,1.0
0,3.0,cell,U4_Q_C_full_expected_random_capture,0.04,25,25,1.0
0,3.0,cell,U4_Q_C_full_excess_purity,0.41943353743020223,25,25,1.0
0,3.0,cell,U4_Q_C_full_excess_capture,0.41943353743020223,25,25,1.0
0,3.0,cell,U4_Q_C_full_largest_canonical_correlation,0.9551443139942551,25,25,1.0
0,3.0,cell,U4_Q_C_full_smallest_principal_angle,0.3005637612935796,25,25,1.0
0,3.0,cell,UMP_Q_P4_dim_U,4.0,25,25,1.0
0,3.0,cell,UMP_Q_P4_dim_Q,4.0,25,25,1.0
0,3.0,cell,UMP_Q_P4_shared_energy,1.8709581150772256,25,25,1.0
0,3.0,cell,UMP_Q_P4_purity,0.4677395287693064,25,25,1.0
0,3.0,cell,UMP_Q_P4_capture,0.4677395287693064,25,25,1.0
0,3.0,cell,UMP_Q_P4_expected_random_purity,0.04,25,25,1.0
0,3.0,cell,UMP_Q_P4_expected_random_capture,0.04,25,25,1.0
0,3.0,cell,UMP_Q_P4_excess_purity,0.4277395287693064,25,25,1.0
0,3.0,cell,UMP_Q_P4_excess_capture,0.4277395287693064,25,25,1.0
0,3.0,cell,UMP_Q_P4_largest_canonical_correlation,0.9706783850462507,25,25,1.0
0,3.0,cell,UMP_Q_P4_smallest_principal_angle,0.24263139194681066,25,25,1.0
0,3.0,cell,U4_Q_P4_dim_U,4.0,25,25,1.0
0,3.0,cell,U4_Q_P4_dim_Q,4.0,25,25,1.0
0,3.0,cell,U4_Q_P4_shared_energy,1.8709581150772256,25,25,1.0
0,3.0,cell,U4_Q_P4_purity,0.4677395287693064,25,25,1.0
0,3.0,cell,U4_Q_P4_capture,0.4677395287693064,25,25,1.0
0,3.0,cell,U4_Q_P4_expected_random_purity,0.04,25,25,1.0
0,3.0,cell,U4_Q_P4_expected_random_capture,0.04,25,25,1.0
0,3.0,cell,U4_Q_P4_excess_purity,0.4277395287693064,25,25,1.0
0,3.0,cell,U4_Q_P4_excess_capture,0.4277395287693064,25,25,1.0
0,3.0,cell,U4_Q_P4_largest_canonical_correlation,0.9706783850462507,25,25,1.0
0,3.0,cell,U4_Q_P4_smallest_principal_angle,0.24263139194681066,25,25,1.0
0,3.0,cell,QR_Q_F_dim_U,3.0,25,25,1.0
0,3.0,cell,QR_Q_F_dim_Q,5.0,25,25,1.0
0,3.0,cell,QR_Q_F_shared_energy,2.991987974023528,25,25,1.0
0,3.0,cell,QR_Q_F_purity,0.9973293246745094,25,25,1.0
0,3.0,cell,QR_Q_F_capture,0.5983975948047057,25,25,1.0
0,3.0,cell,QR_Q_F_expected_random_purity,0.05000000000000001,25,25,1.0
0,3.0,cell,QR_Q_F_expected_random_capture,0.03,25,25,1.0
0,3.0,cell,QR_Q_F_excess_purity,0.9473293246745094,25,25,1.0
0,3.0,cell,QR_Q_F_excess_capture,0.5683975948047056,25,25,1.0
0,3.0,cell,QR_Q_F_largest_canonical_correlation,0.999420077819605,25,25,1.0
0,3.0,cell,QR_Q_F_smallest_principal_angle,0.03395216614717225,25,25,1.0
0,3.0,cell,QR_Q_C_dim_U,3.0,25,25,1.0
0,3.0,cell,QR_Q_C_dim_Q,3.0,25,25,1.0
0,3.0,cell,QR_Q_C_shared_energy,0.06794654102781793,25,25,1.0
0,3.0,cell,QR_Q_C_purity,0.02264884700927261,25,25,1.0
0,3.0,cell,QR_Q_C_capture,0.02264884700927261,25,25,1.0
0,3.0,cell,QR_Q_C_expected_random_purity,0.03,25,25,1.0
0,3.0,cell,QR_Q_C_expected_random_capture,0.03,25,25,1.0
0,3.0,cell,QR_Q_C_excess_purity,-0.007351152990727297,25,25,1.0
0,3.0,cell,QR_Q_C_excess_capture,-0.007351152990727297,25,25,1.0
0,3.0,cell,QR_Q_C_largest_canonical_correlation,0.24200783800270342,25,25,1.0
0,3.0,cell,QR_Q_C_smallest_principal_angle,1.3263585307246708,25,25,1.0
0,3.0,cell,QR_Q_C_unique_dim_U,3.0,25,25,1.0
0,3.0,cell,QR_Q_C_unique_dim_Q,3.0,25,25,1.0
0,3.0,cell,QR_Q_C_unique_shared_energy,0.0032414287501187,25,25,1.0
0,3.0,cell,QR_Q_C_unique_purity,0.001080476250039528,25,25,1.0
0,3.0,cell,QR_Q_C_unique_capture,0.001080476250039528,25,25,1.0
0,3.0,cell,QR_Q_C_unique_expected_random_purity,0.03,25,25,1.0
0,3.0,cell,QR_Q_C_unique_expected_random_capture,0.03,25,25,1.0
0,3.0,cell,QR_Q_C_unique_excess_purity,-0.02891952374996037,25,25,1.0
0,3.0,cell,QR_Q_C_unique_excess_capture,-0.02891952374996037,25,25,1.0
0,3.0,cell,QR_Q_C_unique_largest_canonical_correlation,0.05175015494616196,25,25,1.0
0,3.0,cell,QR_Q_C_unique_smallest_principal_angle,1.5190182786108637,25,25,1.0
0,3.0,cell,QR_Q_C_full_dim_U,3.0,25,25,1.0
0,3.0,cell,QR_Q_C_full_dim_Q,4.0,25,25,1.0
0,3.0,cell,QR_Q_C_full_shared_energy,0.09777702670132449,25,25,1.0
0,3.0,cell,QR_Q_C_full_purity,0.03259234223377479,25,25,1.0
0,3.0,cell,QR_Q_C_full_capture,0.024444256675331087,25,25,1.0
0,3.0,cell,QR_Q_C_full_expected_random_purity,0.04,25,25,1.0
0,3.0,cell,QR_Q_C_full_expected_random_capture,0.03,25,25,1.0
0,3.0,cell,QR_Q_C_full_excess_purity,-0.007407657766225112,25,25,1.0
0,3.0,cell,QR_Q_C_full_excess_capture,-0.005555743324668811,25,25,1.0
0,3.0,cell,QR_Q_C_full_largest_canonical_correlation,0.2483277133812041,25,25,1.0
0,3.0,cell,QR_Q_C_full_smallest_principal_angle,1.319839310793707,25,25,1.0
0,3.0,cell,QR_Q_P4_dim_U,3.0,25,25,1.0
0,3.0,cell,QR_Q_P4_dim_Q,4.0,25,25,1.0
0,3.0,cell,QR_Q_P4_shared_energy,0.08758574075014192,25,25,1.0
0,3.0,cell,QR_Q_P4_purity,0.02919524691671394,25,25,1.0
0,3.0,cell,QR_Q_P4_capture,0.021896435187535444,25,25,1.0
0,3.0,cell,QR_Q_P4_expected_random_purity,0.04,25,25,1.0
0,3.0,cell,QR_Q_P4_expected_random_capture,0.03,25,25,1.0
0,3.0,cell,QR_Q_P4_excess_purity,-0.010804753083285958,25,25,1.0
0,3.0,cell,QR_Q_P4_excess_capture,-0.008103564812464457,25,25,1.0
0,3.0,cell,QR_Q_P4_largest_canonical_correlation,0.250039748064564,25,25,1.0
0,3.0,cell,QR_Q_P4_smallest_principal_angle,1.3180721144492056,25,25,1.0
0,5.0,cell,UMP_Q_F_dim_U,2.0,25,25,1.0
0,5.0,cell,UMP_Q_F_dim_Q,5.0,25,25,1.0
0,5.0,cell,UMP_Q_F_shared_energy,0.011717625516153705,25,25,1.0
0,5.0,cell,UMP_Q_F_purity,0.005858812758076832,25,25,1.0
0,5.0,cell,UMP_Q_F_capture,0.0023435251032307043,25,25,1.0
0,5.0,cell,UMP_Q_F_expected_random_purity,0.05000000000000001,25,25,1.0
0,5.0,cell,UMP_Q_F_expected_random_capture,0.02,25,25,1.0
0,5.0,cell,UMP_Q_F_excess_purity,-0.044141187241923084,25,25,1.0
0,5.0,cell,UMP_Q_F_excess_capture,-0.017656474896769195,25,25,1.0
0,5.0,cell,UMP_Q_F_largest_canonical_correlation,0.102359246786295,25,25,1.0
0,5.0,cell,UMP_Q_F_smallest_principal_angle,1.4682546646175876,25,25,1.0
0,5.0,cell,U4_Q_F_dim_U,4.0,25,25,1.0
0,5.0,cell,U4_Q_F_dim_Q,5.0,25,25,1.0
0,5.0,cell,U4_Q_F_shared_energy,0.01213683962862373,25,25,1.0
0,5.0,cell,U4_Q_F_purity,0.0030342099071559003,25,25,1.0
0,5.0,cell,U4_Q_F_capture,0.002427367925724704,25,25,1.0
0,5.0,cell,U4_Q_F_expected_random_purity,0.05000000000000001,25,25,1.0
0,5.0,cell,U4_Q_F_expected_random_capture,0.04,25,25,1.0
0,5.0,cell,U4_Q_F_excess_purity,-0.046965790092844004,25,25,1.0
0,5.0,cell,U4_Q_F_excess_capture,-0.0375726320742752,25,25,1.0
0,5.0,cell,U4_Q_F_largest_canonical_correlation,0.10294316840379461,25,25,1.0
0,5.0,cell,U4_Q_F_smallest_principal_angle,1.4676677819047774,25,25,1.0
0,5.0,cell,UMP_Q_F_unique_dim_U,2.0,25,25,1.0
0,5.0,cell,UMP_Q_F_unique_dim_Q,5.0,25,25,1.0
0,5.0,cell,UMP_Q_F_unique_shared_energy,0.15983800011861501,25,25,1.0
0,5.0,cell,UMP_Q_F_unique_purity,0.07991900005930748,25,25,1.0
0,5.0,cell,UMP_Q_F_unique_capture,0.03196760002372297,25,25,1.0
0,5.0,cell,UMP_Q_F_unique_expected_random_purity,0.05000000000000001,25,25,1.0
0,5.0,cell,UMP_Q_F_unique_expected_random_capture,0.02,25,25,1.0
0,5.0,cell,UMP_Q_F_unique_excess_purity,0.02991900005930748,25,25,1.0
0,5.0,cell,UMP_Q_F_unique_excess_capture,0.011967600023722966,25,25,1.0
0,5.0,cell,UMP_Q_F_unique_largest_canonical_correlation,0.384260577054518,25,25,1.0
0,5.0,cell,UMP_Q_F_unique_smallest_principal_angle,1.176375865615355,25,25,1.0
0,5.0,cell,U4_Q_F_unique_dim_U,4.0,25,25,1.0
0,5.0,cell,U4_Q_F_unique_dim_Q,5.0,25,25,1.0
0,5.0,cell,U4_Q_F_unique_shared_energy,0.166628098858741,25,25,1.0
0,5.0,cell,U4_Q_F_unique_purity,0.041657024714685215,25,25,1.0
0,5.0,cell,U4_Q_F_unique_capture,0.03332561977174816,25,25,1.0
0,5.0,cell,U4_Q_F_unique_expected_random_purity,0.05000000000000001,25,25,1.0
0,5.0,cell,U4_Q_F_unique_expected_random_capture,0.04,25,25,1.0
0,5.0,cell,U4_Q_F_unique_excess_purity,-0.00834297528531469,25,25,1.0
0,5.0,cell,U4_Q_F_unique_excess_capture,-0.006674380228251743,25,25,1.0
0,5.0,cell,U4_Q_F_unique_largest_canonical_correlation,0.3872657603424788,25,25,1.0
0,5.0,cell,U4_Q_F_unique_smallest_principal_angle,1.1731180909697227,25,25,1.0
0,5.0,cell,UMP_Q_C_dim_U,2.0,25,25,1.0
0,5.0,cell,UMP_Q_C_dim_Q,3.0,25,25,1.0
0,5.0,cell,UMP_Q_C_shared_energy,1.1832151237251218,25,25,1.0
0,5.0,cell,UMP_Q_C_purity,0.5916075618625609,25,25,1.0
0,5.0,cell,UMP_Q_C_capture,0.3944050412417073,25,25,1.0
0,5.0,cell,UMP_Q_C_expected_random_purity,0.03,25,25,1.0
0,5.0,cell,UMP_Q_C_expected_random_capture,0.02,25,25,1.0
0,5.0,cell,UMP_Q_C_excess_purity,0.5616075618625609,25,25,1.0
0,5.0,cell,UMP_Q_C_excess_capture,0.3744050412417073,25,25,1.0
0,5.0,cell,UMP_Q_C_largest_canonical_correlation,0.9119710333005636,25,25,1.0
0,5.0,cell,UMP_Q_C_smallest_principal_angle,0.4226832464684436,25,25,1.0
0,5.0,cell,U4_Q_C_dim_U,4.0,25,25,1.0
0,5.0,cell,U4_Q_C_dim_Q,3.0,25,25,1.0
0,5.0,cell,U4_Q_C_shared_energy,1.6943522690755353,25,25,1.0
0,5.0,cell,U4_Q_C_purity,0.4235880672688838,25,25,1.0
0,5.0,cell,U4_Q_C_capture,0.564784089691845,25,25,1.0
0,5.0,cell,U4_Q_C_expected_random_purity,0.03,25,25,1.0
0,5.0,cell,U4_Q_C_expected_random_capture,0.04,25,25,1.0
0,5.0,cell,U4_Q_C_excess_purity,0.39358806726888373,25,25,1.0
0,5.0,cell,U4_Q_C_excess_capture,0.5247840896918451,25,25,1.0
0,5.0,cell,U4_Q_C_largest_canonical_correlation,0.9149886150205113,25,25,1.0
0,5.0,cell,U4_Q_C_smallest_principal_angle,0.4152658454739122,25,25,1.0
0,5.0,cell,UMP_Q_C_unique_dim_U,2.0,25,25,1.0
0,5.0,cell,UMP_Q_C_unique_dim_Q,3.0,25,25,1.0
0,5.0,cell,UMP_Q_C_unique_shared_energy,1.331335498327583,25,25,1.0
0,5.0,cell,UMP_Q_C_unique_purity,0.6656677491637915,25,25,1.0
0,5.0,cell,UMP_Q_C_unique_capture,0.44377849944252756,25,25,1.0
0,5.0,cell,UMP_Q_C_unique_expected_random_purity,0.03,25,25,1.0
0,5.0,cell,UMP_Q_C_unique_expected_random_capture,0.02,25,25,1.0
0,5.0,cell,UMP_Q_C_unique_excess_purity,0.6356677491637914,25,25,1.0
0,5.0,cell,UMP_Q_C_unique_excess_capture,0.4237784994425276,25,25,1.0
0,5.0,cell,UMP_Q_C_unique_largest_canonical_correlation,0.9756495195212203,25,25,1.0
0,5.0,cell,UMP_Q_C_unique_smallest_principal_angle,0.2210724034961084,25,25,1.0
0,5.0,cell,U4_Q_C_unique_dim_U,4.0,25,25,1.0
0,5.0,cell,U4_Q_C_unique_dim_Q,3.0,25,25,1.0
0,5.0,cell,U4_Q_C_unique_shared_energy,1.8488435283056515,25,25,1.0
0,5.0,cell,U4_Q_C_unique_purity,0.46221088207641287,25,25,1.0
0,5.0,cell,U4_Q_C_unique_capture,0.6162811761018838,25,25,1.0
0,5.0,cell,U4_Q_C_unique_expected_random_purity,0.03,25,25,1.0
0,5.0,cell,U4_Q_C_unique_expected_random_capture,0.04,25,25,1.0
0,5.0,cell,U4_Q_C_unique_excess_purity,0.4322108820764129,25,25,1.0
0,5.0,cell,U4_Q_C_unique_excess_capture,0.5762811761018838,25,25,1.0
0,5.0,cell,U4_Q_C_unique_largest_canonical_correlation,0.9764239714141444,25,25,1.0
0,5.0,cell,U4_Q_C_unique_smallest_principal_angle,0.21746078496346957,25,25,1.0
0,5.0,cell,UMP_Q_C_full_dim_U,2.0,25,25,1.0
0,5.0,cell,UMP_Q_C_full_dim_Q,4.0,25,25,1.0
0,5.0,cell,UMP_Q_C_full_shared_energy,1.7498430656850288,25,25,1.0
0,5.0,cell,UMP_Q_C_full_purity,0.8749215328425144,25,25,1.0
0,5.0,cell,UMP_Q_C_full_capture,0.4374607664212572,25,25,1.0
0,5.0,cell,UMP_Q_C_full_expected_random_purity,0.04,25,25,1.0
0,5.0,cell,UMP_Q_C_full_expected_random_capture,0.02,25,25,1.0
0,5.0,cell,UMP_Q_C_full_excess_purity,0.8349215328425145,25,25,1.0
0,5.0,cell,UMP_Q_C_full_excess_capture,0.41746076642125723,25,25,1.0
0,5.0,cell,UMP_Q_C_full_largest_canonical_correlation,0.9635951393753291,25,25,1.0
0,5.0,cell,UMP_Q_C_full_smallest_principal_angle,0.27061554568223317,25,25,1.0
0,5.0,cell,U4_Q_C_full_dim_U,4.0,25,25,1.0
0,5.0,cell,U4_Q_C_full_dim_Q,4.0,25,25,1.0
0,5.0,cell,U4_Q_C_full_shared_energy,2.333973659458205,25,25,1.0
0,5.0,cell,U4_Q_C_full_purity,0.5834934148645512,25,25,1.0
0,5.0,cell,U4_Q_C_full_capture,0.5834934148645512,25,25,1.0
0,5.0,cell,U4_Q_C_full_expected_random_purity,0.04,25,25,1.0
0,5.0,cell,U4_Q_C_full_expected_random_capture,0.04,25,25,1.0
0,5.0,cell,U4_Q_C_full_excess_purity,0.5434934148645513,25,25,1.0
0,5.0,cell,U4_Q_C_full_excess_capture,0.5434934148645513,25,25,1.0
0,5.0,cell,U4_Q_C_full_largest_canonical_correlation,0.9638064429117267,25,25,1.0
0,5.0,cell,U4_Q_C_full_smallest_principal_angle,0.26982946839768895,25,25,1.0
0,5.0,cell,UMP_Q_P4_dim_U,2.0,25,25,1.0
0,5.0,cell,UMP_Q_P4_dim_Q,4.0,25,25,1.0
0,5.0,cell,UMP_Q_P4_shared_energy,1.7899034737247839,25,25,1.0
0,5.0,cell,UMP_Q_P4_purity,0.8949517368623919,25,25,1.0
0,5.0,cell,UMP_Q_P4_capture,0.4474758684311959,25,25,1.0
0,5.0,cell,UMP_Q_P4_expected_random_purity,0.04,25,25,1.0
0,5.0,cell,UMP_Q_P4_expected_random_capture,0.02,25,25,1.0
0,5.0,cell,UMP_Q_P4_excess_purity,0.854951736862392,25,25,1.0
0,5.0,cell,UMP_Q_P4_excess_capture,0.4274758684311959,25,25,1.0
0,5.0,cell,UMP_Q_P4_largest_canonical_correlation,0.9769308045360577,25,25,1.0
0,5.0,cell,UMP_Q_P4_smallest_principal_angle,0.2151382945414948,25,25,1.0
0,5.0,cell,U4_Q_P4_dim_U,4.0,25,25,1.0
0,5.0,cell,U4_Q_P4_dim_Q,4.0,25,25,1.0
0,5.0,cell,U4_Q_P4_shared_energy,2.374434683164472,25,25,1.0
0,5.0,cell,U4_Q_P4_purity,0.593608670791118,25,25,1.0
0,5.0,cell,U4_Q_P4_capture,0.593608670791118,25,25,1.0
0,5.0,cell,U4_Q_P4_expected_random_purity,0.04,25,25,1.0
0,5.0,cell,U4_Q_P4_expected_random_capture,0.04,25,25,1.0
0,5.0,cell,U4_Q_P4_excess_purity,0.553608670791118,25,25,1.0
0,5.0,cell,U4_Q_P4_excess_capture,0.553608670791118,25,25,1.0
0,5.0,cell,U4_Q_P4_largest_canonical_correlation,0.9771080963685234,25,25,1.0
0,5.0,cell,U4_Q_P4_smallest_principal_angle,0.21431169805649064,25,25,1.0
0,5.0,cell,QR_Q_F_dim_U,5.0,25,25,1.0
0,5.0,cell,QR_Q_F_dim_Q,5.0,25,25,1.0
0,5.0,cell,QR_Q_F_shared_energy,4.976112750196887,25,25,1.0
0,5.0,cell,QR_Q_F_purity,0.9952225500393775,25,25,1.0
0,5.0,cell,QR_Q_F_capture,0.9952225500393775,25,25,1.0
0,5.0,cell,QR_Q_F_expected_random_purity,0.05000000000000001,25,25,1.0
0,5.0,cell,QR_Q_F_expected_random_capture,0.05000000000000001,25,25,1.0
0,5.0,cell,QR_Q_F_excess_purity,0.9452225500393777,25,25,1.0
0,5.0,cell,QR_Q_F_excess_capture,0.9452225500393777,25,25,1.0
0,5.0,cell,QR_Q_F_largest_canonical_correlation,0.9994642999686719,25,25,1.0
0,5.0,cell,QR_Q_F_smallest_principal_angle,0.03266710812249268,25,25,1.0
0,5.0,cell,QR_Q_C_dim_U,5.0,25,25,1.0
0,5.0,cell,QR_Q_C_dim_Q,3.0,25,25,1.0
0,5.0,cell,QR_Q_C_shared_energy,0.20970590688871404,25,25,1.0
0,5.0,cell,QR_Q_C_purity,0.04194118137774277,25,25,1.0
0,5.0,cell,QR_Q_C_capture,0.06990196896290465,25,25,1.0
0,5.0,cell,QR_Q_C_expected_random_purity,0.03,25,25,1.0
0,5.0,cell,QR_Q_C_expected_random_capture,0.05000000000000001,25,25,1.0
0,5.0,cell,QR_Q_C_excess_purity,0.011941181377742771,25,25,1.0
0,5.0,cell,QR_Q_C_excess_capture,0.01990196896290464,25,25,1.0
0,5.0,cell,QR_Q_C_largest_canonical_correlation,0.4178181760936503,25,25,1.0
0,5.0,cell,QR_Q_C_smallest_principal_angle,1.1397354063698635,25,25,1.0
0,5.0,cell,QR_Q_C_unique_dim_U,5.0,25,25,1.0
0,5.0,cell,QR_Q_C_unique_dim_Q,3.0,25,25,1.0
0,5.0,cell,QR_Q_C_unique_shared_energy,0.010993606197758328,25,25,1.0
0,5.0,cell,QR_Q_C_unique_purity,0.00219872123955162,25,25,1.0
0,5.0,cell,QR_Q_C_unique_capture,0.003664535399252736,25,25,1.0
0,5.0,cell,QR_Q_C_unique_expected_random_purity,0.03,25,25,1.0
0,5.0,cell,QR_Q_C_unique_expected_random_capture,0.05000000000000001,25,25,1.0
0,5.0,cell,QR_Q_C_unique_excess_purity,-0.02780127876044828,25,25,1.0
0,5.0,cell,QR_Q_C_unique_excess_capture,-0.04633546460074717,25,25,1.0
0,5.0,cell,QR_Q_C_unique_largest_canonical_correlation,0.10067501470095346,25,25,1.0
0,5.0,cell,QR_Q_C_unique_smallest_principal_angle,1.4699469925624071,25,25,1.0
0,5.0,cell,QR_Q_C_full_dim_U,5.0,25,25,1.0
0,5.0,cell,QR_Q_C_full_dim_Q,4.0,25,25,1.0
0,5.0,cell,QR_Q_C_full_shared_energy,0.24314251558592292,25,25,1.0
0,5.0,cell,QR_Q_C_full_purity,0.04862850311718454,25,25,1.0
0,5.0,cell,QR_Q_C_full_capture,0.0607856288964807,25,25,1.0
0,5.0,cell,QR_Q_C_full_expected_random_purity,0.04,25,25,1.0
0,5.0,cell,QR_Q_C_full_expected_random_capture,0.05000000000000001,25,25,1.0
0,5.0,cell,QR_Q_C_full_excess_purity,0.008628503117184544,25,25,1.0
0,5.0,cell,QR_Q_C_full_excess_capture,0.010785628896480689,25,25,1.0
0,5.0,cell,QR_Q_C_full_largest_canonical_correlation,0.41956614158456085,25,25,1.0
0,5.0,cell,QR_Q_C_full_smallest_principal_angle,1.1378093828649052,25,25,1.0
0,5.0,cell,QR_Q_P4_dim_U,5.0,25,25,1.0
0,5.0,cell,QR_Q_P4_dim_Q,4.0,25,25,1.0
0,5.0,cell,QR_Q_P4_shared_energy,0.22694561160652835,25,25,1.0
0,5.0,cell,QR_Q_P4_purity,0.04538912232130563,25,25,1.0
0,5.0,cell,QR_Q_P4_capture,0.05673640290163205,25,25,1.0
0,5.0,cell,QR_Q_P4_expected_random_purity,0.04,25,25,1.0
0,5.0,cell,QR_Q_P4_expected_random_capture,0.05000000000000001,25,25,1.0
0,5.0,cell,QR_Q_P4_excess_purity,0.0053891223213056285,25,25,1.0
0,5.0,cell,QR_Q_P4_excess_capture,0.006736402901632044,25,25,1.0
0,5.0,cell,QR_Q_P4_largest_canonical_correlation,0.41657489397923536,25,25,1.0
0,5.0,cell,QR_Q_P4_smallest_principal_angle,1.141099732631162,25,25,1.0
0,7.0,cell,UMP_Q_F_dim_U,2.28,25,25,1.0
0,7.0,cell,UMP_Q_F_dim_Q,5.0,25,25,1.0
0,7.0,cell,UMP_Q_F_shared_energy,0.000334906725823608,25,25,1.0
0,7.0,cell,UMP_Q_F_purity,0.00014372338905795792,25,25,1.0
0,7.0,cell,UMP_Q_F_capture,6.698134516472519e-05,25,25,1.0
0,7.0,cell,UMP_Q_F_expected_random_purity,0.05000000000000001,25,25,1.0
0,7.0,cell,UMP_Q_F_expected_random_capture,0.0228,25,25,1.0
0,7.0,cell,UMP_Q_F_excess_purity,-0.049856276610941955,25,25,1.0
0,7.0,cell,UMP_Q_F_excess_capture,-0.022733018654835218,25,25,1.0
0,7.0,cell,UMP_Q_F_largest_canonical_correlation,0.014287725973979848,25,25,1.0
0,7.0,cell,UMP_Q_F_smallest_principal_angle,1.5565080871090742,25,25,1.0
0,7.0,cell,U4_Q_F_dim_U,4.0,25,25,1.0
0,7.0,cell,U4_Q_F_dim_Q,5.0,25,25,1.0
0,7.0,cell,U4_Q_F_shared_energy,0.0007614229097500359,25,25,1.0
0,7.0,cell,U4_Q_F_purity,0.00019035572743747602,25,25,1.0
0,7.0,cell,U4_Q_F_capture,0.00015228458194996094,25,25,1.0
0,7.0,cell,U4_Q_F_expected_random_purity,0.05000000000000001,25,25,1.0
0,7.0,cell,U4_Q_F_expected_random_capture,0.04,25,25,1.0
0,7.0,cell,U4_Q_F_excess_purity,-0.04980964427256244,25,25,1.0
0,7.0,cell,U4_Q_F_excess_capture,-0.03984771541804995,25,25,1.0
0,7.0,cell,U4_Q_F_largest_canonical_correlation,0.019849553811543786,25,25,1.0
0,7.0,cell,U4_Q_F_smallest_principal_angle,1.5509454150539275,25,25,1.0
0,7.0,cell,UMP_Q_F_unique_dim_U,2.28,25,25,1.0
0,7.0,cell,UMP_Q_F_unique_dim_Q,5.0,25,25,1.0
0,7.0,cell,UMP_Q_F_unique_shared_energy,0.003306862950045264,25,25,1.0
0,7.0,cell,UMP_Q_F_unique_purity,0.0014116989949200963,25,25,1.0
0,7.0,cell,UMP_Q_F_unique_capture,0.0006613725900090161,25,25,1.0
0,7.0,cell,UMP_Q_F_unique_expected_random_purity,0.05000000000000001,25,25,1.0
0,7.0,cell,UMP_Q_F_unique_expected_random_capture,0.0228,25,25,1.0
0,7.0,cell,UMP_Q_F_unique_excess_purity,-0.0485883010050798,25,25,1.0
0,7.0,cell,UMP_Q_F_unique_excess_capture,-0.022138627409990886,25,25,1.0
0,7.0,cell,UMP_Q_F_unique_largest_canonical_correlation,0.05070070930258242,25,25,1.0
0,7.0,cell,UMP_Q_F_unique_smallest_principal_angle,1.5200700729958978,25,25,1.0
0,7.0,cell,U4_Q_F_unique_dim_U,4.0,25,25,1.0
0,7.0,cell,U4_Q_F_unique_dim_Q,5.0,25,25,1.0
0,7.0,cell,U4_Q_F_unique_shared_energy,0.005784482208059776,25,25,1.0
0,7.0,cell,U4_Q_F_unique_purity,0.001446120552014904,25,25,1.0
0,7.0,cell,U4_Q_F_unique_capture,0.001156896441611916,25,25,1.0
0,7.0,cell,U4_Q_F_unique_expected_random_purity,0.05000000000000001,25,25,1.0
0,7.0,cell,U4_Q_F_unique_expected_random_capture,0.04,25,25,1.0
0,7.0,cell,U4_Q_F_unique_excess_purity,-0.048553879447985004,25,25,1.0
0,7.0,cell,U4_Q_F_unique_excess_capture,-0.038843103558388006,25,25,1.0
0,7.0,cell,U4_Q_F_unique_largest_canonical_correlation,0.06653566330022145,25,25,1.0
0,7.0,cell,U4_Q_F_unique_smallest_principal_angle,1.50420821898474,25,25,1.0
0,7.0,cell,UMP_Q_C_dim_U,2.28,25,25,1.0
0,7.0,cell,UMP_Q_C_dim_Q,3.0,25,25,1.0
0,7.0,cell,UMP_Q_C_shared_energy,0.2908077860908123,25,25,1.0
0,7.0,cell,UMP_Q_C_purity,0.12482806739909061,25,25,1.0
0,7.0,cell,UMP_Q_C_capture,0.0969359286969374,25,25,1.0
0,7.0,cell,UMP_Q_C_expected_random_purity,0.03,25,25,1.0
0,7.0,cell,UMP_Q_C_expected_random_capture,0.0228,25,25,1.0
0,7.0,cell,UMP_Q_C_excess_purity,0.09482806739909058,25,25,1.0
0,7.0,cell,UMP_Q_C_excess_capture,0.0741359286969374,25,25,1.0
0,7.0,cell,UMP_Q_C_largest_canonical_correlation,0.4908685882552227,25,25,1.0
0,7.0,cell,UMP_Q_C_smallest_principal_angle,1.0490603646741368,25,25,1.0
0,7.0,cell,U4_Q_C_dim_U,4.0,25,25,1.0
0,7.0,cell,U4_Q_C_dim_Q,3.0,25,25,1.0
0,7.0,cell,U4_Q_C_shared_energy,0.42858659995736015,25,25,1.0
0,7.0,cell,U4_Q_C_purity,0.10714664998934,25,25,1.0
0,7.0,cell,U4_Q_C_capture,0.14286219998578667,25,25,1.0
0,7.0,cell,U4_Q_C_expected_random_purity,0.03,25,25,1.0
0,7.0,cell,U4_Q_C_expected_random_capture,0.04,25,25,1.0
0,7.0,cell,U4_Q_C_excess_purity,0.07714664998934001,25,25,1.0
0,7.0,cell,U4_Q_C_excess_capture,0.10286219998578668,25,25,1.0
0,7.0,cell,U4_Q_C_largest_canonical_correlation,0.6038607089856001,25,25,1.0
0,7.0,cell,U4_Q_C_smallest_principal_angle,0.9208433252527978,25,25,1.0
0,7.0,cell,UMP_Q_C_unique_dim_U,2.28,25,25,1.0
0,7.0,cell,UMP_Q_C_unique_dim_Q,3.0,25,25,1.0
0,7.0,cell,UMP_Q_C_unique_shared_energy,0.29377974231503357,25,25,1.0
0,7.0,cell,UMP_Q_C_unique_purity,0.12609604300495256,25,25,1.0
0,7.0,cell,UMP_Q_C_unique_capture,0.09792658077167783,25,25,1.0
0,7.0,cell,UMP_Q_C_unique_expected_random_purity,0.03,25,25,1.0
0,7.0,cell,UMP_Q_C_unique_expected_random_capture,0.0228,25,25,1.0
0,7.0,cell,UMP_Q_C_unique_excess_purity,0.09609604300495254,25,25,1.0
0,7.0,cell,UMP_Q_C_unique_excess_capture,0.07512658077167782,25,25,1.0
0,7.0,cell,UMP_Q_C_unique_largest_canonical_correlation,0.492924356611164,25,25,1.0
0,7.0,cell,UMP_Q_C_unique_smallest_principal_angle,1.0466790749700037,25,25,1.0
0,7.0,cell,U4_Q_C_unique_dim_U,4.0,25,25,1.0
0,7.0,cell,U4_Q_C_unique_dim_Q,3.0,25,25,1.0
0,7.0,cell,U4_Q_C_unique_shared_energy,0.4336096592556693,25,25,1.0
0,7.0,cell,U4_Q_C_unique_purity,0.10840241481391727,25,25,1.0
0,7.0,cell,U4_Q_C_unique_capture,0.14453655308522306,25,25,1.0
0,7.0,cell,U4_Q_C_unique_expected_random_purity,0.03,25,25,1.0
0,7.0,cell,U4_Q_C_unique_expected_random_capture,0.04,25,25,1.0
0,7.0,cell,U4_Q_C_unique_excess_purity,0.07840241481391727,25,25,1.0
0,7.0,cell,U4_Q_C_unique_excess_capture,0.10453655308522306,25,25,1.0
0,7.0,cell,U4_Q_C_unique_largest_canonical_correlation,0.6055061026082691,25,25,1.0
0,7.0,cell,U4_Q_C_unique_smallest_principal_angle,0.9187425699246441,25,25,1.0
0,7.0,cell,UMP_Q_C_full_dim_U,2.28,25,25,1.0
0,7.0,cell,UMP_Q_C_full_dim_Q,4.0,25,25,1.0
0,7.0,cell,UMP_Q_C_full_shared_energy,0.3248325841206383,25,25,1.0
0,7.0,cell,UMP_Q_C_full_purity,0.14015300744646766,25,25,1.0
0,7.0,cell,UMP_Q_C_full_capture,0.08120814603015955,25,25,1.0
0,7.0,cell,UMP_Q_C_full_expected_random_purity,0.04,25,25,1.0
0,7.0,cell,UMP_Q_C_full_expected_random_capture,0.0228,25,25,1.0
0,7.0,cell,UMP_Q_C_full_excess_purity,0.10015300744646766,25,25,1.0
0,7.0,cell,UMP_Q_C_full_excess_capture,0.058408146030159536,25,25,1.0
0,7.0,cell,UMP_Q_C_full_largest_canonical_correlation,0.5199015600356541,25,25,1.0
0,7.0,cell,UMP_Q_C_full_smallest_principal_angle,1.0167775093950369,25,25,1.0
0,7.0,cell,U4_Q_C_full_dim_U,4.0,25,25,1.0
0,7.0,cell,U4_Q_C_full_dim_Q,4.0,25,25,1.0
0,7.0,cell,U4_Q_C_full_shared_energy,0.4715174124281456,25,25,1.0
0,7.0,cell,U4_Q_C_full_purity,0.11787935310703634,25,25,1.0
0,7.0,cell,U4_Q_C_full_capture,0.11787935310703634,25,25,1.0
0,7.0,cell,U4_Q_C_full_expected_random_purity,0.04,25,25,1.0
0,7.0,cell,U4_Q_C_full_expected_random_capture,0.04,25,25,1.0
0,7.0,cell,U4_Q_C_full_excess_purity,0.07787935310703635,25,25,1.0
0,7.0,cell,U4_Q_C_full_excess_capture,0.07787935310703635,25,25,1.0
0,7.0,cell,U4_Q_C_full_largest_canonical_correlation,0.6150923378931943,25,25,1.0
0,7.0,cell,U4_Q_C_full_smallest_principal_angle,0.9068669663237953,25,25,1.0
0,7.0,cell,UMP_Q_P4_dim_U,2.28,25,25,1.0
0,7.0,cell,UMP_Q_P4_dim_Q,4.0,25,25,1.0
0,7.0,cell,UMP_Q_P4_shared_energy,0.3173642384367034,25,25,1.0
0,7.0,cell,UMP_Q_P4_purity,0.1370045322249146,25,25,1.0
0,7.0,cell,UMP_Q_P4_capture,0.07934105960917581,25,25,1.0
0,7.0,cell,UMP_Q_P4_expected_random_purity,0.04,25,25,1.0
0,7.0,cell,UMP_Q_P4_expected_random_capture,0.0228,25,25,1.0
0,7.0,cell,UMP_Q_P4_excess_purity,0.09700453222491459,25,25,1.0
0,7.0,cell,UMP_Q_P4_excess_capture,0.05654105960917581,25,25,1.0
0,7.0,cell,UMP_Q_P4_largest_canonical_correlation,0.5127882920727146,25,25,1.0
0,7.0,cell,UMP_Q_P4_smallest_principal_angle,1.0254545887059807,25,25,1.0
0,7.0,cell,U4_Q_P4_dim_U,4.0,25,25,1.0
0,7.0,cell,U4_Q_P4_dim_Q,4.0,25,25,1.0
0,7.0,cell,U4_Q_P4_shared_energy,0.4608849714556947,25,25,1.0
0,7.0,cell,U4_Q_P4_purity,0.11522124286392364,25,25,1.0
0,7.0,cell,U4_Q_P4_capture,0.11522124286392364,25,25,1.0
0,7.0,cell,U4_Q_P4_expected_random_purity,0.04,25,25,1.0
0,7.0,cell,U4_Q_P4_expected_random_capture,0.04,25,25,1.0
0,7.0,cell,U4_Q_P4_excess_purity,0.07522124286392363,25,25,1.0
0,7.0,cell,U4_Q_P4_excess_capture,0.07522124286392363,25,25,1.0
0,7.0,cell,U4_Q_P4_largest_canonical_correlation,0.6091474035368107,25,25,1.0
0,7.0,cell,U4_Q_P4_smallest_principal_angle,0.9144462573740707,25,25,1.0
0,7.0,cell,QR_Q_F_dim_U,7.0,25,25,1.0
0,7.0,cell,QR_Q_F_dim_Q,5.0,25,25,1.0
0,7.0,cell,QR_Q_F_shared_energy,4.9878903532731504,25,25,1.0
0,7.0,cell,QR_Q_F_purity,0.7125557647533073,25,25,1.0
0,7.0,cell,QR_Q_F_capture,0.99757807065463,25,25,1.0
0,7.0,cell,QR_Q_F_expected_random_purity,0.05000000000000001,25,25,1.0
0,7.0,cell,QR_Q_F_expected_random_capture,0.07,25,25,1.0
0,7.0,cell,QR_Q_F_excess_purity,0.6625557647533071,25,25,1.0
0,7.0,cell,QR_Q_F_excess_capture,0.9275780706546299,25,25,1.0
0,7.0,cell,QR_Q_F_largest_canonical_correlation,0.9994986189709222,25,25,1.0
0,7.0,cell,QR_Q_F_smallest_principal_angle,0.03160363546794082,25,25,1.0
0,7.0,cell,QR_Q_C_dim_U,7.0,25,25,1.0
0,7.0,cell,QR_Q_C_dim_Q,3.0,25,25,1.0
0,7.0,cell,QR_Q_C_shared_energy,1.4020280549297603,25,25,1.0
0,7.0,cell,QR_Q_C_purity,0.20028972213282292,25,25,1.0
0,7.0,cell,QR_Q_C_capture,0.4673426849765869,25,25,1.0
0,7.0,cell,QR_Q_C_expected_random_purity,0.03,25,25,1.0
0,7.0,cell,QR_Q_C_expected_random_capture,0.07,25,25,1.0
0,7.0,cell,QR_Q_C_excess_purity,0.17028972213282287,25,25,1.0
0,7.0,cell,QR_Q_C_excess_capture,0.3973426849765868,25,25,1.0
0,7.0,cell,QR_Q_C_largest_canonical_correlation,0.984705770723357,25,25,1.0
0,7.0,cell,QR_Q_C_smallest_principal_angle,0.17503918258841075,25,25,1.0
0,7.0,cell,QR_Q_C_unique_dim_U,7.0,25,25,1.0
0,7.0,cell,QR_Q_C_unique_dim_Q,3.0,25,25,1.0
0,7.0,cell,QR_Q_C_unique_shared_energy,1.353486693589481,25,25,1.0
0,7.0,cell,QR_Q_C_unique_purity,0.19335524194135434,25,25,1.0
0,7.0,cell,QR_Q_C_unique_capture,0.45116223119649357,25,25,1.0
0,7.0,cell,QR_Q_C_unique_expected_random_purity,0.03,25,25,1.0
0,7.0,cell,QR_Q_C_unique_expected_random_capture,0.07,25,25,1.0
0,7.0,cell,QR_Q_C_unique_excess_purity,0.16335524194135434,25,25,1.0
0,7.0,cell,QR_Q_C_unique_excess_capture,0.3811622311964935,25,25,1.0
0,7.0,cell,QR_Q_C_unique_largest_canonical_correlation,0.9829516525772678,25,25,1.0
0,7.0,cell,QR_Q_C_unique_smallest_principal_angle,0.18483024455615152,25,25,1.0
0,7.0,cell,QR_Q_C_full_dim_U,7.0,25,25,1.0
0,7.0,cell,QR_Q_C_full_dim_Q,4.0,25,25,1.0
0,7.0,cell,QR_Q_C_full_shared_energy,1.9961587645529655,25,25,1.0
0,7.0,cell,QR_Q_C_full_purity,0.2851655377932808,25,25,1.0
0,7.0,cell,QR_Q_C_full_capture,0.49903969113824137,25,25,1.0
0,7.0,cell,QR_Q_C_full_expected_random_purity,0.04,25,25,1.0
0,7.0,cell,QR_Q_C_full_expected_random_capture,0.07,25,25,1.0
0,7.0,cell,QR_Q_C_full_excess_purity,0.24516553779328076,25,25,1.0
0,7.0,cell,QR_Q_C_full_excess_capture,0.4290396911382414,25,25,1.0
0,7.0,cell,QR_Q_C_full_largest_canonical_correlation,0.9850395841233176,25,25,1.0
0,7.0,cell,QR_Q_C_full_smallest_principal_angle,0.17311791130601453,25,25,1.0
0,7.0,cell,QR_Q_P4_dim_U,7.0,25,25,1.0
0,7.0,cell,QR_Q_P4_dim_Q,4.0,25,25,1.0
0,7.0,cell,QR_Q_P4_shared_energy,2.0238657730524205,25,25,1.0
0,7.0,cell,QR_Q_P4_purity,0.2891236818646315,25,25,1.0
0,7.0,cell,QR_Q_P4_capture,0.5059664432631051,25,25,1.0
0,7.0,cell,QR_Q_P4_expected_random_purity,0.04,25,25,1.0
0,7.0,cell,QR_Q_P4_expected_random_capture,0.07,25,25,1.0
0,7.0,cell,QR_Q_P4_excess_purity,0.2491236818646315,25,25,1.0
0,7.0,cell,QR_Q_P4_excess_capture,0.43596644326310513,25,25,1.0
0,7.0,cell,QR_Q_P4_largest_canonical_correlation,0.9935151980627778,25,25,1.0
0,7.0,cell,QR_Q_P4_smallest_principal_angle,0.11385967032634235,25,25,1.0
1,3.0,cell,UMP_Q_F_dim_U,4.0,25,25,1.0
1,3.0,cell,UMP_Q_F_dim_Q,5.0,25,25,1.0
1,3.0,cell,UMP_Q_F_shared_energy,1.9698553014553315,25,25,1.0
1,3.0,cell,UMP_Q_F_purity,0.4924638253638329,25,25,1.0
1,3.0,cell,UMP_Q_F_capture,0.3939710602910662,25,25,1.0
1,3.0,cell,UMP_Q_F_expected_random_purity,0.05000000000000001,25,25,1.0
1,3.0,cell,UMP_Q_F_expected_random_capture,0.04,25,25,1.0
1,3.0,cell,UMP_Q_F_excess_purity,0.4424638253638328,25,25,1.0
1,3.0,cell,UMP_Q_F_excess_capture,0.3539710602910663,25,25,1.0
1,3.0,cell,UMP_Q_F_largest_canonical_correlation,0.9948256406579686,25,25,1.0
1,3.0,cell,UMP_Q_F_smallest_principal_angle,0.10049612769320992,25,25,1.0
1,3.0,cell,U4_Q_F_dim_U,4.0,25,25,1.0
1,3.0,cell,U4_Q_F_dim_Q,5.0,25,25,1.0
1,3.0,cell,U4_Q_F_shared_energy,1.9698553014553315,25,25,1.0
1,3.0,cell,U4_Q_F_purity,0.4924638253638329,25,25,1.0
1,3.0,cell,U4_Q_F_capture,0.3939710602910662,25,25,1.0
1,3.0,cell,U4_Q_F_expected_random_purity,0.05000000000000001,25,25,1.0
1,3.0,cell,U4_Q_F_expected_random_capture,0.04,25,25,1.0
1,3.0,cell,U4_Q_F_excess_purity,0.4424638253638328,25,25,1.0
1,3.0,cell,U4_Q_F_excess_capture,0.3539710602910663,25,25,1.0
1,3.0,cell,U4_Q_F_largest_canonical_correlation,0.9948256406579686,25,25,1.0
1,3.0,cell,U4_Q_F_smallest_principal_angle,0.10049612769320992,25,25,1.0
1,3.0,cell,UMP_Q_F_unique_dim_U,4.0,25,25,1.0
1,3.0,cell,UMP_Q_F_unique_dim_Q,5.0,25,25,1.0
1,3.0,cell,UMP_Q_F_unique_shared_energy,2.012116920499033,25,25,1.0
1,3.0,cell,UMP_Q_F_unique_purity,0.5030292301247582,25,25,1.0
1,3.0,cell,UMP_Q_F_unique_capture,0.4024233840998066,25,25,1.0
1,3.0,cell,UMP_Q_F_unique_expected_random_purity,0.05000000000000001,25,25,1.0
1,3.0,cell,UMP_Q_F_unique_expected_random_capture,0.04,25,25,1.0
1,3.0,cell,UMP_Q_F_unique_excess_purity,0.4530292301247582,25,25,1.0
1,3.0,cell,UMP_Q_F_unique_excess_capture,0.3624233840998066,25,25,1.0
1,3.0,cell,UMP_Q_F_unique_largest_canonical_correlation,0.9899042421342643,25,25,1.0
1,3.0,cell,UMP_Q_F_unique_smallest_principal_angle,0.14199632242528634,25,25,1.0
1,3.0,cell,U4_Q_F_unique_dim_U,4.0,25,25,1.0
1,3.0,cell,U4_Q_F_unique_dim_Q,5.0,25,25,1.0
1,3.0,cell,U4_Q_F_unique_shared_energy,2.012116920499033,25,25,1.0
1,3.0,cell,U4_Q_F_unique_purity,0.5030292301247582,25,25,1.0
1,3.0,cell,U4_Q_F_unique_capture,0.4024233840998066,25,25,1.0
1,3.0,cell,U4_Q_F_unique_expected_random_purity,0.05000000000000001,25,25,1.0
1,3.0,cell,U4_Q_F_unique_expected_random_capture,0.04,25,25,1.0
1,3.0,cell,U4_Q_F_unique_excess_purity,0.4530292301247582,25,25,1.0
1,3.0,cell,U4_Q_F_unique_excess_capture,0.3624233840998066,25,25,1.0
1,3.0,cell,U4_Q_F_unique_largest_canonical_correlation,0.9899042421342643,25,25,1.0
1,3.0,cell,U4_Q_F_unique_smallest_principal_angle,0.14199632242528634,25,25,1.0
1,3.0,cell,UMP_Q_C_dim_U,4.0,25,25,1.0
1,3.0,cell,UMP_Q_C_dim_Q,3.0,25,25,1.0
1,3.0,cell,UMP_Q_C_shared_energy,1.2942892846781573,25,25,1.0
1,3.0,cell,UMP_Q_C_purity,0.3235723211695393,25,25,1.0
1,3.0,cell,UMP_Q_C_capture,0.4314297615593858,25,25,1.0
1,3.0,cell,UMP_Q_C_expected_random_purity,0.03,25,25,1.0
1,3.0,cell,UMP_Q_C_expected_random_capture,0.04,25,25,1.0
1,3.0,cell,UMP_Q_C_excess_purity,0.29357232116953935,25,25,1.0
1,3.0,cell,UMP_Q_C_excess_capture,0.39142976155938575,25,25,1.0
1,3.0,cell,UMP_Q_C_largest_canonical_correlation,0.9378965141073791,25,25,1.0
1,3.0,cell,UMP_Q_C_smallest_principal_angle,0.35424012260301396,25,25,1.0
1,3.0,cell,U4_Q_C_dim_U,4.0,25,25,1.0
1,3.0,cell,U4_Q_C_dim_Q,3.0,25,25,1.0
1,3.0,cell,U4_Q_C_shared_energy,1.2942892846781573,25,25,1.0
1,3.0,cell,U4_Q_C_purity,0.3235723211695393,25,25,1.0
1,3.0,cell,U4_Q_C_capture,0.4314297615593858,25,25,1.0
1,3.0,cell,U4_Q_C_expected_random_purity,0.03,25,25,1.0
1,3.0,cell,U4_Q_C_expected_random_capture,0.04,25,25,1.0
1,3.0,cell,U4_Q_C_excess_purity,0.29357232116953935,25,25,1.0
1,3.0,cell,U4_Q_C_excess_capture,0.39142976155938575,25,25,1.0
1,3.0,cell,U4_Q_C_largest_canonical_correlation,0.9378965141073791,25,25,1.0
1,3.0,cell,U4_Q_C_smallest_principal_angle,0.35424012260301396,25,25,1.0
1,3.0,cell,UMP_Q_C_unique_dim_U,4.0,25,25,1.0
1,3.0,cell,UMP_Q_C_unique_dim_Q,3.0,25,25,1.0
1,3.0,cell,UMP_Q_C_unique_shared_energy,1.336550903721859,25,25,1.0
1,3.0,cell,UMP_Q_C_unique_purity,0.33413772593046476,25,25,1.0
1,3.0,cell,UMP_Q_C_unique_capture,0.44551696790728634,25,25,1.0
1,3.0,cell,UMP_Q_C_unique_expected_random_purity,0.03,25,25,1.0
1,3.0,cell,UMP_Q_C_unique_expected_random_capture,0.04,25,25,1.0
1,3.0,cell,UMP_Q_C_unique_excess_purity,0.30413772593046473,25,25,1.0
1,3.0,cell,UMP_Q_C_unique_excess_capture,0.40551696790728636,25,25,1.0
1,3.0,cell,UMP_Q_C_unique_largest_canonical_correlation,0.9670603257285538,25,25,1.0
1,3.0,cell,UMP_Q_C_unique_smallest_principal_angle,0.2572457707473912,25,25,1.0
1,3.0,cell,U4_Q_C_unique_dim_U,4.0,25,25,1.0
1,3.0,cell,U4_Q_C_unique_dim_Q,3.0,25,25,1.0
1,3.0,cell,U4_Q_C_unique_shared_energy,1.336550903721859,25,25,1.0
1,3.0,cell,U4_Q_C_unique_purity,0.33413772593046476,25,25,1.0
1,3.0,cell,U4_Q_C_unique_capture,0.44551696790728634,25,25,1.0
1,3.0,cell,U4_Q_C_unique_expected_random_purity,0.03,25,25,1.0
1,3.0,cell,U4_Q_C_unique_expected_random_capture,0.04,25,25,1.0
1,3.0,cell,U4_Q_C_unique_excess_purity,0.30413772593046473,25,25,1.0
1,3.0,cell,U4_Q_C_unique_excess_capture,0.40551696790728636,25,25,1.0
1,3.0,cell,U4_Q_C_unique_largest_canonical_correlation,0.9670603257285538,25,25,1.0
1,3.0,cell,U4_Q_C_unique_smallest_principal_angle,0.2572457707473912,25,25,1.0
1,3.0,cell,UMP_Q_C_full_dim_U,4.0,25,25,1.0
1,3.0,cell,UMP_Q_C_full_dim_Q,4.0,25,25,1.0
1,3.0,cell,UMP_Q_C_full_shared_energy,1.8291675458797911,25,25,1.0
1,3.0,cell,UMP_Q_C_full_purity,0.4572918864699478,25,25,1.0
1,3.0,cell,UMP_Q_C_full_capture,0.4572918864699478,25,25,1.0
1,3.0,cell,UMP_Q_C_full_expected_random_purity,0.04,25,25,1.0
1,3.0,cell,UMP_Q_C_full_expected_random_capture,0.04,25,25,1.0
1,3.0,cell,UMP_Q_C_full_excess_purity,0.41729188646994786,25,25,1.0
1,3.0,cell,UMP_Q_C_full_excess_capture,0.41729188646994786,25,25,1.0
1,3.0,cell,UMP_Q_C_full_largest_canonical_correlation,0.9564583673114548,25,25,1.0
1,3.0,cell,UMP_Q_C_full_smallest_principal_angle,0.2957302919652567,25,25,1.0
1,3.0,cell,U4_Q_C_full_dim_U,4.0,25,25,1.0
1,3.0,cell,U4_Q_C_full_dim_Q,4.0,25,25,1.0
1,3.0,cell,U4_Q_C_full_shared_energy,1.8291675458797911,25,25,1.0
1,3.0,cell,U4_Q_C_full_purity,0.4572918864699478,25,25,1.0
1,3.0,cell,U4_Q_C_full_capture,0.4572918864699478,25,25,1.0
1,3.0,cell,U4_Q_C_full_expected_random_purity,0.04,25,25,1.0
1,3.0,cell,U4_Q_C_full_expected_random_capture,0.04,25,25,1.0
1,3.0,cell,U4_Q_C_full_excess_purity,0.41729188646994786,25,25,1.0
1,3.0,cell,U4_Q_C_full_excess_capture,0.41729188646994786,25,25,1.0
1,3.0,cell,U4_Q_C_full_largest_canonical_correlation,0.9564583673114548,25,25,1.0
1,3.0,cell,U4_Q_C_full_smallest_principal_angle,0.2957302919652567,25,25,1.0
1,3.0,cell,UMP_Q_P4_dim_U,4.0,25,25,1.0
1,3.0,cell,UMP_Q_P4_dim_Q,4.0,25,25,1.0
1,3.0,cell,UMP_Q_P4_shared_energy,1.8577505080926924,25,25,1.0
1,3.0,cell,UMP_Q_P4_purity,0.4644376270231731,25,25,1.0
1,3.0,cell,UMP_Q_P4_capture,0.4644376270231731,25,25,1.0
1,3.0,cell,UMP_Q_P4_expected_random_purity,0.04,25,25,1.0
1,3.0,cell,UMP_Q_P4_expected_random_capture,0.04,25,25,1.0
1,3.0,cell,UMP_Q_P4_excess_purity,0.424437627023173,25,25,1.0
1,3.0,cell,UMP_Q_P4_excess_capture,0.424437627023173,25,25,1.0
1,3.0,cell,UMP_Q_P4_largest_canonical_correlation,0.9670030150957639,25,25,1.0
1,3.0,cell,UMP_Q_P4_smallest_principal_angle,0.2573680450505553,25,25,1.0
1,3.0,cell,U4_Q_P4_dim_U,4.0,25,25,1.0
1,3.0,cell,U4_Q_P4_dim_Q,4.0,25,25,1.0
1,3.0,cell,U4_Q_P4_shared_energy,1.8577505080926924,25,25,1.0
1,3.0,cell,U4_Q_P4_purity,0.4644376270231731,25,25,1.0
1,3.0,cell,U4_Q_P4_capture,0.4644376270231731,25,25,1.0
1,3.0,cell,U4_Q_P4_expected_random_purity,0.04,25,25,1.0
1,3.0,cell,U4_Q_P4_expected_random_capture,0.04,25,25,1.0
1,3.0,cell,U4_Q_P4_excess_purity,0.424437627023173,25,25,1.0
1,3.0,cell,U4_Q_P4_excess_capture,0.424437627023173,25,25,1.0
1,3.0,cell,U4_Q_P4_largest_canonical_correlation,0.9670030150957639,25,25,1.0
1,3.0,cell,U4_Q_P4_smallest_principal_angle,0.2573680450505553,25,25,1.0
1,3.0,cell,QR_Q_F_dim_U,3.0,25,25,1.0
1,3.0,cell,QR_Q_F_dim_Q,5.0,25,25,1.0
1,3.0,cell,QR_Q_F_shared_energy,2.994841331405333,25,25,1.0
1,3.0,cell,QR_Q_F_purity,0.9982804438017773,25,25,1.0
1,3.0,cell,QR_Q_F_capture,0.5989682662810665,25,25,1.0
1,3.0,cell,QR_Q_F_expected_random_purity,0.05000000000000001,25,25,1.0
1,3.0,cell,QR_Q_F_expected_random_capture,0.03,25,25,1.0
1,3.0,cell,QR_Q_F_excess_purity,0.9482804438017773,25,25,1.0
1,3.0,cell,QR_Q_F_excess_capture,0.5689682662810663,25,25,1.0
1,3.0,cell,QR_Q_F_largest_canonical_correlation,0.9994220947630533,25,25,1.0
1,3.0,cell,QR_Q_F_smallest_principal_angle,0.033975560440856645,25,25,1.0
1,3.0,cell,QR_Q_C_dim_U,3.0,25,25,1.0
1,3.0,cell,QR_Q_C_dim_Q,3.0,25,25,1.0
1,3.0,cell,QR_Q_C_shared_energy,0.18926212360138742,25,25,1.0
1,3.0,cell,QR_Q_C_purity,0.06308737453379579,25,25,1.0
1,3.0,cell,QR_Q_C_capture,0.06308737453379579,25,25,1.0
1,3.0,cell,QR_Q_C_expected_random_purity,0.03,25,25,1.0
1,3.0,cell,QR_Q_C_expected_random_capture,0.03,25,25,1.0
1,3.0,cell,QR_Q_C_excess_purity,0.03308737453379578,25,25,1.0
1,3.0,cell,QR_Q_C_excess_capture,0.03308737453379578,25,25,1.0
1,3.0,cell,QR_Q_C_largest_canonical_correlation,0.3858268532191787,25,25,1.0
1,3.0,cell,QR_Q_C_smallest_principal_angle,1.1746008272483628,25,25,1.0
1,3.0,cell,QR_Q_C_unique_dim_U,3.0,25,25,1.0
1,3.0,cell,QR_Q_C_unique_dim_Q,3.0,25,25,1.0
1,3.0,cell,QR_Q_C_unique_shared_energy,0.00056402729286932,25,25,1.0
1,3.0,cell,QR_Q_C_unique_purity,0.00018800909762309138,25,25,1.0
1,3.0,cell,QR_Q_C_unique_capture,0.00018800909762309138,25,25,1.0
1,3.0,cell,QR_Q_C_unique_expected_random_purity,0.03,25,25,1.0
1,3.0,cell,QR_Q_C_unique_expected_random_capture,0.03,25,25,1.0
1,3.0,cell,QR_Q_C_unique_excess_purity,-0.02981199090237683,25,25,1.0
1,3.0,cell,QR_Q_C_unique_excess_capture,-0.02981199090237683,25,25,1.0
1,3.0,cell,QR_Q_C_unique_largest_canonical_correlation,0.021110444840489184,25,25,1.0
1,3.0,cell,QR_Q_C_unique_smallest_principal_angle,1.5496834772048984,25,25,1.0
1,3.0,cell,QR_Q_C_full_dim_U,3.0,25,25,1.0
1,3.0,cell,QR_Q_C_full_dim_Q,4.0,25,25,1.0
1,3.0,cell,QR_Q_C_full_shared_energy,0.22564740005901057,25,25,1.0
1,3.0,cell,QR_Q_C_full_purity,0.07521580001967015,25,25,1.0
1,3.0,cell,QR_Q_C_full_capture,0.0564118500147526,25,25,1.0
1,3.0,cell,QR_Q_C_full_expected_random_purity,0.04,25,25,1.0
1,3.0,cell,QR_Q_C_full_expected_random_capture,0.03,25,25,1.0
1,3.0,cell,QR_Q_C_full_excess_purity,0.03521580001967015,25,25,1.0
1,3.0,cell,QR_Q_C_full_excess_capture,0.026411850014752606,25,25,1.0
1,3.0,cell,QR_Q_C_full_largest_canonical_correlation,0.40790391212142957,25,25,1.0
1,3.0,cell,QR_Q_C_full_smallest_principal_angle,1.150613817593111,25,25,1.0
1,3.0,cell,QR_Q_P4_dim_U,3.0,25,25,1.0
1,3.0,cell,QR_Q_P4_dim_Q,4.0,25,25,1.0
1,3.0,cell,QR_Q_P4_shared_energy,0.2273134187354821,25,25,1.0
1,3.0,cell,QR_Q_P4_purity,0.07577113957849402,25,25,1.0
1,3.0,cell,QR_Q_P4_capture,0.05682835468387048,25,25,1.0
1,3.0,cell,QR_Q_P4_expected_random_purity,0.04,25,25,1.0
1,3.0,cell,QR_Q_P4_expected_random_capture,0.03,25,25,1.0
1,3.0,cell,QR_Q_P4_excess_purity,0.035771139578494,25,25,1.0
1,3.0,cell,QR_Q_P4_excess_capture,0.026828354683870487,25,25,1.0
1,3.0,cell,QR_Q_P4_largest_canonical_correlation,0.40692482335955016,25,25,1.0
1,3.0,cell,QR_Q_P4_smallest_principal_angle,1.1517016972469998,25,25,1.0
1,5.0,cell,UMP_Q_F_dim_U,2.0,25,25,1.0
1,5.0,cell,UMP_Q_F_dim_Q,5.0,25,25,1.0
1,5.0,cell,UMP_Q_F_shared_energy,0.002789364241843064,25,25,1.0
1,5.0,cell,UMP_Q_F_purity,0.001394682120921504,25,25,1.0
1,5.0,cell,UMP_Q_F_capture,0.0005578728483685679,25,25,1.0
1,5.0,cell,UMP_Q_F_expected_random_purity,0.05000000000000001,25,25,1.0
1,5.0,cell,UMP_Q_F_expected_random_capture,0.02,25,25,1.0
1,5.0,cell,UMP_Q_F_excess_purity,-0.0486053178790784,25,25,1.0
1,5.0,cell,UMP_Q_F_excess_capture,-0.019442127151631336,25,25,1.0
1,5.0,cell,UMP_Q_F_largest_canonical_correlation,0.044954300627644175,25,25,1.0
1,5.0,cell,UMP_Q_F_smallest_principal_angle,1.5258253802680224,25,25,1.0
1,5.0,cell,U4_Q_F_dim_U,4.0,25,25,1.0
1,5.0,cell,U4_Q_F_dim_Q,5.0,25,25,1.0
1,5.0,cell,U4_Q_F_shared_energy,0.0030840721060869437,25,25,1.0
1,5.0,cell,U4_Q_F_purity,0.0007710180265216999,25,25,1.0
1,5.0,cell,U4_Q_F_capture,0.000616814421217352,25,25,1.0
1,5.0,cell,U4_Q_F_expected_random_purity,0.05000000000000001,25,25,1.0
1,5.0,cell,U4_Q_F_expected_random_capture,0.04,25,25,1.0
1,5.0,cell,U4_Q_F_excess_purity,-0.049228981973478206,25,25,1.0
1,5.0,cell,U4_Q_F_excess_capture,-0.03938318557878255,25,25,1.0
1,5.0,cell,U4_Q_F_largest_canonical_correlation,0.04568144422452324,25,25,1.0
1,5.0,cell,U4_Q_F_smallest_principal_angle,1.525097581594765,25,25,1.0
1,5.0,cell,UMP_Q_F_unique_dim_U,2.0,25,25,1.0
1,5.0,cell,UMP_Q_F_unique_dim_Q,5.0,25,25,1.0
1,5.0,cell,UMP_Q_F_unique_shared_energy,0.0848843737610954,25,25,1.0
1,5.0,cell,UMP_Q_F_unique_purity,0.04244218688054766,25,25,1.0
1,5.0,cell,UMP_Q_F_unique_capture,0.01697687475221903,25,25,1.0
1,5.0,cell,UMP_Q_F_unique_expected_random_purity,0.05000000000000001,25,25,1.0
1,5.0,cell,UMP_Q_F_unique_expected_random_capture,0.02,25,25,1.0
1,5.0,cell,UMP_Q_F_unique_excess_purity,-0.00755781311945224,25,25,1.0
1,5.0,cell,UMP_Q_F_unique_excess_capture,-0.003023125247780872,25,25,1.0
1,5.0,cell,UMP_Q_F_unique_largest_canonical_correlation,0.2736546239860786,25,25,1.0
1,5.0,cell,UMP_Q_F_unique_smallest_principal_angle,1.2935992701709997,25,25,1.0
1,5.0,cell,U4_Q_F_unique_dim_U,4.0,25,25,1.0
1,5.0,cell,U4_Q_F_unique_dim_Q,5.0,25,25,1.0
1,5.0,cell,U4_Q_F_unique_shared_energy,0.09505206971701816,25,25,1.0
1,5.0,cell,U4_Q_F_unique_purity,0.02376301742925451,25,25,1.0
1,5.0,cell,U4_Q_F_unique_capture,0.01901041394340359,25,25,1.0
1,5.0,cell,U4_Q_F_unique_expected_random_purity,0.05000000000000001,25,25,1.0
1,5.0,cell,U4_Q_F_unique_expected_random_capture,0.04,25,25,1.0
1,5.0,cell,U4_Q_F_unique_excess_purity,-0.026236982570745394,25,25,1.0
1,5.0,cell,U4_Q_F_unique_excess_capture,-0.020989586056596315,25,25,1.0
1,5.0,cell,U4_Q_F_unique_largest_canonical_correlation,0.27691997770622945,25,25,1.0
1,5.0,cell,U4_Q_F_unique_smallest_principal_angle,1.2901960270763242,25,25,1.0
1,5.0,cell,UMP_Q_C_dim_U,2.0,25,25,1.0
1,5.0,cell,UMP_Q_C_dim_Q,3.0,25,25,1.0
1,5.0,cell,UMP_Q_C_shared_energy,1.285664663807055,25,25,1.0
1,5.0,cell,UMP_Q_C_purity,0.6428323319035275,25,25,1.0
1,5.0,cell,UMP_Q_C_capture,0.4285548879356849,25,25,1.0
1,5.0,cell,UMP_Q_C_expected_random_purity,0.03,25,25,1.0
1,5.0,cell,UMP_Q_C_expected_random_capture,0.02,25,25,1.0
1,5.0,cell,UMP_Q_C_excess_purity,0.6128323319035274,25,25,1.0
1,5.0,cell,UMP_Q_C_excess_capture,0.4085548879356849,25,25,1.0
1,5.0,cell,UMP_Q_C_largest_canonical_correlation,0.9515865023567492,25,25,1.0
1,5.0,cell,UMP_Q_C_smallest_principal_angle,0.3123974689003792,25,25,1.0
1,5.0,cell,U4_Q_C_dim_U,4.0,25,25,1.0
1,5.0,cell,U4_Q_C_dim_Q,3.0,25,25,1.0
1,5.0,cell,U4_Q_C_shared_energy,1.4464934189762622,25,25,1.0
1,5.0,cell,U4_Q_C_purity,0.36162335474406554,25,25,1.0
1,5.0,cell,U4_Q_C_capture,0.48216447299208737,25,25,1.0
1,5.0,cell,U4_Q_C_expected_random_purity,0.03,25,25,1.0
1,5.0,cell,U4_Q_C_expected_random_capture,0.04,25,25,1.0
1,5.0,cell,U4_Q_C_excess_purity,0.3316233547440655,25,25,1.0
1,5.0,cell,U4_Q_C_excess_capture,0.4421644729920874,25,25,1.0
1,5.0,cell,U4_Q_C_largest_canonical_correlation,0.9519994888932068,25,25,1.0
1,5.0,cell,U4_Q_C_smallest_principal_angle,0.3110495982515741,25,25,1.0
1,5.0,cell,UMP_Q_C_unique_dim_U,2.0,25,25,1.0
1,5.0,cell,UMP_Q_C_unique_dim_Q,3.0,25,25,1.0
1,5.0,cell,UMP_Q_C_unique_shared_energy,1.3677596733263058,25,25,1.0
1,5.0,cell,UMP_Q_C_unique_purity,0.6838798366631529,25,25,1.0
1,5.0,cell,UMP_Q_C_unique_capture,0.4559198911087687,25,25,1.0
1,5.0,cell,UMP_Q_C_unique_expected_random_purity,0.03,25,25,1.0
1,5.0,cell,UMP_Q_C_unique_expected_random_capture,0.02,25,25,1.0
1,5.0,cell,UMP_Q_C_unique_excess_purity,0.653879836663153,25,25,1.0
1,5.0,cell,UMP_Q_C_unique_excess_capture,0.43591989110876866,25,25,1.0
1,5.0,cell,UMP_Q_C_unique_largest_canonical_correlation,0.9800671883321592,25,25,1.0
1,5.0,cell,UMP_Q_C_unique_smallest_principal_angle,0.19964936977401102,25,25,1.0
1,5.0,cell,U4_Q_C_unique_dim_U,4.0,25,25,1.0
1,5.0,cell,U4_Q_C_unique_dim_Q,3.0,25,25,1.0
1,5.0,cell,U4_Q_C_unique_shared_energy,1.5384614165871922,25,25,1.0
1,5.0,cell,U4_Q_C_unique_purity,0.38461535414679804,25,25,1.0
1,5.0,cell,U4_Q_C_unique_capture,0.5128204721957307,25,25,1.0
1,5.0,cell,U4_Q_C_unique_expected_random_purity,0.03,25,25,1.0
1,5.0,cell,U4_Q_C_unique_expected_random_capture,0.04,25,25,1.0
1,5.0,cell,U4_Q_C_unique_excess_purity,0.35461535414679785,25,25,1.0
1,5.0,cell,U4_Q_C_unique_excess_capture,0.47282047219573065,25,25,1.0
1,5.0,cell,U4_Q_C_unique_largest_canonical_correlation,0.9804440609276811,25,25,1.0
1,5.0,cell,U4_Q_C_unique_smallest_principal_angle,0.1977952123037573,25,25,1.0
1,5.0,cell,UMP_Q_C_full_dim_U,2.0,25,25,1.0
1,5.0,cell,UMP_Q_C_full_dim_Q,4.0,25,25,1.0
1,5.0,cell,UMP_Q_C_full_shared_energy,1.8331197520511244,25,25,1.0
1,5.0,cell,UMP_Q_C_full_purity,0.9165598760255622,25,25,1.0
1,5.0,cell,UMP_Q_C_full_capture,0.4582799380127811,25,25,1.0
1,5.0,cell,UMP_Q_C_full_expected_random_purity,0.04,25,25,1.0
1,5.0,cell,UMP_Q_C_full_expected_random_capture,0.02,25,25,1.0
1,5.0,cell,UMP_Q_C_full_excess_purity,0.8765598760255621,25,25,1.0
1,5.0,cell,UMP_Q_C_full_excess_capture,0.43827993801278103,25,25,1.0
1,5.0,cell,UMP_Q_C_full_largest_canonical_correlation,0.9644739092253974,25,25,1.0
1,5.0,cell,UMP_Q_C_full_smallest_principal_angle,0.267253944783395,25,25,1.0
1,5.0,cell,U4_Q_C_full_dim_U,4.0,25,25,1.0
1,5.0,cell,U4_Q_C_full_dim_Q,4.0,25,25,1.0
1,5.0,cell,U4_Q_C_full_shared_energy,2.017240239621495,25,25,1.0
1,5.0,cell,U4_Q_C_full_purity,0.5043100599053737,25,25,1.0
1,5.0,cell,U4_Q_C_full_capture,0.5043100599053737,25,25,1.0
1,5.0,cell,U4_Q_C_full_expected_random_purity,0.04,25,25,1.0
1,5.0,cell,U4_Q_C_full_expected_random_capture,0.04,25,25,1.0
1,5.0,cell,U4_Q_C_full_excess_purity,0.46431005990537355,25,25,1.0
1,5.0,cell,U4_Q_C_full_excess_capture,0.46431005990537355,25,25,1.0
1,5.0,cell,U4_Q_C_full_largest_canonical_correlation,0.9650248856940182,25,25,1.0
1,5.0,cell,U4_Q_C_full_smallest_principal_angle,0.2651370748149749,25,25,1.0
1,5.0,cell,UMP_Q_P4_dim_U,2.0,25,25,1.0
1,5.0,cell,UMP_Q_P4_dim_Q,4.0,25,25,1.0
1,5.0,cell,UMP_Q_P4_shared_energy,1.8766746007389328,25,25,1.0
1,5.0,cell,UMP_Q_P4_purity,0.9383373003694664,25,25,1.0
1,5.0,cell,UMP_Q_P4_capture,0.4691686501847331,25,25,1.0
1,5.0,cell,UMP_Q_P4_expected_random_purity,0.04,25,25,1.0
1,5.0,cell,UMP_Q_P4_expected_random_capture,0.02,25,25,1.0
1,5.0,cell,UMP_Q_P4_excess_purity,0.8983373003694664,25,25,1.0
1,5.0,cell,UMP_Q_P4_excess_capture,0.4491686501847332,25,25,1.0
1,5.0,cell,UMP_Q_P4_largest_canonical_correlation,0.9784161909210097,25,25,1.0
1,5.0,cell,UMP_Q_P4_smallest_principal_angle,0.20807562331635077,25,25,1.0
1,5.0,cell,U4_Q_P4_dim_U,4.0,25,25,1.0
1,5.0,cell,U4_Q_P4_dim_Q,4.0,25,25,1.0
1,5.0,cell,U4_Q_P4_shared_energy,2.082877613936298,25,25,1.0
1,5.0,cell,U4_Q_P4_purity,0.5207194034840745,25,25,1.0
1,5.0,cell,U4_Q_P4_capture,0.5207194034840745,25,25,1.0
1,5.0,cell,U4_Q_P4_expected_random_purity,0.04,25,25,1.0
1,5.0,cell,U4_Q_P4_expected_random_capture,0.04,25,25,1.0
1,5.0,cell,U4_Q_P4_excess_purity,0.48071940348407444,25,25,1.0
1,5.0,cell,U4_Q_P4_excess_capture,0.48071940348407444,25,25,1.0
1,5.0,cell,U4_Q_P4_largest_canonical_correlation,0.9792380744125979,25,25,1.0
1,5.0,cell,U4_Q_P4_smallest_principal_angle,0.20404582742953586,25,25,1.0
1,5.0,cell,QR_Q_F_dim_U,5.0,25,25,1.0
1,5.0,cell,QR_Q_F_dim_Q,5.0,25,25,1.0
1,5.0,cell,QR_Q_F_shared_energy,4.9851407030871,25,25,1.0
1,5.0,cell,QR_Q_F_purity,0.9970281406174198,25,25,1.0
1,5.0,cell,QR_Q_F_capture,0.9970281406174198,25,25,1.0
1,5.0,cell,QR_Q_F_expected_random_purity,0.05000000000000001,25,25,1.0
1,5.0,cell,QR_Q_F_expected_random_capture,0.05000000000000001,25,25,1.0
1,5.0,cell,QR_Q_F_excess_purity,0.9470281406174199,25,25,1.0
1,5.0,cell,QR_Q_F_excess_capture,0.9470281406174199,25,25,1.0
1,5.0,cell,QR_Q_F_largest_canonical_correlation,0.9994618919586565,25,25,1.0
1,5.0,cell,QR_Q_F_smallest_principal_angle,0.032766515736953286,25,25,1.0
1,5.0,cell,QR_Q_C_dim_U,5.0,25,25,1.0
1,5.0,cell,QR_Q_C_dim_Q,3.0,25,25,1.0
1,5.0,cell,QR_Q_C_shared_energy,0.22896519011240224,25,25,1.0
1,5.0,cell,QR_Q_C_purity,0.0457930380224804,25,25,1.0
1,5.0,cell,QR_Q_C_capture,0.07632173003746737,25,25,1.0
1,5.0,cell,QR_Q_C_expected_random_purity,0.03,25,25,1.0
1,5.0,cell,QR_Q_C_expected_random_capture,0.05000000000000001,25,25,1.0
1,5.0,cell,QR_Q_C_excess_purity,0.0157930380224804,25,25,1.0
1,5.0,cell,QR_Q_C_excess_capture,0.02632173003746737,25,25,1.0
1,5.0,cell,QR_Q_C_largest_canonical_correlation,0.4057052778913265,25,25,1.0
1,5.0,cell,QR_Q_C_smallest_principal_angle,1.1530449222735655,25,25,1.0
1,5.0,cell,QR_Q_C_unique_dim_U,5.0,25,25,1.0
1,5.0,cell,QR_Q_C_unique_dim_Q,3.0,25,25,1.0
1,5.0,cell,QR_Q_C_unique_shared_energy,0.001552387715163592,25,25,1.0
1,5.0,cell,QR_Q_C_unique_purity,0.0003104775430326883,25,25,1.0
1,5.0,cell,QR_Q_C_unique_capture,0.00051746257172116,25,25,1.0
1,5.0,cell,QR_Q_C_unique_expected_random_purity,0.03,25,25,1.0
1,5.0,cell,QR_Q_C_unique_expected_random_capture,0.05000000000000001,25,25,1.0
1,5.0,cell,QR_Q_C_unique_excess_purity,-0.029689522456967214,25,25,1.0
1,5.0,cell,QR_Q_C_unique_excess_capture,-0.04948253742827874,25,25,1.0
1,5.0,cell,QR_Q_C_unique_largest_canonical_correlation,0.03472916450032135,25,25,1.0
1,5.0,cell,QR_Q_C_unique_smallest_principal_angle,1.536059081449244,25,25,1.0
1,5.0,cell,QR_Q_C_full_dim_U,5.0,25,25,1.0
1,5.0,cell,QR_Q_C_full_dim_Q,4.0,25,25,1.0
1,5.0,cell,QR_Q_C_full_shared_energy,0.2682468255288451,25,25,1.0
1,5.0,cell,QR_Q_C_full_purity,0.05364936510576898,25,25,1.0
1,5.0,cell,QR_Q_C_full_capture,0.06706170638221123,25,25,1.0
1,5.0,cell,QR_Q_C_full_expected_random_purity,0.04,25,25,1.0
1,5.0,cell,QR_Q_C_full_expected_random_capture,0.05000000000000001,25,25,1.0
1,5.0,cell,QR_Q_C_full_excess_purity,0.013649365105768982,25,25,1.0
1,5.0,cell,QR_Q_C_full_excess_capture,0.01706170638221123,25,25,1.0
1,5.0,cell,QR_Q_C_full_largest_canonical_correlation,0.4190261830200481,25,25,1.0
1,5.0,cell,QR_Q_C_full_smallest_principal_angle,1.1384233943234128,25,25,1.0
1,5.0,cell,QR_Q_P4_dim_U,5.0,25,25,1.0
1,5.0,cell,QR_Q_P4_dim_Q,4.0,25,25,1.0
1,5.0,cell,QR_Q_P4_shared_energy,0.2643365587470934,25,25,1.0
1,5.0,cell,QR_Q_P4_purity,0.05286731174941864,25,25,1.0
1,5.0,cell,QR_Q_P4_capture,0.06608413968677332,25,25,1.0
1,5.0,cell,QR_Q_P4_expected_random_purity,0.04,25,25,1.0
1,5.0,cell,QR_Q_P4_expected_random_capture,0.05000000000000001,25,25,1.0
1,5.0,cell,QR_Q_P4_excess_purity,0.01286731174941864,25,25,1.0
1,5.0,cell,QR_Q_P4_excess_capture,0.016084139686773306,25,25,1.0
1,5.0,cell,QR_Q_P4_largest_canonical_correlation,0.4155733025939253,25,25,1.0
1,5.0,cell,QR_Q_P4_smallest_principal_angle,1.1422229361106573,25,25,1.0
1,7.0,cell,UMP_Q_F_dim_U,2.32,25,25,1.0
1,7.0,cell,UMP_Q_F_dim_Q,5.0,25,25,1.0
1,7.0,cell,UMP_Q_F_shared_energy,0.0002275277708122027,25,25,1.0
1,7.0,cell,UMP_Q_F_purity,9.460091377669698e-05,25,25,1.0
1,7.0,cell,UMP_Q_F_capture,4.550555416245156e-05,25,25,1.0
1,7.0,cell,UMP_Q_F_expected_random_purity,0.05000000000000001,25,25,1.0
1,7.0,cell,UMP_Q_F_expected_random_capture,0.023200000000000002,25,25,1.0
1,7.0,cell,UMP_Q_F_excess_purity,-0.04990539908622324,25,25,1.0
1,7.0,cell,UMP_Q_F_excess_capture,-0.023154494445837493,25,25,1.0
1,7.0,cell,UMP_Q_F_largest_canonical_correlation,0.012293641359730757,25,25,1.0
1,7.0,cell,UMP_Q_F_smallest_principal_angle,1.5585023025053815,25,25,1.0
1,7.0,cell,U4_Q_F_dim_U,4.0,25,25,1.0
1,7.0,cell,U4_Q_F_dim_Q,5.0,25,25,1.0
1,7.0,cell,U4_Q_F_shared_energy,0.00039568811217827204,25,25,1.0
1,7.0,cell,U4_Q_F_purity,9.892202804455736e-05,25,25,1.0
1,7.0,cell,U4_Q_F_capture,7.91376224356566e-05,25,25,1.0
1,7.0,cell,U4_Q_F_expected_random_purity,0.05000000000000001,25,25,1.0
1,7.0,cell,U4_Q_F_expected_random_capture,0.04,25,25,1.0
1,7.0,cell,U4_Q_F_excess_purity,-0.04990107797195537,25,25,1.0
1,7.0,cell,U4_Q_F_excess_capture,-0.03992086237756428,25,25,1.0
1,7.0,cell,U4_Q_F_largest_canonical_correlation,0.015652729916291852,25,25,1.0
1,7.0,cell,U4_Q_F_smallest_principal_angle,1.5551429254091815,25,25,1.0
1,7.0,cell,UMP_Q_F_unique_dim_U,2.32,25,25,1.0
1,7.0,cell,UMP_Q_F_unique_dim_Q,5.0,25,25,1.0
1,7.0,cell,UMP_Q_F_unique_shared_energy,0.006509345136997541,25,25,1.0
1,7.0,cell,UMP_Q_F_unique_purity,0.002889809965175732,25,25,1.0
1,7.0,cell,UMP_Q_F_unique_capture,0.00130186902739946,25,25,1.0
1,7.0,cell,UMP_Q_F_unique_expected_random_purity,0.05000000000000001,25,25,1.0
1,7.0,cell,UMP_Q_F_unique_expected_random_capture,0.023200000000000002,25,25,1.0
1,7.0,cell,UMP_Q_F_unique_excess_purity,-0.04711019003482418,25,25,1.0
1,7.0,cell,UMP_Q_F_unique_excess_capture,-0.02189813097260044,25,25,1.0
1,7.0,cell,UMP_Q_F_unique_largest_canonical_correlation,0.0721798545083241,25,25,1.0
1,7.0,cell,UMP_Q_F_unique_smallest_principal_angle,1.4985335378658915,25,25,1.0
1,7.0,cell,U4_Q_F_unique_dim_U,4.0,25,25,1.0
1,7.0,cell,U4_Q_F_unique_dim_Q,5.0,25,25,1.0
1,7.0,cell,U4_Q_F_unique_shared_energy,0.014121747375562932,25,25,1.0
1,7.0,cell,U4_Q_F_unique_purity,0.0035304368438906918,25,25,1.0
1,7.0,cell,U4_Q_F_unique_capture,0.002824349475112564,25,25,1.0
1,7.0,cell,U4_Q_F_unique_expected_random_purity,0.05000000000000001,25,25,1.0
1,7.0,cell,U4_Q_F_unique_expected_random_capture,0.04,25,25,1.0
1,7.0,cell,U4_Q_F_unique_excess_purity,-0.046469563156109214,25,25,1.0
1,7.0,cell,U4_Q_F_unique_excess_capture,-0.037175650524887346,25,25,1.0
1,7.0,cell,U4_Q_F_unique_largest_canonical_correlation,0.10827031653711745,25,25,1.0
1,7.0,cell,U4_Q_F_unique_smallest_principal_angle,1.4622940691352295,25,25,1.0
1,7.0,cell,UMP_Q_C_dim_U,2.32,25,25,1.0
1,7.0,cell,UMP_Q_C_dim_Q,3.0,25,25,1.0
1,7.0,cell,UMP_Q_C_shared_energy,0.0940098743175167,25,25,1.0
1,7.0,cell,UMP_Q_C_purity,0.040121233955191446,25,25,1.0
1,7.0,cell,UMP_Q_C_capture,0.03133662477250553,25,25,1.0
1,7.0,cell,UMP_Q_C_expected_random_purity,0.03,25,25,1.0
1,7.0,cell,UMP_Q_C_expected_random_capture,0.023200000000000002,25,25,1.0
1,7.0,cell,UMP_Q_C_excess_purity,0.010121233955191478,25,25,1.0
1,7.0,cell,UMP_Q_C_excess_capture,0.00813662477250556,25,25,1.0
1,7.0,cell,UMP_Q_C_largest_canonical_correlation,0.2778228813891529,25,25,1.0
1,7.0,cell,UMP_Q_C_smallest_principal_angle,1.288587913510202,25,25,1.0
1,7.0,cell,U4_Q_C_dim_U,4.0,25,25,1.0
1,7.0,cell,U4_Q_C_dim_Q,3.0,25,25,1.0
1,7.0,cell,U4_Q_C_shared_energy,0.17307518823748905,25,25,1.0
1,7.0,cell,U4_Q_C_purity,0.04326879705937221,25,25,1.0
1,7.0,cell,U4_Q_C_capture,0.057691729412496305,25,25,1.0
1,7.0,cell,U4_Q_C_expected_random_purity,0.03,25,25,1.0
1,7.0,cell,U4_Q_C_expected_random_capture,0.04,25,25,1.0
1,7.0,cell,U4_Q_C_excess_purity,0.013268797059372218,25,25,1.0
1,7.0,cell,U4_Q_C_excess_capture,0.0176917294124963,25,25,1.0
1,7.0,cell,U4_Q_C_largest_canonical_correlation,0.36160852468397264,25,25,1.0
1,7.0,cell,U4_Q_C_smallest_principal_angle,1.2005076316304286,25,25,1.0
1,7.0,cell,UMP_Q_C_unique_dim_U,2.32,25,25,1.0
1,7.0,cell,UMP_Q_C_unique_dim_Q,3.0,25,25,1.0
1,7.0,cell,UMP_Q_C_unique_shared_energy,0.10029169168370186,25,25,1.0
1,7.0,cell,UMP_Q_C_unique_purity,0.04291644300659042,25,25,1.0
1,7.0,cell,UMP_Q_C_unique_capture,0.03343056389456726,25,25,1.0
1,7.0,cell,UMP_Q_C_unique_expected_random_purity,0.03,25,25,1.0
1,7.0,cell,UMP_Q_C_unique_expected_random_capture,0.023200000000000002,25,25,1.0
1,7.0,cell,UMP_Q_C_unique_excess_purity,0.012916443006590459,25,25,1.0
1,7.0,cell,UMP_Q_C_unique_excess_capture,0.010230563894567288,25,25,1.0
1,7.0,cell,UMP_Q_C_unique_largest_canonical_correlation,0.28580762327876624,25,25,1.0
1,7.0,cell,UMP_Q_C_unique_smallest_principal_angle,1.2802325473046818,25,25,1.0
1,7.0,cell,U4_Q_C_unique_dim_U,4.0,25,25,1.0
1,7.0,cell,U4_Q_C_unique_dim_Q,3.0,25,25,1.0
1,7.0,cell,U4_Q_C_unique_shared_energy,0.1868012475008734,25,25,1.0
1,7.0,cell,U4_Q_C_unique_purity,0.046700311875218316,25,25,1.0
1,7.0,cell,U4_Q_C_unique_capture,0.062267082500291095,25,25,1.0
1,7.0,cell,U4_Q_C_unique_expected_random_purity,0.03,25,25,1.0
1,7.0,cell,U4_Q_C_unique_expected_random_capture,0.04,25,25,1.0
1,7.0,cell,U4_Q_C_unique_excess_purity,0.01670031187521832,25,25,1.0
1,7.0,cell,U4_Q_C_unique_excess_capture,0.0222670825002911,25,25,1.0
1,7.0,cell,U4_Q_C_unique_largest_canonical_correlation,0.37293395976061,25,25,1.0
1,7.0,cell,U4_Q_C_unique_smallest_principal_angle,1.1883138564308597,25,25,1.0
1,7.0,cell,UMP_Q_C_full_dim_U,2.32,25,25,1.0
1,7.0,cell,UMP_Q_C_full_dim_Q,4.0,25,25,1.0
1,7.0,cell,UMP_Q_C_full_shared_energy,0.11215062108832419,25,25,1.0
1,7.0,cell,UMP_Q_C_full_purity,0.047531602204634975,25,25,1.0
1,7.0,cell,UMP_Q_C_full_capture,0.028037655272081005,25,25,1.0
1,7.0,cell,UMP_Q_C_full_expected_random_purity,0.04,25,25,1.0
1,7.0,cell,UMP_Q_C_full_expected_random_capture,0.023200000000000002,25,25,1.0
1,7.0,cell,UMP_Q_C_full_excess_purity,0.007531602204635013,25,25,1.0
1,7.0,cell,UMP_Q_C_full_excess_capture,0.004837655272081041,25,25,1.0
1,7.0,cell,UMP_Q_C_full_largest_canonical_correlation,0.29775110918733394,25,25,1.0
1,7.0,cell,UMP_Q_C_full_smallest_principal_angle,1.2675332036323397,25,25,1.0
1,7.0,cell,U4_Q_C_full_dim_U,4.0,25,25,1.0
1,7.0,cell,U4_Q_C_full_dim_Q,4.0,25,25,1.0
1,7.0,cell,U4_Q_C_full_shared_energy,0.2074891464807442,25,25,1.0
1,7.0,cell,U4_Q_C_full_purity,0.05187228662018601,25,25,1.0
1,7.0,cell,U4_Q_C_full_capture,0.05187228662018601,25,25,1.0
1,7.0,cell,U4_Q_C_full_expected_random_purity,0.04,25,25,1.0
1,7.0,cell,U4_Q_C_full_expected_random_capture,0.04,25,25,1.0
1,7.0,cell,U4_Q_C_full_excess_purity,0.011872286620186022,25,25,1.0
1,7.0,cell,U4_Q_C_full_excess_capture,0.011872286620186022,25,25,1.0
1,7.0,cell,U4_Q_C_full_largest_canonical_correlation,0.3888471950107311,25,25,1.0
1,7.0,cell,U4_Q_C_full_smallest_principal_angle,1.1711697049659209,25,25,1.0
1,7.0,cell,UMP_Q_P4_dim_U,2.32,25,25,1.0
1,7.0,cell,UMP_Q_P4_dim_Q,4.0,25,25,1.0
1,7.0,cell,UMP_Q_P4_shared_energy,0.13742768762939242,25,25,1.0
1,7.0,cell,UMP_Q_P4_purity,0.05758322103159729,25,25,1.0
1,7.0,cell,UMP_Q_P4_capture,0.03435692190734807,25,25,1.0
1,7.0,cell,UMP_Q_P4_expected_random_purity,0.04,25,25,1.0
1,7.0,cell,UMP_Q_P4_expected_random_capture,0.023200000000000002,25,25,1.0
1,7.0,cell,UMP_Q_P4_excess_purity,0.01758322103159731,25,25,1.0
1,7.0,cell,UMP_Q_P4_excess_capture,0.011156921907348093,25,25,1.0
1,7.0,cell,UMP_Q_P4_largest_canonical_correlation,0.3216548490997468,25,25,1.0
1,7.0,cell,UMP_Q_P4_smallest_principal_angle,1.241674560861477,25,25,1.0
1,7.0,cell,U4_Q_P4_dim_U,4.0,25,25,1.0
1,7.0,cell,U4_Q_P4_dim_Q,4.0,25,25,1.0
1,7.0,cell,U4_Q_P4_shared_energy,0.2527882242137926,25,25,1.0
1,7.0,cell,U4_Q_P4_purity,0.0631970560534481,25,25,1.0
1,7.0,cell,U4_Q_P4_capture,0.0631970560534481,25,25,1.0
1,7.0,cell,U4_Q_P4_expected_random_purity,0.04,25,25,1.0
1,7.0,cell,U4_Q_P4_expected_random_capture,0.04,25,25,1.0
1,7.0,cell,U4_Q_P4_excess_purity,0.023197056053448097,25,25,1.0
1,7.0,cell,U4_Q_P4_excess_capture,0.023197056053448097,25,25,1.0
1,7.0,cell,U4_Q_P4_largest_canonical_correlation,0.4325739124107892,25,25,1.0
1,7.0,cell,U4_Q_P4_smallest_principal_angle,1.1230013983020903,25,25,1.0
1,7.0,cell,QR_Q_F_dim_U,7.0,25,25,1.0
1,7.0,cell,QR_Q_F_dim_Q,5.0,25,25,1.0
1,7.0,cell,QR_Q_F_shared_energy,4.987498151953536,25,25,1.0
1,7.0,cell,QR_Q_F_purity,0.7124997359933621,25,25,1.0
1,7.0,cell,QR_Q_F_capture,0.9974996303907073,25,25,1.0
1,7.0,cell,QR_Q_F_expected_random_purity,0.05000000000000001,25,25,1.0
1,7.0,cell,QR_Q_F_expected_random_capture,0.07,25,25,1.0
1,7.0,cell,QR_Q_F_excess_purity,0.6624997359933624,25,25,1.0
1,7.0,cell,QR_Q_F_excess_capture,0.9274996303907074,25,25,1.0
1,7.0,cell,QR_Q_F_largest_canonical_correlation,0.9995146078546605,25,25,1.0
1,7.0,cell,QR_Q_F_smallest_principal_angle,0.031130802464300403,25,25,1.0
1,7.0,cell,QR_Q_C_dim_U,7.0,25,25,1.0
1,7.0,cell,QR_Q_C_dim_Q,3.0,25,25,1.0
1,7.0,cell,QR_Q_C_shared_energy,1.5249599586583904,25,25,1.0
1,7.0,cell,QR_Q_C_purity,0.21785142266548432,25,25,1.0
1,7.0,cell,QR_Q_C_capture,0.5083199862194635,25,25,1.0
1,7.0,cell,QR_Q_C_expected_random_purity,0.03,25,25,1.0
1,7.0,cell,QR_Q_C_expected_random_capture,0.07,25,25,1.0
1,7.0,cell,QR_Q_C_excess_purity,0.18785142266548432,25,25,1.0
1,7.0,cell,QR_Q_C_excess_capture,0.4383199862194635,25,25,1.0
1,7.0,cell,QR_Q_C_largest_canonical_correlation,0.9805901627788142,25,25,1.0
1,7.0,cell,QR_Q_C_smallest_principal_angle,0.19699331060928707,25,25,1.0
1,7.0,cell,QR_Q_C_unique_dim_U,7.0,25,25,1.0
1,7.0,cell,QR_Q_C_unique_dim_Q,3.0,25,25,1.0
1,7.0,cell,QR_Q_C_unique_shared_energy,1.3798863411461288,25,25,1.0
1,7.0,cell,QR_Q_C_unique_purity,0.19712662016373264,25,25,1.0
1,7.0,cell,QR_Q_C_unique_capture,0.45996211371537626,25,25,1.0
1,7.0,cell,QR_Q_C_unique_expected_random_purity,0.03,25,25,1.0
1,7.0,cell,QR_Q_C_unique_expected_random_capture,0.07,25,25,1.0
1,7.0,cell,QR_Q_C_unique_excess_purity,0.16712662016373264,25,25,1.0
1,7.0,cell,QR_Q_C_unique_excess_capture,0.38996211371537626,25,25,1.0
1,7.0,cell,QR_Q_C_unique_largest_canonical_correlation,0.9793853284503209,25,25,1.0
1,7.0,cell,QR_Q_C_unique_smallest_principal_angle,0.20307729871764812,25,25,1.0
1,7.0,cell,QR_Q_C_full_dim_U,7.0,25,25,1.0
1,7.0,cell,QR_Q_C_full_dim_Q,4.0,25,25,1.0
1,7.0,cell,QR_Q_C_full_shared_energy,2.1004415263082574,25,25,1.0
1,7.0,cell,QR_Q_C_full_purity,0.30006307518689385,25,25,1.0
1,7.0,cell,QR_Q_C_full_capture,0.5251103815770644,25,25,1.0
1,7.0,cell,QR_Q_C_full_expected_random_purity,0.04,25,25,1.0
1,7.0,cell,QR_Q_C_full_expected_random_capture,0.07,25,25,1.0
1,7.0,cell,QR_Q_C_full_excess_purity,0.2600630751868939,25,25,1.0
1,7.0,cell,QR_Q_C_full_excess_capture,0.4551103815770643,25,25,1.0
1,7.0,cell,QR_Q_C_full_largest_canonical_correlation,0.9811892031140769,25,25,1.0
1,7.0,cell,QR_Q_C_full_smallest_principal_angle,0.1940273044684717,25,25,1.0
1,7.0,cell,QR_Q_P4_dim_U,7.0,25,25,1.0
1,7.0,cell,QR_Q_P4_dim_Q,4.0,25,25,1.0
1,7.0,cell,QR_Q_P4_shared_energy,2.14365489043112,25,25,1.0
1,7.0,cell,QR_Q_P4_purity,0.30623641291873144,25,25,1.0
1,7.0,cell,QR_Q_P4_capture,0.53591372260778,25,25,1.0
1,7.0,cell,QR_Q_P4_expected_random_purity,0.04,25,25,1.0
1,7.0,cell,QR_Q_P4_expected_random_capture,0.07,25,25,1.0
1,7.0,cell,QR_Q_P4_excess_purity,0.2662364129187314,25,25,1.0
1,7.0,cell,QR_Q_P4_excess_capture,0.46591372260778,25,25,1.0
1,7.0,cell,QR_Q_P4_largest_canonical_correlation,0.9897096362229268,25,25,1.0
1,7.0,cell,QR_Q_P4_smallest_principal_angle,0.14337885123458913,25,25,1.0
2,3.0,cell,UMP_Q_F_dim_U,4.0,25,25,1.0
2,3.0,cell,UMP_Q_F_dim_Q,5.0,25,25,1.0
2,3.0,cell,UMP_Q_F_shared_energy,1.957890252249458,25,25,1.0
2,3.0,cell,UMP_Q_F_purity,0.4894725630623643,25,25,1.0
2,3.0,cell,UMP_Q_F_capture,0.39157805044989147,25,25,1.0
2,3.0,cell,UMP_Q_F_expected_random_purity,0.05000000000000001,25,25,1.0
2,3.0,cell,UMP_Q_F_expected_random_capture,0.04,25,25,1.0
2,3.0,cell,UMP_Q_F_excess_purity,0.4394725630623643,25,25,1.0
2,3.0,cell,UMP_Q_F_excess_capture,0.3515780504498915,25,25,1.0
2,3.0,cell,UMP_Q_F_largest_canonical_correlation,0.9925527235977267,25,25,1.0
2,3.0,cell,UMP_Q_F_smallest_principal_angle,0.1218673863795159,25,25,1.0
2,3.0,cell,U4_Q_F_dim_U,4.0,25,25,1.0
2,3.0,cell,U4_Q_F_dim_Q,5.0,25,25,1.0
2,3.0,cell,U4_Q_F_shared_energy,1.957890252249458,25,25,1.0
2,3.0,cell,U4_Q_F_purity,0.4894725630623643,25,25,1.0
2,3.0,cell,U4_Q_F_capture,0.39157805044989147,25,25,1.0
2,3.0,cell,U4_Q_F_expected_random_purity,0.05000000000000001,25,25,1.0
2,3.0,cell,U4_Q_F_expected_random_capture,0.04,25,25,1.0
2,3.0,cell,U4_Q_F_excess_purity,0.4394725630623643,25,25,1.0
2,3.0,cell,U4_Q_F_excess_capture,0.3515780504498915,25,25,1.0
2,3.0,cell,U4_Q_F_largest_canonical_correlation,0.9925527235977267,25,25,1.0
2,3.0,cell,U4_Q_F_smallest_principal_angle,0.1218673863795159,25,25,1.0
2,3.0,cell,UMP_Q_F_unique_dim_U,4.0,25,25,1.0
2,3.0,cell,UMP_Q_F_unique_dim_Q,5.0,25,25,1.0
2,3.0,cell,UMP_Q_F_unique_shared_energy,1.9638999915775182,25,25,1.0
2,3.0,cell,UMP_Q_F_unique_purity,0.49097499789437954,25,25,1.0
2,3.0,cell,UMP_Q_F_unique_capture,0.3927799983155037,25,25,1.0
2,3.0,cell,UMP_Q_F_unique_expected_random_purity,0.05000000000000001,25,25,1.0
2,3.0,cell,UMP_Q_F_unique_expected_random_capture,0.04,25,25,1.0
2,3.0,cell,UMP_Q_F_unique_excess_purity,0.4409749978943796,25,25,1.0
2,3.0,cell,UMP_Q_F_unique_excess_capture,0.35277999831550366,25,25,1.0
2,3.0,cell,UMP_Q_F_unique_largest_canonical_correlation,0.9835940008341204,25,25,1.0
2,3.0,cell,UMP_Q_F_unique_smallest_principal_angle,0.18125078001860118,25,25,1.0
2,3.0,cell,U4_Q_F_unique_dim_U,4.0,25,25,1.0
2,3.0,cell,U4_Q_F_unique_dim_Q,5.0,25,25,1.0
2,3.0,cell,U4_Q_F_unique_shared_energy,1.9638999915775182,25,25,1.0
2,3.0,cell,U4_Q_F_unique_purity,0.49097499789437954,25,25,1.0
2,3.0,cell,U4_Q_F_unique_capture,0.3927799983155037,25,25,1.0
2,3.0,cell,U4_Q_F_unique_expected_random_purity,0.05000000000000001,25,25,1.0
2,3.0,cell,U4_Q_F_unique_expected_random_capture,0.04,25,25,1.0
2,3.0,cell,U4_Q_F_unique_excess_purity,0.4409749978943796,25,25,1.0
2,3.0,cell,U4_Q_F_unique_excess_capture,0.35277999831550366,25,25,1.0
2,3.0,cell,U4_Q_F_unique_largest_canonical_correlation,0.9835940008341204,25,25,1.0
2,3.0,cell,U4_Q_F_unique_smallest_principal_angle,0.18125078001860118,25,25,1.0
2,3.0,cell,UMP_Q_C_dim_U,4.0,25,25,1.0
2,3.0,cell,UMP_Q_C_dim_Q,3.0,25,25,1.0
2,3.0,cell,UMP_Q_C_shared_energy,1.282207383245207,25,25,1.0
2,3.0,cell,UMP_Q_C_purity,0.32055184581130175,25,25,1.0
2,3.0,cell,UMP_Q_C_capture,0.42740246108173563,25,25,1.0
2,3.0,cell,UMP_Q_C_expected_random_purity,0.03,25,25,1.0
2,3.0,cell,UMP_Q_C_expected_random_capture,0.04,25,25,1.0
2,3.0,cell,UMP_Q_C_excess_purity,0.2905518458113018,25,25,1.0
2,3.0,cell,UMP_Q_C_excess_capture,0.3874024610817357,25,25,1.0
2,3.0,cell,UMP_Q_C_largest_canonical_correlation,0.9323200041224756,25,25,1.0
2,3.0,cell,UMP_Q_C_smallest_principal_angle,0.3698337218143757,25,25,1.0
2,3.0,cell,U4_Q_C_dim_U,4.0,25,25,1.0
2,3.0,cell,U4_Q_C_dim_Q,3.0,25,25,1.0
2,3.0,cell,U4_Q_C_shared_energy,1.282207383245207,25,25,1.0
2,3.0,cell,U4_Q_C_purity,0.32055184581130175,25,25,1.0
2,3.0,cell,U4_Q_C_capture,0.42740246108173563,25,25,1.0
2,3.0,cell,U4_Q_C_expected_random_purity,0.03,25,25,1.0
2,3.0,cell,U4_Q_C_expected_random_capture,0.04,25,25,1.0
2,3.0,cell,U4_Q_C_excess_purity,0.2905518458113018,25,25,1.0
2,3.0,cell,U4_Q_C_excess_capture,0.3874024610817357,25,25,1.0
2,3.0,cell,U4_Q_C_largest_canonical_correlation,0.9323200041224756,25,25,1.0
2,3.0,cell,U4_Q_C_smallest_principal_angle,0.3698337218143757,25,25,1.0
2,3.0,cell,UMP_Q_C_unique_dim_U,4.0,25,25,1.0
2,3.0,cell,UMP_Q_C_unique_dim_Q,3.0,25,25,1.0
2,3.0,cell,UMP_Q_C_unique_shared_energy,1.2882171225732686,25,25,1.0
2,3.0,cell,UMP_Q_C_unique_purity,0.32205428064331704,25,25,1.0
2,3.0,cell,UMP_Q_C_unique_capture,0.42940570752442275,25,25,1.0
2,3.0,cell,UMP_Q_C_unique_expected_random_purity,0.03,25,25,1.0
2,3.0,cell,UMP_Q_C_unique_expected_random_capture,0.04,25,25,1.0
2,3.0,cell,UMP_Q_C_unique_excess_purity,0.29205428064331707,25,25,1.0
2,3.0,cell,UMP_Q_C_unique_excess_capture,0.38940570752442283,25,25,1.0
2,3.0,cell,UMP_Q_C_unique_largest_canonical_correlation,0.9615554731515281,25,25,1.0
2,3.0,cell,UMP_Q_C_unique_smallest_principal_angle,0.2779136941791739,25,25,1.0
2,3.0,cell,U4_Q_C_unique_dim_U,4.0,25,25,1.0
2,3.0,cell,U4_Q_C_unique_dim_Q,3.0,25,25,1.0
2,3.0,cell,U4_Q_C_unique_shared_energy,1.2882171225732686,25,25,1.0
2,3.0,cell,U4_Q_C_unique_purity,0.32205428064331704,25,25,1.0
2,3.0,cell,U4_Q_C_unique_capture,0.42940570752442275,25,25,1.0
2,3.0,cell,U4_Q_C_unique_expected_random_purity,0.03,25,25,1.0
2,3.0,cell,U4_Q_C_unique_expected_random_capture,0.04,25,25,1.0
2,3.0,cell,U4_Q_C_unique_excess_purity,0.29205428064331707,25,25,1.0
2,3.0,cell,U4_Q_C_unique_excess_capture,0.38940570752442283,25,25,1.0
2,3.0,cell,U4_Q_C_unique_largest_canonical_correlation,0.9615554731515281,25,25,1.0
2,3.0,cell,U4_Q_C_unique_smallest_principal_angle,0.2779136941791739,25,25,1.0
2,3.0,cell,UMP_Q_C_full_dim_U,4.0,25,25,1.0
2,3.0,cell,UMP_Q_C_full_dim_Q,4.0,25,25,1.0
2,3.0,cell,UMP_Q_C_full_shared_energy,1.8111657781572765,25,25,1.0
2,3.0,cell,UMP_Q_C_full_purity,0.4527914445393191,25,25,1.0
2,3.0,cell,UMP_Q_C_full_capture,0.4527914445393191,25,25,1.0
2,3.0,cell,UMP_Q_C_full_expected_random_purity,0.04,25,25,1.0
2,3.0,cell,UMP_Q_C_full_expected_random_capture,0.04,25,25,1.0
2,3.0,cell,UMP_Q_C_full_excess_purity,0.41279144453931904,25,25,1.0
2,3.0,cell,UMP_Q_C_full_excess_capture,0.41279144453931904,25,25,1.0
2,3.0,cell,UMP_Q_C_full_largest_canonical_correlation,0.950915076861061,25,25,1.0
2,3.0,cell,UMP_Q_C_full_smallest_principal_angle,0.314556818522199,25,25,1.0
2,3.0,cell,U4_Q_C_full_dim_U,4.0,25,25,1.0
2,3.0,cell,U4_Q_C_full_dim_Q,4.0,25,25,1.0
2,3.0,cell,U4_Q_C_full_shared_energy,1.8111657781572765,25,25,1.0
2,3.0,cell,U4_Q_C_full_purity,0.4527914445393191,25,25,1.0
2,3.0,cell,U4_Q_C_full_capture,0.4527914445393191,25,25,1.0
2,3.0,cell,U4_Q_C_full_expected_random_purity,0.04,25,25,1.0
2,3.0,cell,U4_Q_C_full_expected_random_capture,0.04,25,25,1.0
2,3.0,cell,U4_Q_C_full_excess_purity,0.41279144453931904,25,25,1.0
2,3.0,cell,U4_Q_C_full_excess_capture,0.41279144453931904,25,25,1.0
2,3.0,cell,U4_Q_C_full_largest_canonical_correlation,0.950915076861061,25,25,1.0
2,3.0,cell,U4_Q_C_full_smallest_principal_angle,0.314556818522199,25,25,1.0
2,3.0,cell,UMP_Q_P4_dim_U,4.0,25,25,1.0
2,3.0,cell,UMP_Q_P4_dim_Q,4.0,25,25,1.0
2,3.0,cell,UMP_Q_P4_shared_energy,1.8364475108344973,25,25,1.0
2,3.0,cell,UMP_Q_P4_purity,0.4591118777086242,25,25,1.0
2,3.0,cell,UMP_Q_P4_capture,0.4591118777086242,25,25,1.0
2,3.0,cell,UMP_Q_P4_expected_random_purity,0.04,25,25,1.0
2,3.0,cell,UMP_Q_P4_expected_random_capture,0.04,25,25,1.0
2,3.0,cell,UMP_Q_P4_excess_purity,0.41911187770862424,25,25,1.0
2,3.0,cell,UMP_Q_P4_excess_capture,0.41911187770862424,25,25,1.0
2,3.0,cell,UMP_Q_P4_largest_canonical_correlation,0.9584771482801238,25,25,1.0
2,3.0,cell,UMP_Q_P4_smallest_principal_angle,0.28906776394059014,25,25,1.0
2,3.0,cell,U4_Q_P4_dim_U,4.0,25,25,1.0
2,3.0,cell,U4_Q_P4_dim_Q,4.0,25,25,1.0
2,3.0,cell,U4_Q_P4_shared_energy,1.8364475108344973,25,25,1.0
2,3.0,cell,U4_Q_P4_purity,0.4591118777086242,25,25,1.0
2,3.0,cell,U4_Q_P4_capture,0.4591118777086242,25,25,1.0
2,3.0,cell,U4_Q_P4_expected_random_purity,0.04,25,25,1.0
2,3.0,cell,U4_Q_P4_expected_random_capture,0.04,25,25,1.0
2,3.0,cell,U4_Q_P4_excess_purity,0.41911187770862424,25,25,1.0
2,3.0,cell,U4_Q_P4_excess_capture,0.41911187770862424,25,25,1.0
2,3.0,cell,U4_Q_P4_largest_canonical_correlation,0.9584771482801238,25,25,1.0
2,3.0,cell,U4_Q_P4_smallest_principal_angle,0.28906776394059014,25,25,1.0
2,3.0,cell,QR_Q_F_dim_U,3.0,25,25,1.0
2,3.0,cell,QR_Q_F_dim_Q,5.0,25,25,1.0
2,3.0,cell,QR_Q_F_shared_energy,2.9941869194432527,25,25,1.0
2,3.0,cell,QR_Q_F_purity,0.9980623064810843,25,25,1.0
2,3.0,cell,QR_Q_F_capture,0.5988373838886506,25,25,1.0
2,3.0,cell,QR_Q_F_expected_random_purity,0.05000000000000001,25,25,1.0
2,3.0,cell,QR_Q_F_expected_random_capture,0.03,25,25,1.0
2,3.0,cell,QR_Q_F_excess_purity,0.9480623064810842,25,25,1.0
2,3.0,cell,QR_Q_F_excess_capture,0.5688373838886506,25,25,1.0
2,3.0,cell,QR_Q_F_largest_canonical_correlation,0.9994060502406392,25,25,1.0
2,3.0,cell,QR_Q_F_smallest_principal_angle,0.03444803520254281,25,25,1.0
2,3.0,cell,QR_Q_C_dim_U,3.0,25,25,1.0
2,3.0,cell,QR_Q_C_dim_Q,3.0,25,25,1.0
2,3.0,cell,QR_Q_C_shared_energy,0.1090924504755482,25,25,1.0
2,3.0,cell,QR_Q_C_purity,0.03636415015851604,25,25,1.0
2,3.0,cell,QR_Q_C_capture,0.03636415015851604,25,25,1.0
2,3.0,cell,QR_Q_C_expected_random_purity,0.03,25,25,1.0
2,3.0,cell,QR_Q_C_expected_random_capture,0.03,25,25,1.0
2,3.0,cell,QR_Q_C_excess_purity,0.006364150158516036,25,25,1.0
2,3.0,cell,QR_Q_C_excess_capture,0.006364150158516036,25,25,1.0
2,3.0,cell,QR_Q_C_largest_canonical_correlation,0.26769008016181023,25,25,1.0
2,3.0,cell,QR_Q_C_smallest_principal_angle,1.29979848637331,25,25,1.0
2,3.0,cell,QR_Q_C_unique_dim_U,3.0,25,25,1.0
2,3.0,cell,QR_Q_C_unique_dim_Q,3.0,25,25,1.0
2,3.0,cell,QR_Q_C_unique_shared_energy,0.001151027023332508,25,25,1.0
2,3.0,cell,QR_Q_C_unique_purity,0.000383675674444136,25,25,1.0
2,3.0,cell,QR_Q_C_unique_capture,0.000383675674444136,25,25,1.0
2,3.0,cell,QR_Q_C_unique_expected_random_purity,0.03,25,25,1.0
2,3.0,cell,QR_Q_C_unique_expected_random_capture,0.03,25,25,1.0
2,3.0,cell,QR_Q_C_unique_excess_purity,-0.029616324325555766,25,25,1.0
2,3.0,cell,QR_Q_C_unique_excess_capture,-0.029616324325555766,25,25,1.0
2,3.0,cell,QR_Q_C_unique_largest_canonical_correlation,0.0324520828449448,25,25,1.0
2,3.0,cell,QR_Q_C_unique_smallest_principal_angle,1.538337763773357,25,25,1.0
2,3.0,cell,QR_Q_C_full_dim_U,3.0,25,25,1.0
2,3.0,cell,QR_Q_C_full_dim_Q,4.0,25,25,1.0
2,3.0,cell,QR_Q_C_full_shared_energy,0.11580985682532505,25,25,1.0
2,3.0,cell,QR_Q_C_full_purity,0.03860328560844165,25,25,1.0
2,3.0,cell,QR_Q_C_full_capture,0.02895246420633124,25,25,1.0
2,3.0,cell,QR_Q_C_full_expected_random_purity,0.04,25,25,1.0
2,3.0,cell,QR_Q_C_full_expected_random_capture,0.03,25,25,1.0
2,3.0,cell,QR_Q_C_full_excess_purity,-0.0013967143915582922,25,25,1.0
2,3.0,cell,QR_Q_C_full_excess_capture,-0.001047535793668708,25,25,1.0
2,3.0,cell,QR_Q_C_full_largest_canonical_correlation,0.272065587022256,25,25,1.0
2,3.0,cell,QR_Q_C_full_smallest_principal_angle,1.2952539445577909,25,25,1.0
2,3.0,cell,QR_Q_P4_dim_U,3.0,25,25,1.0
2,3.0,cell,QR_Q_P4_dim_Q,4.0,25,25,1.0
2,3.0,cell,QR_Q_P4_shared_energy,0.11953796948052195,25,25,1.0
2,3.0,cell,QR_Q_P4_purity,0.039845989826840615,25,25,1.0
2,3.0,cell,QR_Q_P4_capture,0.029884492370130456,25,25,1.0
2,3.0,cell,QR_Q_P4_expected_random_purity,0.04,25,25,1.0
2,3.0,cell,QR_Q_P4_expected_random_capture,0.03,25,25,1.0
2,3.0,cell,QR_Q_P4_excess_purity,-0.000154010173159332,25,25,1.0
2,3.0,cell,QR_Q_P4_excess_capture,-0.00011550762986949062,25,25,1.0
2,3.0,cell,QR_Q_P4_largest_canonical_correlation,0.2748709562741691,25,25,1.0
2,3.0,cell,QR_Q_P4_smallest_principal_angle,1.2923372556191728,25,25,1.0
2,5.0,cell,UMP_Q_F_dim_U,2.04,25,25,1.0
2,5.0,cell,UMP_Q_F_dim_Q,5.0,25,25,1.0
2,5.0,cell,UMP_Q_F_shared_energy,0.0062736782816664605,25,25,1.0
2,5.0,cell,UMP_Q_F_purity,0.00310392577713762,25,25,1.0
2,5.0,cell,UMP_Q_F_capture,0.0012547356563332478,25,25,1.0
2,5.0,cell,UMP_Q_F_expected_random_purity,0.05000000000000001,25,25,1.0
2,5.0,cell,UMP_Q_F_expected_random_capture,0.0204,25,25,1.0
2,5.0,cell,UMP_Q_F_excess_purity,-0.04689607422286229,25,25,1.0
2,5.0,cell,UMP_Q_F_excess_capture,-0.019145264343666656,25,25,1.0
2,5.0,cell,UMP_Q_F_largest_canonical_correlation,0.06918153015419627,25,25,1.0
2,5.0,cell,UMP_Q_F_smallest_principal_angle,1.5015561145156429,25,25,1.0
2,5.0,cell,U4_Q_F_dim_U,4.0,25,25,1.0
2,5.0,cell,U4_Q_F_dim_Q,5.0,25,25,1.0
2,5.0,cell,U4_Q_F_shared_energy,0.006723404348279032,25,25,1.0
2,5.0,cell,U4_Q_F_purity,0.0016808510870697203,25,25,1.0
2,5.0,cell,U4_Q_F_capture,0.0013446808696557639,25,25,1.0
2,5.0,cell,U4_Q_F_expected_random_purity,0.05000000000000001,25,25,1.0
2,5.0,cell,U4_Q_F_expected_random_capture,0.04,25,25,1.0
2,5.0,cell,U4_Q_F_excess_purity,-0.04831914891293018,25,25,1.0
2,5.0,cell,U4_Q_F_excess_capture,-0.03865531913034414,25,25,1.0
2,5.0,cell,U4_Q_F_largest_canonical_correlation,0.06989811535753018,25,25,1.0
2,5.0,cell,U4_Q_F_smallest_principal_angle,1.5008379875906543,25,25,1.0
2,5.0,cell,UMP_Q_F_unique_dim_U,2.04,25,25,1.0
2,5.0,cell,UMP_Q_F_unique_dim_Q,5.0,25,25,1.0
2,5.0,cell,UMP_Q_F_unique_shared_energy,0.15754755895789416,25,25,1.0
2,5.0,cell,UMP_Q_F_unique_purity,0.07773924840333579,25,25,1.0
2,5.0,cell,UMP_Q_F_unique_capture,0.03150951179157879,25,25,1.0
2,5.0,cell,UMP_Q_F_unique_expected_random_purity,0.05000000000000001,25,25,1.0
2,5.0,cell,UMP_Q_F_unique_expected_random_capture,0.0204,25,25,1.0
2,5.0,cell,UMP_Q_F_unique_excess_purity,0.02773924840333578,25,25,1.0
2,5.0,cell,UMP_Q_F_unique_excess_capture,0.011109511791578795,25,25,1.0
2,5.0,cell,UMP_Q_F_unique_largest_canonical_correlation,0.33799260357537186,25,25,1.0
2,5.0,cell,UMP_Q_F_unique_smallest_principal_angle,1.2260031273880694,25,25,1.0
2,5.0,cell,U4_Q_F_unique_dim_U,4.0,25,25,1.0
2,5.0,cell,U4_Q_F_unique_dim_Q,5.0,25,25,1.0
2,5.0,cell,U4_Q_F_unique_shared_energy,0.17323387344242885,25,25,1.0
2,5.0,cell,U4_Q_F_unique_purity,0.04330846836060718,25,25,1.0
2,5.0,cell,U4_Q_F_unique_capture,0.034646774688485725,25,25,1.0
2,5.0,cell,U4_Q_F_unique_expected_random_purity,0.05000000000000001,25,25,1.0
2,5.0,cell,U4_Q_F_unique_expected_random_capture,0.04,25,25,1.0
2,5.0,cell,U4_Q_F_unique_excess_purity,-0.006691531639392717,25,25,1.0
2,5.0,cell,U4_Q_F_unique_excess_capture,-0.005353225311514184,25,25,1.0
2,5.0,cell,U4_Q_F_unique_largest_canonical_correlation,0.3425558500950789,25,25,1.0
2,5.0,cell,U4_Q_F_unique_smallest_principal_angle,1.2211441897632083,25,25,1.0
2,5.0,cell,UMP_Q_C_dim_U,2.04,25,25,1.0
2,5.0,cell,UMP_Q_C_dim_Q,3.0,25,25,1.0
2,5.0,cell,UMP_Q_C_shared_energy,1.1655277654000629,25,25,1.0
2,5.0,cell,UMP_Q_C_purity,0.5747411945622223,25,25,1.0
2,5.0,cell,UMP_Q_C_capture,0.3885092551333543,25,25,1.0
2,5.0,cell,UMP_Q_C_expected_random_purity,0.03,25,25,1.0
2,5.0,cell,UMP_Q_C_expected_random_capture,0.0204,25,25,1.0
2,5.0,cell,UMP_Q_C_excess_purity,0.5447411945622224,25,25,1.0
2,5.0,cell,UMP_Q_C_excess_capture,0.36810925513335424,25,25,1.0
2,5.0,cell,UMP_Q_C_largest_canonical_correlation,0.9189425094481671,25,25,1.0
2,5.0,cell,UMP_Q_C_smallest_principal_angle,0.4053604669797071,25,25,1.0
2,5.0,cell,U4_Q_C_dim_U,4.0,25,25,1.0
2,5.0,cell,U4_Q_C_dim_Q,3.0,25,25,1.0
2,5.0,cell,U4_Q_C_shared_energy,1.4458301621007614,25,25,1.0
2,5.0,cell,U4_Q_C_purity,0.36145754052519036,25,25,1.0
2,5.0,cell,U4_Q_C_capture,0.48194338736692044,25,25,1.0
2,5.0,cell,U4_Q_C_expected_random_purity,0.03,25,25,1.0
2,5.0,cell,U4_Q_C_expected_random_capture,0.04,25,25,1.0
2,5.0,cell,U4_Q_C_excess_purity,0.3314575405251904,25,25,1.0
2,5.0,cell,U4_Q_C_excess_capture,0.4419433873669205,25,25,1.0
2,5.0,cell,U4_Q_C_largest_canonical_correlation,0.9195308933349393,25,25,1.0
2,5.0,cell,U4_Q_C_smallest_principal_angle,0.4038692746103796,25,25,1.0
2,5.0,cell,UMP_Q_C_unique_dim_U,2.04,25,25,1.0
2,5.0,cell,UMP_Q_C_unique_dim_Q,3.0,25,25,1.0
2,5.0,cell,UMP_Q_C_unique_shared_energy,1.31680164607629,25,25,1.0
2,5.0,cell,UMP_Q_C_unique_purity,0.6493765171884205,25,25,1.0
2,5.0,cell,UMP_Q_C_unique_capture,0.43893388202543,25,25,1.0
2,5.0,cell,UMP_Q_C_unique_expected_random_purity,0.03,25,25,1.0
2,5.0,cell,UMP_Q_C_unique_expected_random_capture,0.0204,25,25,1.0
2,5.0,cell,UMP_Q_C_unique_excess_purity,0.6193765171884204,25,25,1.0
2,5.0,cell,UMP_Q_C_unique_excess_capture,0.41853388202543,25,25,1.0
2,5.0,cell,UMP_Q_C_unique_largest_canonical_correlation,0.9751041552523048,25,25,1.0
2,5.0,cell,UMP_Q_C_unique_smallest_principal_angle,0.22351511627684365,25,25,1.0
2,5.0,cell,U4_Q_C_unique_dim_U,4.0,25,25,1.0
2,5.0,cell,U4_Q_C_unique_dim_Q,3.0,25,25,1.0
2,5.0,cell,U4_Q_C_unique_shared_energy,1.612340631194911,25,25,1.0
2,5.0,cell,U4_Q_C_unique_purity,0.4030851577987276,25,25,1.0
2,5.0,cell,U4_Q_C_unique_capture,0.5374468770649702,25,25,1.0
2,5.0,cell,U4_Q_C_unique_expected_random_purity,0.03,25,25,1.0
2,5.0,cell,U4_Q_C_unique_expected_random_capture,0.04,25,25,1.0
2,5.0,cell,U4_Q_C_unique_excess_purity,0.37308515779872764,25,25,1.0
2,5.0,cell,U4_Q_C_unique_excess_capture,0.49744687706497026,25,25,1.0
2,5.0,cell,U4_Q_C_unique_largest_canonical_correlation,0.9753403739814489,25,25,1.0
2,5.0,cell,U4_Q_C_unique_smallest_principal_angle,0.22243123721259125,25,25,1.0
2,5.0,cell,UMP_Q_C_full_dim_U,2.04,25,25,1.0
2,5.0,cell,UMP_Q_C_full_dim_Q,4.0,25,25,1.0
2,5.0,cell,UMP_Q_C_full_shared_energy,1.6979975124369482,25,25,1.0
2,5.0,cell,UMP_Q_C_full_purity,0.8372401094604569,25,25,1.0
2,5.0,cell,UMP_Q_C_full_capture,0.42449937810923705,25,25,1.0
2,5.0,cell,UMP_Q_C_full_expected_random_purity,0.04,25,25,1.0
2,5.0,cell,UMP_Q_C_full_expected_random_capture,0.0204,25,25,1.0
2,5.0,cell,UMP_Q_C_full_excess_purity,0.7972401094604568,25,25,1.0
2,5.0,cell,UMP_Q_C_full_excess_capture,0.4040993781092371,25,25,1.0
2,5.0,cell,UMP_Q_C_full_largest_canonical_correlation,0.9426210919977898,25,25,1.0
2,5.0,cell,UMP_Q_C_full_smallest_principal_angle,0.3403580445658703,25,25,1.0
2,5.0,cell,U4_Q_C_full_dim_U,4.0,25,25,1.0
2,5.0,cell,U4_Q_C_full_dim_Q,4.0,25,25,1.0
2,5.0,cell,U4_Q_C_full_shared_energy,2.057835476665212,25,25,1.0
2,5.0,cell,U4_Q_C_full_purity,0.514458869166303,25,25,1.0
2,5.0,cell,U4_Q_C_full_capture,0.514458869166303,25,25,1.0
2,5.0,cell,U4_Q_C_full_expected_random_purity,0.04,25,25,1.0
2,5.0,cell,U4_Q_C_full_expected_random_capture,0.04,25,25,1.0
2,5.0,cell,U4_Q_C_full_excess_purity,0.474458869166303,25,25,1.0
2,5.0,cell,U4_Q_C_full_excess_capture,0.474458869166303,25,25,1.0
2,5.0,cell,U4_Q_C_full_largest_canonical_correlation,0.9434915991637639,25,25,1.0
2,5.0,cell,U4_Q_C_full_smallest_principal_angle,0.33773224778335753,25,25,1.0
2,5.0,cell,UMP_Q_P4_dim_U,2.04,25,25,1.0
2,5.0,cell,UMP_Q_P4_dim_Q,4.0,25,25,1.0
2,5.0,cell,UMP_Q_P4_shared_energy,1.729052582095496,25,25,1.0
2,5.0,cell,UMP_Q_P4_purity,0.8524093038838919,25,25,1.0
2,5.0,cell,UMP_Q_P4_capture,0.432263145523874,25,25,1.0
2,5.0,cell,UMP_Q_P4_expected_random_purity,0.04,25,25,1.0
2,5.0,cell,UMP_Q_P4_expected_random_capture,0.0204,25,25,1.0
2,5.0,cell,UMP_Q_P4_excess_purity,0.8124093038838919,25,25,1.0
2,5.0,cell,UMP_Q_P4_excess_capture,0.41186314552387393,25,25,1.0
2,5.0,cell,UMP_Q_P4_largest_canonical_correlation,0.9463406880048537,25,25,1.0
2,5.0,cell,UMP_Q_P4_smallest_principal_angle,0.32905037658680597,25,25,1.0
2,5.0,cell,U4_Q_P4_dim_U,4.0,25,25,1.0
2,5.0,cell,U4_Q_P4_dim_Q,4.0,25,25,1.0
2,5.0,cell,U4_Q_P4_shared_energy,2.1270470910184125,25,25,1.0
2,5.0,cell,U4_Q_P4_purity,0.5317617727546031,25,25,1.0
2,5.0,cell,U4_Q_P4_capture,0.5317617727546031,25,25,1.0
2,5.0,cell,U4_Q_P4_expected_random_purity,0.04,25,25,1.0
2,5.0,cell,U4_Q_P4_expected_random_capture,0.04,25,25,1.0
2,5.0,cell,U4_Q_P4_excess_purity,0.49176177275460303,25,25,1.0
2,5.0,cell,U4_Q_P4_excess_capture,0.49176177275460303,25,25,1.0
2,5.0,cell,U4_Q_P4_largest_canonical_correlation,0.9464067705177217,25,25,1.0
2,5.0,cell,U4_Q_P4_smallest_principal_angle,0.3288467843352278,25,25,1.0
2,5.0,cell,QR_Q_F_dim_U,5.0,25,25,1.0
2,5.0,cell,QR_Q_F_dim_Q,5.0,25,25,1.0
2,5.0,cell,QR_Q_F_shared_energy,4.98021453557417,25,25,1.0
2,5.0,cell,QR_Q_F_purity,0.9960429071148339,25,25,1.0
2,5.0,cell,QR_Q_F_capture,0.9960429071148339,25,25,1.0
2,5.0,cell,QR_Q_F_expected_random_purity,0.05000000000000001,25,25,1.0
2,5.0,cell,QR_Q_F_expected_random_capture,0.05000000000000001,25,25,1.0
2,5.0,cell,QR_Q_F_excess_purity,0.9460429071148337,25,25,1.0
2,5.0,cell,QR_Q_F_excess_capture,0.9460429071148337,25,25,1.0
2,5.0,cell,QR_Q_F_largest_canonical_correlation,0.9994387504133384,25,25,1.0
2,5.0,cell,QR_Q_F_smallest_principal_angle,0.03346335865595074,25,25,1.0
2,5.0,cell,QR_Q_C_dim_U,5.0,25,25,1.0
2,5.0,cell,QR_Q_C_dim_Q,3.0,25,25,1.0
2,5.0,cell,QR_Q_C_shared_energy,0.2765275474409284,25,25,1.0
2,5.0,cell,QR_Q_C_purity,0.055305509488185634,25,25,1.0
2,5.0,cell,QR_Q_C_capture,0.09217584914697609,25,25,1.0
2,5.0,cell,QR_Q_C_expected_random_purity,0.03,25,25,1.0
2,5.0,cell,QR_Q_C_expected_random_capture,0.05000000000000001,25,25,1.0
2,5.0,cell,QR_Q_C_excess_purity,0.025305509488185635,25,25,1.0
2,5.0,cell,QR_Q_C_excess_capture,0.042175849146976085,25,25,1.0
2,5.0,cell,QR_Q_C_largest_canonical_correlation,0.41055899660319556,25,25,1.0
2,5.0,cell,QR_Q_C_smallest_principal_angle,1.1477177647225691,25,25,1.0
2,5.0,cell,QR_Q_C_unique_dim_U,5.0,25,25,1.0
2,5.0,cell,QR_Q_C_unique_dim_Q,3.0,25,25,1.0
2,5.0,cell,QR_Q_C_unique_shared_energy,0.00496677122010726,25,25,1.0
2,5.0,cell,QR_Q_C_unique_purity,0.000993354244021412,25,25,1.0
2,5.0,cell,QR_Q_C_unique_capture,0.0016555904067023838,25,25,1.0
2,5.0,cell,QR_Q_C_unique_expected_random_purity,0.03,25,25,1.0
2,5.0,cell,QR_Q_C_unique_expected_random_capture,0.05000000000000001,25,25,1.0
2,5.0,cell,QR_Q_C_unique_excess_purity,-0.029006645755978486,25,25,1.0
2,5.0,cell,QR_Q_C_unique_excess_capture,-0.04834440959329751,25,25,1.0
2,5.0,cell,QR_Q_C_unique_largest_canonical_correlation,0.06469540517064722,25,25,1.0
2,5.0,cell,QR_Q_C_unique_smallest_principal_angle,1.5060528570958616,25,25,1.0
2,5.0,cell,QR_Q_C_full_dim_U,5.0,25,25,1.0
2,5.0,cell,QR_Q_C_full_dim_Q,4.0,25,25,1.0
2,5.0,cell,QR_Q_C_full_shared_energy,0.29829648614198606,25,25,1.0
2,5.0,cell,QR_Q_C_full_purity,0.059659297228397155,25,25,1.0
2,5.0,cell,QR_Q_C_full_capture,0.07457412153549646,25,25,1.0
2,5.0,cell,QR_Q_C_full_expected_random_purity,0.04,25,25,1.0
2,5.0,cell,QR_Q_C_full_expected_random_capture,0.05000000000000001,25,25,1.0
2,5.0,cell,QR_Q_C_full_excess_purity,0.01965929722839715,25,25,1.0
2,5.0,cell,QR_Q_C_full_excess_capture,0.024574121535496457,25,25,1.0
2,5.0,cell,QR_Q_C_full_largest_canonical_correlation,0.4246856542176839,25,25,1.0
2,5.0,cell,QR_Q_C_full_smallest_principal_angle,1.132174995016222,25,25,1.0
2,5.0,cell,QR_Q_P4_dim_U,5.0,25,25,1.0
2,5.0,cell,QR_Q_P4_dim_Q,4.0,25,25,1.0
2,5.0,cell,QR_Q_P4_shared_energy,0.30037038611341116,25,25,1.0
2,5.0,cell,QR_Q_P4_purity,0.06007407722268219,25,25,1.0
2,5.0,cell,QR_Q_P4_capture,0.07509259652835275,25,25,1.0
2,5.0,cell,QR_Q_P4_expected_random_purity,0.04,25,25,1.0
2,5.0,cell,QR_Q_P4_expected_random_capture,0.05000000000000001,25,25,1.0
2,5.0,cell,QR_Q_P4_excess_purity,0.020074077222682184,25,25,1.0
2,5.0,cell,QR_Q_P4_excess_capture,0.02509259652835273,25,25,1.0
2,5.0,cell,QR_Q_P4_largest_canonical_correlation,0.4070614503745903,25,25,1.0
2,5.0,cell,QR_Q_P4_smallest_principal_angle,1.1515563800963289,25,25,1.0
2,7.0,cell,UMP_Q_F_dim_U,2.36,25,25,1.0
2,7.0,cell,UMP_Q_F_dim_Q,5.0,25,25,1.0
2,7.0,cell,UMP_Q_F_shared_energy,0.00041263553594175203,25,25,1.0
2,7.0,cell,UMP_Q_F_purity,0.00017778017673667198,25,25,1.0
2,7.0,cell,UMP_Q_F_capture,8.25271071883506e-05,25,25,1.0
2,7.0,cell,UMP_Q_F_expected_random_purity,0.05000000000000001,25,25,1.0
2,7.0,cell,UMP_Q_F_expected_random_capture,0.023600000000000003,25,25,1.0
2,7.0,cell,UMP_Q_F_excess_purity,-0.049822219823263236,25,25,1.0
2,7.0,cell,UMP_Q_F_excess_capture,-0.02351747289281159,25,25,1.0
2,7.0,cell,UMP_Q_F_largest_canonical_correlation,0.01714351833745426,25,25,1.0
2,7.0,cell,UMP_Q_F_smallest_principal_angle,1.5536519362063488,25,25,1.0
2,7.0,cell,U4_Q_F_dim_U,4.0,25,25,1.0
2,7.0,cell,U4_Q_F_dim_Q,5.0,25,25,1.0
2,7.0,cell,U4_Q_F_shared_energy,0.000673918386180988,25,25,1.0
2,7.0,cell,U4_Q_F_purity,0.000168479596545208,25,25,1.0
2,7.0,cell,U4_Q_F_capture,0.00013478367723616035,25,25,1.0
2,7.0,cell,U4_Q_F_expected_random_purity,0.05000000000000001,25,25,1.0
2,7.0,cell,U4_Q_F_expected_random_capture,0.04,25,25,1.0
2,7.0,cell,U4_Q_F_excess_purity,-0.0498315204034547,25,25,1.0
2,7.0,cell,U4_Q_F_excess_capture,-0.03986521632276375,25,25,1.0
2,7.0,cell,U4_Q_F_largest_canonical_correlation,0.020007650283325226,25,25,1.0
2,7.0,cell,U4_Q_F_smallest_principal_angle,1.5507872472497908,25,25,1.0
2,7.0,cell,UMP_Q_F_unique_dim_U,2.36,25,25,1.0
2,7.0,cell,UMP_Q_F_unique_dim_Q,5.0,25,25,1.0
2,7.0,cell,UMP_Q_F_unique_shared_energy,0.015287873367646148,25,25,1.0
2,7.0,cell,UMP_Q_F_unique_purity,0.006774109906273291,25,25,1.0
2,7.0,cell,UMP_Q_F_unique_capture,0.003057574673529188,25,25,1.0
2,7.0,cell,UMP_Q_F_unique_expected_random_purity,0.05000000000000001,25,25,1.0
2,7.0,cell,UMP_Q_F_unique_expected_random_capture,0.023600000000000003,25,25,1.0
2,7.0,cell,UMP_Q_F_unique_excess_purity,-0.04322589009372663,25,25,1.0
2,7.0,cell,UMP_Q_F_unique_excess_capture,-0.02054242532647071,25,25,1.0
2,7.0,cell,UMP_Q_F_unique_largest_canonical_correlation,0.1069412691127971,25,25,1.0
2,7.0,cell,UMP_Q_F_unique_smallest_principal_angle,1.4636136183920456,25,25,1.0
2,7.0,cell,U4_Q_F_unique_dim_U,4.0,25,25,1.0
2,7.0,cell,U4_Q_F_unique_dim_Q,5.0,25,25,1.0
2,7.0,cell,U4_Q_F_unique_shared_energy,0.022609915987538844,25,25,1.0
2,7.0,cell,U4_Q_F_unique_purity,0.005652478996884675,25,25,1.0
2,7.0,cell,U4_Q_F_unique_capture,0.00452198319750774,25,25,1.0
2,7.0,cell,U4_Q_F_unique_expected_random_purity,0.05000000000000001,25,25,1.0
2,7.0,cell,U4_Q_F_unique_expected_random_capture,0.04,25,25,1.0
2,7.0,cell,U4_Q_F_unique_excess_purity,-0.04434752100311523,25,25,1.0
2,7.0,cell,U4_Q_F_unique_excess_capture,-0.035478016802492164,25,25,1.0
2,7.0,cell,U4_Q_F_unique_largest_canonical_correlation,0.13482332508699882,25,25,1.0
2,7.0,cell,U4_Q_F_unique_smallest_principal_angle,1.4355400531760745,25,25,1.0
2,7.0,cell,UMP_Q_C_dim_U,2.36,25,25,1.0
2,7.0,cell,UMP_Q_C_dim_Q,3.0,25,25,1.0
2,7.0,cell,UMP_Q_C_shared_energy,0.21929853168173344,25,25,1.0
2,7.0,cell,UMP_Q_C_purity,0.09536084399975162,25,25,1.0
2,7.0,cell,UMP_Q_C_capture,0.07309951056057777,25,25,1.0
2,7.0,cell,UMP_Q_C_expected_random_purity,0.03,25,25,1.0
2,7.0,cell,UMP_Q_C_expected_random_capture,0.023600000000000003,25,25,1.0
2,7.0,cell,UMP_Q_C_excess_purity,0.0653608439997516,25,25,1.0
2,7.0,cell,UMP_Q_C_excess_capture,0.04949951056057777,25,25,1.0
2,7.0,cell,UMP_Q_C_largest_canonical_correlation,0.39611673076655934,25,25,1.0
2,7.0,cell,UMP_Q_C_smallest_principal_angle,1.162864912378966,25,25,1.0
2,7.0,cell,U4_Q_C_dim_U,4.0,25,25,1.0
2,7.0,cell,U4_Q_C_dim_Q,3.0,25,25,1.0
2,7.0,cell,U4_Q_C_shared_energy,0.2916296965423574,25,25,1.0
2,7.0,cell,U4_Q_C_purity,0.07290742413558932,25,25,1.0
2,7.0,cell,U4_Q_C_capture,0.09720989884745242,25,25,1.0
2,7.0,cell,U4_Q_C_expected_random_purity,0.03,25,25,1.0
2,7.0,cell,U4_Q_C_expected_random_capture,0.04,25,25,1.0
2,7.0,cell,U4_Q_C_excess_purity,0.0429074241355893,25,25,1.0
2,7.0,cell,U4_Q_C_excess_capture,0.0572098988474524,25,25,1.0
2,7.0,cell,U4_Q_C_largest_canonical_correlation,0.4402205178443178,25,25,1.0
2,7.0,cell,U4_Q_C_smallest_principal_angle,1.1140898223893352,25,25,1.0
2,7.0,cell,UMP_Q_C_unique_dim_U,2.36,25,25,1.0
2,7.0,cell,UMP_Q_C_unique_dim_Q,3.0,25,25,1.0
2,7.0,cell,UMP_Q_C_unique_shared_energy,0.2341737695134375,25,25,1.0
2,7.0,cell,UMP_Q_C_unique_purity,0.10195717372928809,25,25,1.0
2,7.0,cell,UMP_Q_C_unique_capture,0.0780579231711458,25,25,1.0
2,7.0,cell,UMP_Q_C_unique_expected_random_purity,0.03,25,25,1.0
2,7.0,cell,UMP_Q_C_unique_expected_random_capture,0.023600000000000003,25,25,1.0
2,7.0,cell,UMP_Q_C_unique_excess_purity,0.07195717372928806,25,25,1.0
2,7.0,cell,UMP_Q_C_unique_excess_capture,0.05445792317114579,25,25,1.0
2,7.0,cell,UMP_Q_C_unique_largest_canonical_correlation,0.40481786160768424,25,25,1.0
2,7.0,cell,UMP_Q_C_unique_smallest_principal_angle,1.1532895435613661,25,25,1.0
2,7.0,cell,U4_Q_C_unique_dim_U,4.0,25,25,1.0
2,7.0,cell,U4_Q_C_unique_dim_Q,3.0,25,25,1.0
2,7.0,cell,U4_Q_C_unique_shared_energy,0.31356569414371477,25,25,1.0
2,7.0,cell,U4_Q_C_unique_purity,0.07839142353592865,25,25,1.0
2,7.0,cell,U4_Q_C_unique_capture,0.1045218980479049,25,25,1.0
2,7.0,cell,U4_Q_C_unique_expected_random_purity,0.03,25,25,1.0
2,7.0,cell,U4_Q_C_unique_expected_random_capture,0.04,25,25,1.0
2,7.0,cell,U4_Q_C_unique_excess_purity,0.048391423535928665,25,25,1.0
2,7.0,cell,U4_Q_C_unique_excess_capture,0.0645218980479049,25,25,1.0
2,7.0,cell,U4_Q_C_unique_largest_canonical_correlation,0.45241119414844894,25,25,1.0
2,7.0,cell,U4_Q_C_unique_smallest_principal_angle,1.1003309416285367,25,25,1.0
2,7.0,cell,UMP_Q_C_full_dim_U,2.36,25,25,1.0
2,7.0,cell,UMP_Q_C_full_dim_Q,4.0,25,25,1.0
2,7.0,cell,UMP_Q_C_full_shared_energy,0.2817251077600325,25,25,1.0
2,7.0,cell,UMP_Q_C_full_purity,0.1224515611018597,25,25,1.0
2,7.0,cell,UMP_Q_C_full_capture,0.0704312769400081,25,25,1.0
2,7.0,cell,UMP_Q_C_full_expected_random_purity,0.04,25,25,1.0
2,7.0,cell,UMP_Q_C_full_expected_random_capture,0.023600000000000003,25,25,1.0
2,7.0,cell,UMP_Q_C_full_excess_purity,0.08245156110185967,25,25,1.0
2,7.0,cell,UMP_Q_C_full_excess_capture,0.046831276940008104,25,25,1.0
2,7.0,cell,UMP_Q_C_full_largest_canonical_correlation,0.42821029300098545,25,25,1.0
2,7.0,cell,UMP_Q_C_full_smallest_principal_angle,1.1278807041925059,25,25,1.0
2,7.0,cell,U4_Q_C_full_dim_U,4.0,25,25,1.0
2,7.0,cell,U4_Q_C_full_dim_Q,4.0,25,25,1.0
2,7.0,cell,U4_Q_C_full_shared_energy,0.37345795581641217,25,25,1.0
2,7.0,cell,U4_Q_C_full_purity,0.093364488954103,25,25,1.0
2,7.0,cell,U4_Q_C_full_capture,0.093364488954103,25,25,1.0
2,7.0,cell,U4_Q_C_full_expected_random_purity,0.04,25,25,1.0
2,7.0,cell,U4_Q_C_full_expected_random_capture,0.04,25,25,1.0
2,7.0,cell,U4_Q_C_full_excess_purity,0.053364488954103007,25,25,1.0
2,7.0,cell,U4_Q_C_full_excess_capture,0.053364488954103007,25,25,1.0
2,7.0,cell,U4_Q_C_full_largest_canonical_correlation,0.4721173904269949,25,25,1.0
2,7.0,cell,U4_Q_C_full_smallest_principal_angle,1.0786278186707041,25,25,1.0
2,7.0,cell,UMP_Q_P4_dim_U,2.36,25,25,1.0
2,7.0,cell,UMP_Q_P4_dim_Q,4.0,25,25,1.0
2,7.0,cell,UMP_Q_P4_shared_energy,0.3148062835034004,25,25,1.0
2,7.0,cell,UMP_Q_P4_purity,0.13673784297301328,25,25,1.0
2,7.0,cell,UMP_Q_P4_capture,0.07870157087585007,25,25,1.0
2,7.0,cell,UMP_Q_P4_expected_random_purity,0.04,25,25,1.0
2,7.0,cell,UMP_Q_P4_expected_random_capture,0.023600000000000003,25,25,1.0
2,7.0,cell,UMP_Q_P4_excess_purity,0.09673784297301326,25,25,1.0
2,7.0,cell,UMP_Q_P4_excess_capture,0.055101570875850076,25,25,1.0
2,7.0,cell,UMP_Q_P4_largest_canonical_correlation,0.44766553238565593,25,25,1.0
2,7.0,cell,UMP_Q_P4_smallest_principal_angle,1.1060592111911134,25,25,1.0
2,7.0,cell,U4_Q_P4_dim_U,4.0,25,25,1.0
2,7.0,cell,U4_Q_P4_dim_Q,4.0,25,25,1.0
2,7.0,cell,U4_Q_P4_shared_energy,0.40553122474150594,25,25,1.0
2,7.0,cell,U4_Q_P4_purity,0.10138280618537644,25,25,1.0
2,7.0,cell,U4_Q_P4_capture,0.10138280618537644,25,25,1.0
2,7.0,cell,U4_Q_P4_expected_random_purity,0.04,25,25,1.0
2,7.0,cell,U4_Q_P4_expected_random_capture,0.04,25,25,1.0
2,7.0,cell,U4_Q_P4_excess_purity,0.06138280618537644,25,25,1.0
2,7.0,cell,U4_Q_P4_excess_capture,0.06138280618537644,25,25,1.0
2,7.0,cell,U4_Q_P4_largest_canonical_correlation,0.4906991157231145,25,25,1.0
2,7.0,cell,U4_Q_P4_smallest_principal_angle,1.0571791518829756,25,25,1.0
2,7.0,cell,QR_Q_F_dim_U,7.0,25,25,1.0
2,7.0,cell,QR_Q_F_dim_Q,5.0,25,25,1.0
2,7.0,cell,QR_Q_F_shared_energy,4.9862599966578225,25,25,1.0
2,7.0,cell,QR_Q_F_purity,0.7123228566654034,25,25,1.0
2,7.0,cell,QR_Q_F_capture,0.9972519993315646,25,25,1.0
2,7.0,cell,QR_Q_F_expected_random_purity,0.05000000000000001,25,25,1.0
2,7.0,cell,QR_Q_F_expected_random_capture,0.07,25,25,1.0
2,7.0,cell,QR_Q_F_excess_purity,0.6623228566654032,25,25,1.0
2,7.0,cell,QR_Q_F_excess_capture,0.9272519993315647,25,25,1.0
2,7.0,cell,QR_Q_F_largest_canonical_correlation,0.9994713689401838,25,25,1.0
2,7.0,cell,QR_Q_F_smallest_principal_angle,0.032481974479872694,25,25,1.0
2,7.0,cell,QR_Q_C_dim_U,7.0,25,25,1.0
2,7.0,cell,QR_Q_C_dim_Q,3.0,25,25,1.0
2,7.0,cell,QR_Q_C_shared_energy,1.4458362107779568,25,25,1.0
2,7.0,cell,QR_Q_C_purity,0.20654803011113665,25,25,1.0
2,7.0,cell,QR_Q_C_capture,0.48194540359265226,25,25,1.0
2,7.0,cell,QR_Q_C_expected_random_purity,0.03,25,25,1.0
2,7.0,cell,QR_Q_C_expected_random_capture,0.07,25,25,1.0
2,7.0,cell,QR_Q_C_excess_purity,0.17654803011113668,25,25,1.0
2,7.0,cell,QR_Q_C_excess_capture,0.4119454035926522,25,25,1.0
2,7.0,cell,QR_Q_C_largest_canonical_correlation,0.9787393884771061,25,25,1.0
2,7.0,cell,QR_Q_C_smallest_principal_angle,0.20643388010464428,25,25,1.0
2,7.0,cell,QR_Q_C_unique_dim_U,7.0,25,25,1.0
2,7.0,cell,QR_Q_C_unique_dim_Q,3.0,25,25,1.0
2,7.0,cell,QR_Q_C_unique_shared_energy,1.3268927150966199,25,25,1.0
2,7.0,cell,QR_Q_C_unique_purity,0.1895561021566599,25,25,1.0
2,7.0,cell,QR_Q_C_unique_capture,0.4422975716988733,25,25,1.0
2,7.0,cell,QR_Q_C_unique_expected_random_purity,0.03,25,25,1.0
2,7.0,cell,QR_Q_C_unique_expected_random_capture,0.07,25,25,1.0
2,7.0,cell,QR_Q_C_unique_excess_purity,0.15955610215665994,25,25,1.0
2,7.0,cell,QR_Q_C_unique_excess_capture,0.3722975716988733,25,25,1.0
2,7.0,cell,QR_Q_C_unique_largest_canonical_correlation,0.9765635802368101,25,25,1.0
2,7.0,cell,QR_Q_C_unique_smallest_principal_angle,0.21676836069808025,25,25,1.0
2,7.0,cell,QR_Q_C_full_dim_U,7.0,25,25,1.0
2,7.0,cell,QR_Q_C_full_dim_Q,4.0,25,25,1.0
2,7.0,cell,QR_Q_C_full_shared_energy,1.9922638499887197,25,25,1.0
2,7.0,cell,QR_Q_C_full_purity,0.28460912142695993,25,25,1.0
2,7.0,cell,QR_Q_C_full_capture,0.4980659624971798,25,25,1.0
2,7.0,cell,QR_Q_C_full_expected_random_purity,0.04,25,25,1.0
2,7.0,cell,QR_Q_C_full_expected_random_capture,0.07,25,25,1.0
2,7.0,cell,QR_Q_C_full_excess_purity,0.24460912142695992,25,25,1.0
2,7.0,cell,QR_Q_C_full_excess_capture,0.42806596249717993,25,25,1.0
2,7.0,cell,QR_Q_C_full_largest_canonical_correlation,0.9796639438640081,25,25,1.0
2,7.0,cell,QR_Q_C_full_smallest_principal_angle,0.20190162688132707,25,25,1.0
2,7.0,cell,QR_Q_P4_dim_U,7.0,25,25,1.0
2,7.0,cell,QR_Q_P4_dim_Q,4.0,25,25,1.0
2,7.0,cell,QR_Q_P4_shared_energy,2.028873541701722,25,25,1.0
2,7.0,cell,QR_Q_P4_purity,0.28983907738596026,25,25,1.0
2,7.0,cell,QR_Q_P4_capture,0.5072183854254305,25,25,1.0
2,7.0,cell,QR_Q_P4_expected_random_purity,0.04,25,25,1.0
2,7.0,cell,QR_Q_P4_expected_random_capture,0.07,25,25,1.0
2,7.0,cell,QR_Q_P4_excess_purity,0.2498390773859603,25,25,1.0
2,7.0,cell,QR_Q_P4_excess_capture,0.43721838542543057,25,25,1.0
2,7.0,cell,QR_Q_P4_largest_canonical_correlation,0.9874567571546113,25,25,1.0
2,7.0,cell,QR_Q_P4_smallest_principal_angle,0.15849028204247034,25,25,1.0
3,3.0,cell,UMP_Q_F_dim_U,4.0,25,25,1.0
3,3.0,cell,UMP_Q_F_dim_Q,5.0,25,25,1.0
3,3.0,cell,UMP_Q_F_shared_energy,1.9542722884501051,25,25,1.0
3,3.0,cell,UMP_Q_F_purity,0.48856807211252623,25,25,1.0
3,3.0,cell,UMP_Q_F_capture,0.390854457690021,25,25,1.0
3,3.0,cell,UMP_Q_F_expected_random_purity,0.05000000000000001,25,25,1.0
3,3.0,cell,UMP_Q_F_expected_random_capture,0.04,25,25,1.0
3,3.0,cell,UMP_Q_F_excess_purity,0.4385680721125263,25,25,1.0
3,3.0,cell,UMP_Q_F_excess_capture,0.350854457690021,25,25,1.0
3,3.0,cell,UMP_Q_F_largest_canonical_correlation,0.9913743400531885,25,25,1.0
3,3.0,cell,UMP_Q_F_smallest_principal_angle,0.12789646022872703,25,25,1.0
3,3.0,cell,U4_Q_F_dim_U,4.0,25,25,1.0
3,3.0,cell,U4_Q_F_dim_Q,5.0,25,25,1.0
3,3.0,cell,U4_Q_F_shared_energy,1.9542722884501051,25,25,1.0
3,3.0,cell,U4_Q_F_purity,0.48856807211252623,25,25,1.0
3,3.0,cell,U4_Q_F_capture,0.390854457690021,25,25,1.0
3,3.0,cell,U4_Q_F_expected_random_purity,0.05000000000000001,25,25,1.0
3,3.0,cell,U4_Q_F_expected_random_capture,0.04,25,25,1.0
3,3.0,cell,U4_Q_F_excess_purity,0.4385680721125263,25,25,1.0
3,3.0,cell,U4_Q_F_excess_capture,0.350854457690021,25,25,1.0
3,3.0,cell,U4_Q_F_largest_canonical_correlation,0.9913743400531885,25,25,1.0
3,3.0,cell,U4_Q_F_smallest_principal_angle,0.12789646022872703,25,25,1.0
3,3.0,cell,UMP_Q_F_unique_dim_U,4.0,25,25,1.0
3,3.0,cell,UMP_Q_F_unique_dim_Q,5.0,25,25,1.0
3,3.0,cell,UMP_Q_F_unique_shared_energy,1.8899973605110711,25,25,1.0
3,3.0,cell,UMP_Q_F_unique_purity,0.4724993401277678,25,25,1.0
3,3.0,cell,UMP_Q_F_unique_capture,0.3779994721022142,25,25,1.0
3,3.0,cell,UMP_Q_F_unique_expected_random_purity,0.05000000000000001,25,25,1.0
3,3.0,cell,UMP_Q_F_unique_expected_random_capture,0.04,25,25,1.0
3,3.0,cell,UMP_Q_F_unique_excess_purity,0.42249934012776774,25,25,1.0
3,3.0,cell,UMP_Q_F_unique_excess_capture,0.3379994721022142,25,25,1.0
3,3.0,cell,UMP_Q_F_unique_largest_canonical_correlation,0.9850894425864318,25,25,1.0
3,3.0,cell,UMP_Q_F_unique_smallest_principal_angle,0.16753207275583137,25,25,1.0
3,3.0,cell,U4_Q_F_unique_dim_U,4.0,25,25,1.0
3,3.0,cell,U4_Q_F_unique_dim_Q,5.0,25,25,1.0
3,3.0,cell,U4_Q_F_unique_shared_energy,1.8899973605110711,25,25,1.0
3,3.0,cell,U4_Q_F_unique_purity,0.4724993401277678,25,25,1.0
3,3.0,cell,U4_Q_F_unique_capture,0.3779994721022142,25,25,1.0
3,3.0,cell,U4_Q_F_unique_expected_random_purity,0.05000000000000001,25,25,1.0
3,3.0,cell,U4_Q_F_unique_expected_random_capture,0.04,25,25,1.0
3,3.0,cell,U4_Q_F_unique_excess_purity,0.42249934012776774,25,25,1.0
3,3.0,cell,U4_Q_F_unique_excess_capture,0.3379994721022142,25,25,1.0
3,3.0,cell,U4_Q_F_unique_largest_canonical_correlation,0.9850894425864318,25,25,1.0
3,3.0,cell,U4_Q_F_unique_smallest_principal_angle,0.16753207275583137,25,25,1.0
3,3.0,cell,UMP_Q_C_dim_U,4.0,25,25,1.0
3,3.0,cell,UMP_Q_C_dim_Q,3.0,25,25,1.0
3,3.0,cell,UMP_Q_C_shared_energy,1.3480508882244526,25,25,1.0
3,3.0,cell,UMP_Q_C_purity,0.33701272205611316,25,25,1.0
3,3.0,cell,UMP_Q_C_capture,0.4493502960748176,25,25,1.0
3,3.0,cell,UMP_Q_C_expected_random_purity,0.03,25,25,1.0
3,3.0,cell,UMP_Q_C_expected_random_capture,0.04,25,25,1.0
3,3.0,cell,UMP_Q_C_excess_purity,0.3070127220561132,25,25,1.0
3,3.0,cell,UMP_Q_C_excess_capture,0.4093502960748176,25,25,1.0
3,3.0,cell,UMP_Q_C_largest_canonical_correlation,0.9492722206632702,25,25,1.0
3,3.0,cell,UMP_Q_C_smallest_principal_angle,0.31826339225299116,25,25,1.0
3,3.0,cell,U4_Q_C_dim_U,4.0,25,25,1.0
3,3.0,cell,U4_Q_C_dim_Q,3.0,25,25,1.0
3,3.0,cell,U4_Q_C_shared_energy,1.3480508882244526,25,25,1.0
3,3.0,cell,U4_Q_C_purity,0.33701272205611316,25,25,1.0
3,3.0,cell,U4_Q_C_capture,0.4493502960748176,25,25,1.0
3,3.0,cell,U4_Q_C_expected_random_purity,0.03,25,25,1.0
3,3.0,cell,U4_Q_C_expected_random_capture,0.04,25,25,1.0
3,3.0,cell,U4_Q_C_excess_purity,0.3070127220561132,25,25,1.0
3,3.0,cell,U4_Q_C_excess_capture,0.4093502960748176,25,25,1.0
3,3.0,cell,U4_Q_C_largest_canonical_correlation,0.9492722206632702,25,25,1.0
3,3.0,cell,U4_Q_C_smallest_principal_angle,0.31826339225299116,25,25,1.0
3,3.0,cell,UMP_Q_C_unique_dim_U,4.0,25,25,1.0
3,3.0,cell,UMP_Q_C_unique_dim_Q,3.0,25,25,1.0
3,3.0,cell,UMP_Q_C_unique_shared_energy,1.2837759602854175,25,25,1.0
3,3.0,cell,UMP_Q_C_unique_purity,0.3209439900713544,25,25,1.0
3,3.0,cell,UMP_Q_C_unique_capture,0.4279253200951391,25,25,1.0
3,3.0,cell,UMP_Q_C_unique_expected_random_purity,0.03,25,25,1.0
3,3.0,cell,UMP_Q_C_unique_expected_random_capture,0.04,25,25,1.0
3,3.0,cell,UMP_Q_C_unique_excess_purity,0.29094399007135435,25,25,1.0
3,3.0,cell,UMP_Q_C_unique_excess_capture,0.3879253200951392,25,25,1.0
3,3.0,cell,UMP_Q_C_unique_largest_canonical_correlation,0.9622601006950267,25,25,1.0
3,3.0,cell,UMP_Q_C_unique_smallest_principal_angle,0.2755376681136573,25,25,1.0
3,3.0,cell,U4_Q_C_unique_dim_U,4.0,25,25,1.0
3,3.0,cell,U4_Q_C_unique_dim_Q,3.0,25,25,1.0
3,3.0,cell,U4_Q_C_unique_shared_energy,1.2837759602854175,25,25,1.0
3,3.0,cell,U4_Q_C_unique_purity,0.3209439900713544,25,25,1.0
3,3.0,cell,U4_Q_C_unique_capture,0.4279253200951391,25,25,1.0
3,3.0,cell,U4_Q_C_unique_expected_random_purity,0.03,25,25,1.0
3,3.0,cell,U4_Q_C_unique_expected_random_capture,0.04,25,25,1.0
3,3.0,cell,U4_Q_C_unique_excess_purity,0.29094399007135435,25,25,1.0
3,3.0,cell,U4_Q_C_unique_excess_capture,0.3879253200951392,25,25,1.0
3,3.0,cell,U4_Q_C_unique_largest_canonical_correlation,0.9622601006950267,25,25,1.0
3,3.0,cell,U4_Q_C_unique_smallest_principal_angle,0.2755376681136573,25,25,1.0
3,3.0,cell,UMP_Q_C_full_dim_U,4.0,25,25,1.0
3,3.0,cell,UMP_Q_C_full_dim_Q,4.0,25,25,1.0
3,3.0,cell,UMP_Q_C_full_shared_energy,1.9052371892318773,25,25,1.0
3,3.0,cell,UMP_Q_C_full_purity,0.47630929730796934,25,25,1.0
3,3.0,cell,UMP_Q_C_full_capture,0.47630929730796934,25,25,1.0
3,3.0,cell,UMP_Q_C_full_expected_random_purity,0.04,25,25,1.0
3,3.0,cell,UMP_Q_C_full_expected_random_capture,0.04,25,25,1.0
3,3.0,cell,UMP_Q_C_full_excess_purity,0.4363092973079693,25,25,1.0
3,3.0,cell,UMP_Q_C_full_excess_capture,0.4363092973079693,25,25,1.0
3,3.0,cell,UMP_Q_C_full_largest_canonical_correlation,0.9632151880762375,25,25,1.0
3,3.0,cell,UMP_Q_C_full_smallest_principal_angle,0.2719035863212257,25,25,1.0
3,3.0,cell,U4_Q_C_full_dim_U,4.0,25,25,1.0
3,3.0,cell,U4_Q_C_full_dim_Q,4.0,25,25,1.0
3,3.0,cell,U4_Q_C_full_shared_energy,1.9052371892318773,25,25,1.0
3,3.0,cell,U4_Q_C_full_purity,0.47630929730796934,25,25,1.0
3,3.0,cell,U4_Q_C_full_capture,0.47630929730796934,25,25,1.0
3,3.0,cell,U4_Q_C_full_expected_random_purity,0.04,25,25,1.0
3,3.0,cell,U4_Q_C_full_expected_random_capture,0.04,25,25,1.0
3,3.0,cell,U4_Q_C_full_excess_purity,0.4363092973079693,25,25,1.0
3,3.0,cell,U4_Q_C_full_excess_capture,0.4363092973079693,25,25,1.0
3,3.0,cell,U4_Q_C_full_largest_canonical_correlation,0.9632151880762375,25,25,1.0
3,3.0,cell,U4_Q_C_full_smallest_principal_angle,0.2719035863212257,25,25,1.0
3,3.0,cell,UMP_Q_P4_dim_U,4.0,25,25,1.0
3,3.0,cell,UMP_Q_P4_dim_Q,4.0,25,25,1.0
3,3.0,cell,UMP_Q_P4_shared_energy,1.9385864687223406,25,25,1.0
3,3.0,cell,UMP_Q_P4_purity,0.48464661718058516,25,25,1.0
3,3.0,cell,UMP_Q_P4_capture,0.48464661718058516,25,25,1.0
3,3.0,cell,UMP_Q_P4_expected_random_purity,0.04,25,25,1.0
3,3.0,cell,UMP_Q_P4_expected_random_capture,0.04,25,25,1.0
3,3.0,cell,UMP_Q_P4_excess_purity,0.4446466171805852,25,25,1.0
3,3.0,cell,UMP_Q_P4_excess_capture,0.4446466171805852,25,25,1.0
3,3.0,cell,UMP_Q_P4_largest_canonical_correlation,0.9741978365657509,25,25,1.0
3,3.0,cell,UMP_Q_P4_smallest_principal_angle,0.2274644867165178,25,25,1.0
3,3.0,cell,U4_Q_P4_dim_U,4.0,25,25,1.0
3,3.0,cell,U4_Q_P4_dim_Q,4.0,25,25,1.0
3,3.0,cell,U4_Q_P4_shared_energy,1.9385864687223406,25,25,1.0
3,3.0,cell,U4_Q_P4_purity,0.48464661718058516,25,25,1.0
3,3.0,cell,U4_Q_P4_capture,0.48464661718058516,25,25,1.0
3,3.0,cell,U4_Q_P4_expected_random_purity,0.04,25,25,1.0
3,3.0,cell,U4_Q_P4_expected_random_capture,0.04,25,25,1.0
3,3.0,cell,U4_Q_P4_excess_purity,0.4446466171805852,25,25,1.0
3,3.0,cell,U4_Q_P4_excess_capture,0.4446466171805852,25,25,1.0
3,3.0,cell,U4_Q_P4_largest_canonical_correlation,0.9741978365657509,25,25,1.0
3,3.0,cell,U4_Q_P4_smallest_principal_angle,0.2274644867165178,25,25,1.0
3,3.0,cell,QR_Q_F_dim_U,3.0,25,25,1.0
3,3.0,cell,QR_Q_F_dim_Q,5.0,25,25,1.0
3,3.0,cell,QR_Q_F_shared_energy,2.9909294074713753,25,25,1.0
3,3.0,cell,QR_Q_F_purity,0.9969764691571251,25,25,1.0
3,3.0,cell,QR_Q_F_capture,0.5981858814942751,25,25,1.0
3,3.0,cell,QR_Q_F_expected_random_purity,0.05000000000000001,25,25,1.0
3,3.0,cell,QR_Q_F_expected_random_capture,0.03,25,25,1.0
3,3.0,cell,QR_Q_F_excess_purity,0.9469764691571251,25,25,1.0
3,3.0,cell,QR_Q_F_excess_capture,0.5681858814942751,25,25,1.0
3,3.0,cell,QR_Q_F_largest_canonical_correlation,0.9994227595381108,25,25,1.0
3,3.0,cell,QR_Q_F_smallest_principal_angle,0.03391472735363517,25,25,1.0
3,3.0,cell,QR_Q_C_dim_U,3.0,25,25,1.0
3,3.0,cell,QR_Q_C_dim_Q,3.0,25,25,1.0
3,3.0,cell,QR_Q_C_shared_energy,0.074274141515104,25,25,1.0
3,3.0,cell,QR_Q_C_purity,0.024758047171701304,25,25,1.0
3,3.0,cell,QR_Q_C_capture,0.024758047171701304,25,25,1.0
3,3.0,cell,QR_Q_C_expected_random_purity,0.03,25,25,1.0
3,3.0,cell,QR_Q_C_expected_random_capture,0.03,25,25,1.0
3,3.0,cell,QR_Q_C_excess_purity,-0.005241952828298616,25,25,1.0
3,3.0,cell,QR_Q_C_excess_capture,-0.005241952828298616,25,25,1.0
3,3.0,cell,QR_Q_C_largest_canonical_correlation,0.25077551795526387,25,25,1.0
3,3.0,cell,QR_Q_C_smallest_principal_angle,1.3171792271646685,25,25,1.0
3,3.0,cell,QR_Q_C_unique_dim_U,3.0,25,25,1.0
3,3.0,cell,QR_Q_C_unique_dim_Q,3.0,25,25,1.0
3,3.0,cell,QR_Q_C_unique_shared_energy,0.004515680392873304,25,25,1.0
3,3.0,cell,QR_Q_C_unique_purity,0.001505226797624408,25,25,1.0
3,3.0,cell,QR_Q_C_unique_capture,0.001505226797624408,25,25,1.0
3,3.0,cell,QR_Q_C_unique_expected_random_purity,0.03,25,25,1.0
3,3.0,cell,QR_Q_C_unique_expected_random_capture,0.03,25,25,1.0
3,3.0,cell,QR_Q_C_unique_excess_purity,-0.028494773202375492,25,25,1.0
3,3.0,cell,QR_Q_C_unique_excess_capture,-0.028494773202375492,25,25,1.0
3,3.0,cell,QR_Q_C_unique_largest_canonical_correlation,0.06254657504433073,25,25,1.0
3,3.0,cell,QR_Q_C_unique_smallest_principal_angle,1.508196969428777,25,25,1.0
3,3.0,cell,QR_Q_C_full_dim_U,3.0,25,25,1.0
3,3.0,cell,QR_Q_C_full_dim_Q,4.0,25,25,1.0
3,3.0,cell,QR_Q_C_full_shared_energy,0.09025504901308073,25,25,1.0
3,3.0,cell,QR_Q_C_full_purity,0.03008501633769355,25,25,1.0
3,3.0,cell,QR_Q_C_full_capture,0.02256376225327014,25,25,1.0
3,3.0,cell,QR_Q_C_full_expected_random_purity,0.04,25,25,1.0
3,3.0,cell,QR_Q_C_full_expected_random_capture,0.03,25,25,1.0
3,3.0,cell,QR_Q_C_full_excess_purity,-0.009914983662306386,25,25,1.0
3,3.0,cell,QR_Q_C_full_excess_capture,-0.007436237746729781,25,25,1.0
3,3.0,cell,QR_Q_C_full_largest_canonical_correlation,0.26512623001172003,25,25,1.0
3,3.0,cell,QR_Q_C_full_smallest_principal_angle,1.30223940554345,25,25,1.0
3,3.0,cell,QR_Q_P4_dim_U,3.0,25,25,1.0
3,3.0,cell,QR_Q_P4_dim_Q,4.0,25,25,1.0
3,3.0,cell,QR_Q_P4_shared_energy,0.0779238369829212,25,25,1.0
3,3.0,cell,QR_Q_P4_purity,0.025974612327640374,25,25,1.0
3,3.0,cell,QR_Q_P4_capture,0.019480959245730272,25,25,1.0
3,3.0,cell,QR_Q_P4_expected_random_purity,0.04,25,25,1.0
3,3.0,cell,QR_Q_P4_expected_random_capture,0.03,25,25,1.0
3,3.0,cell,QR_Q_P4_excess_purity,-0.014025387672359547,25,25,1.0
3,3.0,cell,QR_Q_P4_excess_capture,-0.010519040754269656,25,25,1.0
3,3.0,cell,QR_Q_P4_largest_canonical_correlation,0.24973379551199393,25,25,1.0
3,3.0,cell,QR_Q_P4_smallest_principal_angle,1.318082473327904,25,25,1.0
3,5.0,cell,UMP_Q_F_dim_U,2.0,25,25,1.0
3,5.0,cell,UMP_Q_F_dim_Q,5.0,25,25,1.0
3,5.0,cell,UMP_Q_F_shared_energy,0.059232627639343054,25,25,1.0
3,5.0,cell,UMP_Q_F_purity,0.02961631381967151,25,25,1.0
3,5.0,cell,UMP_Q_F_capture,0.011846525527868577,25,25,1.0
3,5.0,cell,UMP_Q_F_expected_random_purity,0.05000000000000001,25,25,1.0
3,5.0,cell,UMP_Q_F_expected_random_capture,0.02,25,25,1.0
3,5.0,cell,UMP_Q_F_excess_purity,-0.020383686180328396,25,25,1.0
3,5.0,cell,UMP_Q_F_excess_capture,-0.008153474472131323,25,25,1.0
3,5.0,cell,UMP_Q_F_largest_canonical_correlation,0.2220086622874088,25,25,1.0
3,5.0,cell,UMP_Q_F_smallest_principal_angle,1.3468538516953144,25,25,1.0
3,5.0,cell,U4_Q_F_dim_U,4.0,25,25,1.0
3,5.0,cell,U4_Q_F_dim_Q,5.0,25,25,1.0
3,5.0,cell,U4_Q_F_shared_energy,0.060299432177268936,25,25,1.0
3,5.0,cell,U4_Q_F_purity,0.0150748580443172,25,25,1.0
3,5.0,cell,U4_Q_F_capture,0.012059886435453748,25,25,1.0
3,5.0,cell,U4_Q_F_expected_random_purity,0.05000000000000001,25,25,1.0
3,5.0,cell,U4_Q_F_expected_random_capture,0.04,25,25,1.0
3,5.0,cell,U4_Q_F_excess_purity,-0.03492514195568269,25,25,1.0
3,5.0,cell,U4_Q_F_excess_capture,-0.02794011356454616,25,25,1.0
3,5.0,cell,U4_Q_F_largest_canonical_correlation,0.22302188158415417,25,25,1.0
3,5.0,cell,U4_Q_F_smallest_principal_angle,1.3458113817593735,25,25,1.0
3,5.0,cell,UMP_Q_F_unique_dim_U,2.0,25,25,1.0
3,5.0,cell,UMP_Q_F_unique_dim_Q,5.0,25,25,1.0
3,5.0,cell,UMP_Q_F_unique_shared_energy,0.18118557592788812,25,25,1.0
3,5.0,cell,UMP_Q_F_unique_purity,0.09059278796394402,25,25,1.0
3,5.0,cell,UMP_Q_F_unique_capture,0.036237115185577574,25,25,1.0
3,5.0,cell,UMP_Q_F_unique_expected_random_purity,0.05000000000000001,25,25,1.0
3,5.0,cell,UMP_Q_F_unique_expected_random_capture,0.02,25,25,1.0
3,5.0,cell,UMP_Q_F_unique_excess_purity,0.040592787963944,25,25,1.0
3,5.0,cell,UMP_Q_F_unique_excess_capture,0.01623711518557757,25,25,1.0
3,5.0,cell,UMP_Q_F_unique_largest_canonical_correlation,0.3530795969716902,25,25,1.0
3,5.0,cell,UMP_Q_F_unique_smallest_principal_angle,1.2098364029322053,25,25,1.0
3,5.0,cell,U4_Q_F_unique_dim_U,4.0,25,25,1.0
3,5.0,cell,U4_Q_F_unique_dim_Q,5.0,25,25,1.0
3,5.0,cell,U4_Q_F_unique_shared_energy,0.24111218827068526,25,25,1.0
3,5.0,cell,U4_Q_F_unique_purity,0.06027804706767128,25,25,1.0
3,5.0,cell,U4_Q_F_unique_capture,0.04822243765413701,25,25,1.0
3,5.0,cell,U4_Q_F_unique_expected_random_purity,0.05000000000000001,25,25,1.0
3,5.0,cell,U4_Q_F_unique_expected_random_capture,0.04,25,25,1.0
3,5.0,cell,U4_Q_F_unique_excess_purity,0.01027804706767127,25,25,1.0
3,5.0,cell,U4_Q_F_unique_excess_capture,0.008222437654136999,25,25,1.0
3,5.0,cell,U4_Q_F_unique_largest_canonical_correlation,0.3986255484229976,25,25,1.0
3,5.0,cell,U4_Q_F_unique_smallest_principal_angle,1.1606555619207213,25,25,1.0
3,5.0,cell,UMP_Q_C_dim_U,2.0,25,25,1.0
3,5.0,cell,UMP_Q_C_dim_Q,3.0,25,25,1.0
3,5.0,cell,UMP_Q_C_shared_energy,1.158487257463304,25,25,1.0
3,5.0,cell,UMP_Q_C_purity,0.5792436287316519,25,25,1.0
3,5.0,cell,UMP_Q_C_capture,0.3861624191544346,25,25,1.0
3,5.0,cell,UMP_Q_C_expected_random_purity,0.03,25,25,1.0
3,5.0,cell,UMP_Q_C_expected_random_capture,0.02,25,25,1.0
3,5.0,cell,UMP_Q_C_excess_purity,0.5492436287316519,25,25,1.0
3,5.0,cell,UMP_Q_C_excess_capture,0.3661624191544346,25,25,1.0
3,5.0,cell,UMP_Q_C_largest_canonical_correlation,0.9137360351482542,25,25,1.0
3,5.0,cell,UMP_Q_C_smallest_principal_angle,0.4178614050722779,25,25,1.0
3,5.0,cell,U4_Q_C_dim_U,4.0,25,25,1.0
3,5.0,cell,U4_Q_C_dim_Q,3.0,25,25,1.0
3,5.0,cell,U4_Q_C_shared_energy,1.7510137506675363,25,25,1.0
3,5.0,cell,U4_Q_C_purity,0.437753437666884,25,25,1.0
3,5.0,cell,U4_Q_C_capture,0.5836712502225121,25,25,1.0
3,5.0,cell,U4_Q_C_expected_random_purity,0.03,25,25,1.0
3,5.0,cell,U4_Q_C_expected_random_capture,0.04,25,25,1.0
3,5.0,cell,U4_Q_C_excess_purity,0.4077534376668841,25,25,1.0
3,5.0,cell,U4_Q_C_excess_capture,0.5436712502225121,25,25,1.0
3,5.0,cell,U4_Q_C_largest_canonical_correlation,0.9187520275003577,25,25,1.0
3,5.0,cell,U4_Q_C_smallest_principal_angle,0.4053639843951515,25,25,1.0
3,5.0,cell,UMP_Q_C_unique_dim_U,2.0,25,25,1.0
3,5.0,cell,UMP_Q_C_unique_dim_Q,3.0,25,25,1.0
3,5.0,cell,UMP_Q_C_unique_shared_energy,1.2804402057518485,25,25,1.0
3,5.0,cell,UMP_Q_C_unique_purity,0.6402201028759242,25,25,1.0
3,5.0,cell,UMP_Q_C_unique_capture,0.42681340191728284,25,25,1.0
3,5.0,cell,UMP_Q_C_unique_expected_random_purity,0.03,25,25,1.0
3,5.0,cell,UMP_Q_C_unique_expected_random_capture,0.02,25,25,1.0
3,5.0,cell,UMP_Q_C_unique_excess_purity,0.6102201028759243,25,25,1.0
3,5.0,cell,UMP_Q_C_unique_excess_capture,0.4068134019172828,25,25,1.0
3,5.0,cell,UMP_Q_C_unique_largest_canonical_correlation,0.9615526980837817,25,25,1.0
3,5.0,cell,UMP_Q_C_unique_smallest_principal_angle,0.27716321889515233,25,25,1.0
3,5.0,cell,U4_Q_C_unique_dim_U,4.0,25,25,1.0
3,5.0,cell,U4_Q_C_unique_dim_Q,3.0,25,25,1.0
3,5.0,cell,U4_Q_C_unique_shared_energy,1.9318265067609515,25,25,1.0
3,5.0,cell,U4_Q_C_unique_purity,0.48295662669023787,25,25,1.0
3,5.0,cell,U4_Q_C_unique_capture,0.6439421689203172,25,25,1.0
3,5.0,cell,U4_Q_C_unique_expected_random_purity,0.03,25,25,1.0
3,5.0,cell,U4_Q_C_unique_expected_random_capture,0.04,25,25,1.0
3,5.0,cell,U4_Q_C_unique_excess_purity,0.45295662669023784,25,25,1.0
3,5.0,cell,U4_Q_C_unique_excess_capture,0.6039421689203173,25,25,1.0
3,5.0,cell,U4_Q_C_unique_largest_canonical_correlation,0.9619731475447666,25,25,1.0
3,5.0,cell,U4_Q_C_unique_smallest_principal_angle,0.2755576289144977,25,25,1.0
3,5.0,cell,UMP_Q_C_full_dim_U,2.0,25,25,1.0
3,5.0,cell,UMP_Q_C_full_dim_Q,4.0,25,25,1.0
3,5.0,cell,UMP_Q_C_full_shared_energy,1.6730622436895048,25,25,1.0
3,5.0,cell,UMP_Q_C_full_purity,0.8365311218447524,25,25,1.0
3,5.0,cell,UMP_Q_C_full_capture,0.41826556092237616,25,25,1.0
3,5.0,cell,UMP_Q_C_full_expected_random_purity,0.04,25,25,1.0
3,5.0,cell,UMP_Q_C_full_expected_random_capture,0.02,25,25,1.0
3,5.0,cell,UMP_Q_C_full_excess_purity,0.7965311218447525,25,25,1.0
3,5.0,cell,UMP_Q_C_full_excess_capture,0.3982655609223762,25,25,1.0
3,5.0,cell,UMP_Q_C_full_largest_canonical_correlation,0.9207178353805507,25,25,1.0
3,5.0,cell,UMP_Q_C_full_smallest_principal_angle,0.4008254920214138,25,25,1.0
3,5.0,cell,U4_Q_C_full_dim_U,4.0,25,25,1.0
3,5.0,cell,U4_Q_C_full_dim_Q,4.0,25,25,1.0
3,5.0,cell,U4_Q_C_full_shared_energy,2.3688307006546365,25,25,1.0
3,5.0,cell,U4_Q_C_full_purity,0.5922076751636591,25,25,1.0
3,5.0,cell,U4_Q_C_full_capture,0.5922076751636591,25,25,1.0
3,5.0,cell,U4_Q_C_full_expected_random_purity,0.04,25,25,1.0
3,5.0,cell,U4_Q_C_full_expected_random_capture,0.04,25,25,1.0
3,5.0,cell,U4_Q_C_full_excess_purity,0.5522076751636591,25,25,1.0
3,5.0,cell,U4_Q_C_full_excess_capture,0.5522076751636591,25,25,1.0
3,5.0,cell,U4_Q_C_full_largest_canonical_correlation,0.9286122763088334,25,25,1.0
3,5.0,cell,U4_Q_C_full_smallest_principal_angle,0.38008668110740595,25,25,1.0
3,5.0,cell,UMP_Q_P4_dim_U,2.0,25,25,1.0
3,5.0,cell,UMP_Q_P4_dim_Q,4.0,25,25,1.0
3,5.0,cell,UMP_Q_P4_shared_energy,1.710426657330612,25,25,1.0
3,5.0,cell,UMP_Q_P4_purity,0.855213328665306,25,25,1.0
3,5.0,cell,UMP_Q_P4_capture,0.42760666433265293,25,25,1.0
3,5.0,cell,UMP_Q_P4_expected_random_purity,0.04,25,25,1.0
3,5.0,cell,UMP_Q_P4_expected_random_capture,0.02,25,25,1.0
3,5.0,cell,UMP_Q_P4_excess_purity,0.8152133286653058,25,25,1.0
3,5.0,cell,UMP_Q_P4_excess_capture,0.4076066643326529,25,25,1.0
3,5.0,cell,UMP_Q_P4_largest_canonical_correlation,0.931478696159705,25,25,1.0
3,5.0,cell,UMP_Q_P4_smallest_principal_angle,0.3720963215877384,25,25,1.0
3,5.0,cell,U4_Q_P4_dim_U,4.0,25,25,1.0
3,5.0,cell,U4_Q_P4_dim_Q,4.0,25,25,1.0
3,5.0,cell,U4_Q_P4_shared_energy,2.498366140433433,25,25,1.0
3,5.0,cell,U4_Q_P4_purity,0.6245915351083583,25,25,1.0
3,5.0,cell,U4_Q_P4_capture,0.6245915351083583,25,25,1.0
3,5.0,cell,U4_Q_P4_expected_random_purity,0.04,25,25,1.0
3,5.0,cell,U4_Q_P4_expected_random_capture,0.04,25,25,1.0
3,5.0,cell,U4_Q_P4_excess_purity,0.5845915351083584,25,25,1.0
3,5.0,cell,U4_Q_P4_excess_capture,0.5845915351083584,25,25,1.0
3,5.0,cell,U4_Q_P4_largest_canonical_correlation,0.9387631055481068,25,25,1.0
3,5.0,cell,U4_Q_P4_smallest_principal_angle,0.3515661376293045,25,25,1.0
3,5.0,cell,QR_Q_F_dim_U,5.0,25,25,1.0
3,5.0,cell,QR_Q_F_dim_Q,5.0,25,25,1.0
3,5.0,cell,QR_Q_F_shared_energy,4.923273045136757,25,25,1.0
3,5.0,cell,QR_Q_F_purity,0.9846546090273515,25,25,1.0
3,5.0,cell,QR_Q_F_capture,0.9846546090273515,25,25,1.0
3,5.0,cell,QR_Q_F_expected_random_purity,0.05000000000000001,25,25,1.0
3,5.0,cell,QR_Q_F_expected_random_capture,0.05000000000000001,25,25,1.0
3,5.0,cell,QR_Q_F_excess_purity,0.9346546090273513,25,25,1.0
3,5.0,cell,QR_Q_F_excess_capture,0.9346546090273513,25,25,1.0
3,5.0,cell,QR_Q_F_largest_canonical_correlation,0.9994991937207446,25,25,1.0
3,5.0,cell,QR_Q_F_smallest_principal_angle,0.03161666729987023,25,25,1.0
3,5.0,cell,QR_Q_C_dim_U,5.0,25,25,1.0
3,5.0,cell,QR_Q_C_dim_Q,3.0,25,25,1.0
3,5.0,cell,QR_Q_C_shared_energy,0.30070778409353494,25,25,1.0
3,5.0,cell,QR_Q_C_purity,0.06014155681870695,25,25,1.0
3,5.0,cell,QR_Q_C_capture,0.10023592803117828,25,25,1.0
3,5.0,cell,QR_Q_C_expected_random_purity,0.03,25,25,1.0
3,5.0,cell,QR_Q_C_expected_random_capture,0.05000000000000001,25,25,1.0
3,5.0,cell,QR_Q_C_excess_purity,0.030141556818706953,25,25,1.0
3,5.0,cell,QR_Q_C_excess_capture,0.05023592803117828,25,25,1.0
3,5.0,cell,QR_Q_C_largest_canonical_correlation,0.43585263514641676,25,25,1.0
3,5.0,cell,QR_Q_C_smallest_principal_angle,1.1196642642625654,25,25,1.0
3,5.0,cell,QR_Q_C_unique_dim_U,5.0,25,25,1.0
3,5.0,cell,QR_Q_C_unique_dim_Q,3.0,25,25,1.0
3,5.0,cell,QR_Q_C_unique_shared_energy,0.04066800156051345,25,25,1.0
3,5.0,cell,QR_Q_C_unique_purity,0.008133600312102644,25,25,1.0
3,5.0,cell,QR_Q_C_unique_capture,0.013556000520171108,25,25,1.0
3,5.0,cell,QR_Q_C_unique_expected_random_purity,0.03,25,25,1.0
3,5.0,cell,QR_Q_C_unique_expected_random_capture,0.05000000000000001,25,25,1.0
3,5.0,cell,QR_Q_C_unique_excess_purity,-0.021866399687897255,25,25,1.0
3,5.0,cell,QR_Q_C_unique_excess_capture,-0.0364439994798288,25,25,1.0
3,5.0,cell,QR_Q_C_unique_largest_canonical_correlation,0.18499363486220297,25,25,1.0
3,5.0,cell,QR_Q_C_unique_smallest_principal_angle,1.3846209578162227,25,25,1.0
3,5.0,cell,QR_Q_C_full_dim_U,5.0,25,25,1.0
3,5.0,cell,QR_Q_C_full_dim_Q,4.0,25,25,1.0
3,5.0,cell,QR_Q_C_full_shared_energy,0.38124073307380646,25,25,1.0
3,5.0,cell,QR_Q_C_full_purity,0.07624814661476124,25,25,1.0
3,5.0,cell,QR_Q_C_full_capture,0.09531018326845157,25,25,1.0
3,5.0,cell,QR_Q_C_full_expected_random_purity,0.04,25,25,1.0
3,5.0,cell,QR_Q_C_full_expected_random_capture,0.05000000000000001,25,25,1.0
3,5.0,cell,QR_Q_C_full_excess_purity,0.03624814661476124,25,25,1.0
3,5.0,cell,QR_Q_C_full_excess_capture,0.045310183268451557,25,25,1.0
3,5.0,cell,QR_Q_C_full_largest_canonical_correlation,0.46949780010973213,25,25,1.0
3,5.0,cell,QR_Q_C_full_smallest_principal_angle,1.0820000919041575,25,25,1.0
3,5.0,cell,QR_Q_P4_dim_U,5.0,25,25,1.0
3,5.0,cell,QR_Q_P4_dim_Q,4.0,25,25,1.0
3,5.0,cell,QR_Q_P4_shared_energy,0.365737784435749,25,25,1.0
3,5.0,cell,QR_Q_P4_purity,0.07314755688714976,25,25,1.0
3,5.0,cell,QR_Q_P4_capture,0.09143444610893724,25,25,1.0
3,5.0,cell,QR_Q_P4_expected_random_purity,0.04,25,25,1.0
3,5.0,cell,QR_Q_P4_expected_random_capture,0.05000000000000001,25,25,1.0
3,5.0,cell,QR_Q_P4_excess_purity,0.03314755688714976,25,25,1.0
3,5.0,cell,QR_Q_P4_excess_capture,0.04143444610893722,25,25,1.0
3,5.0,cell,QR_Q_P4_largest_canonical_correlation,0.4665742132602048,25,25,1.0
3,5.0,cell,QR_Q_P4_smallest_principal_angle,1.0853325229967805,25,25,1.0
3,7.0,cell,UMP_Q_F_dim_U,2.48,25,25,1.0
3,7.0,cell,UMP_Q_F_dim_Q,5.0,25,25,1.0
3,7.0,cell,UMP_Q_F_shared_energy,0.0005763631776448879,25,25,1.0
3,7.0,cell,UMP_Q_F_purity,0.000243386220071956,25,25,1.0
3,7.0,cell,UMP_Q_F_capture,0.00011527263552896568,25,25,1.0
3,7.0,cell,UMP_Q_F_expected_random_purity,0.05000000000000001,25,25,1.0
3,7.0,cell,UMP_Q_F_expected_random_capture,0.024800000000000003,25,25,1.0
3,7.0,cell,UMP_Q_F_excess_purity,-0.04975661377992795,25,25,1.0
3,7.0,cell,UMP_Q_F_excess_capture,-0.024684727364470947,25,25,1.0
3,7.0,cell,UMP_Q_F_largest_canonical_correlation,0.02127170081845104,25,25,1.0
3,7.0,cell,UMP_Q_F_smallest_principal_angle,1.549522879163879,25,25,1.0
3,7.0,cell,U4_Q_F_dim_U,4.0,25,25,1.0
3,7.0,cell,U4_Q_F_dim_Q,5.0,25,25,1.0
3,7.0,cell,U4_Q_F_shared_energy,0.000886603534962104,25,25,1.0
3,7.0,cell,U4_Q_F_purity,0.000221650883740496,25,25,1.0
3,7.0,cell,U4_Q_F_capture,0.0001773207069923919,25,25,1.0
3,7.0,cell,U4_Q_F_expected_random_purity,0.05000000000000001,25,25,1.0
3,7.0,cell,U4_Q_F_expected_random_capture,0.04,25,25,1.0
3,7.0,cell,U4_Q_F_excess_purity,-0.049778349116259404,25,25,1.0
3,7.0,cell,U4_Q_F_excess_capture,-0.03982267929300752,25,25,1.0
3,7.0,cell,U4_Q_F_largest_canonical_correlation,0.024769930390949765,25,25,1.0
3,7.0,cell,U4_Q_F_smallest_principal_angle,1.5460233536637105,25,25,1.0
3,7.0,cell,UMP_Q_F_unique_dim_U,2.48,25,25,1.0
3,7.0,cell,UMP_Q_F_unique_dim_Q,5.0,25,25,1.0
3,7.0,cell,UMP_Q_F_unique_shared_energy,0.045765345593912085,25,25,1.0
3,7.0,cell,UMP_Q_F_unique_purity,0.01886636428497527,25,25,1.0
3,7.0,cell,UMP_Q_F_unique_capture,0.009153069118782376,25,25,1.0
3,7.0,cell,UMP_Q_F_unique_expected_random_purity,0.05000000000000001,25,25,1.0
3,7.0,cell,UMP_Q_F_unique_expected_random_capture,0.024800000000000003,25,25,1.0
3,7.0,cell,UMP_Q_F_unique_excess_purity,-0.031133635715024633,25,25,1.0
3,7.0,cell,UMP_Q_F_unique_excess_capture,-0.015646930881217526,25,25,1.0
3,7.0,cell,UMP_Q_F_unique_largest_canonical_correlation,0.20435624828840285,25,25,1.0
3,7.0,cell,UMP_Q_F_unique_smallest_principal_angle,1.3649534989409753,25,25,1.0
3,7.0,cell,U4_Q_F_unique_dim_U,4.0,25,25,1.0
3,7.0,cell,U4_Q_F_unique_dim_Q,5.0,25,25,1.0
3,7.0,cell,U4_Q_F_unique_shared_energy,0.05345085728674004,25,25,1.0
3,7.0,cell,U4_Q_F_unique_purity,0.013362714321684972,25,25,1.0
3,7.0,cell,U4_Q_F_unique_capture,0.010690171457347963,25,25,1.0
3,7.0,cell,U4_Q_F_unique_expected_random_purity,0.05000000000000001,25,25,1.0
3,7.0,cell,U4_Q_F_unique_expected_random_capture,0.04,25,25,1.0
3,7.0,cell,U4_Q_F_unique_excess_purity,-0.03663728567831494,25,25,1.0
3,7.0,cell,U4_Q_F_unique_excess_capture,-0.02930982854265194,25,25,1.0
3,7.0,cell,U4_Q_F_unique_largest_canonical_correlation,0.21827402046436056,25,25,1.0
3,7.0,cell,U4_Q_F_unique_smallest_principal_angle,1.3507420113238182,25,25,1.0
3,7.0,cell,UMP_Q_C_dim_U,2.48,25,25,1.0
3,7.0,cell,UMP_Q_C_dim_Q,3.0,25,25,1.0
3,7.0,cell,UMP_Q_C_shared_energy,0.44678365456298685,25,25,1.0
3,7.0,cell,UMP_Q_C_purity,0.18344282913562412,25,25,1.0
3,7.0,cell,UMP_Q_C_capture,0.14892788485432892,25,25,1.0
3,7.0,cell,UMP_Q_C_expected_random_purity,0.03,25,25,1.0
3,7.0,cell,UMP_Q_C_expected_random_capture,0.024800000000000003,25,25,1.0
3,7.0,cell,UMP_Q_C_excess_purity,0.15344282913562415,25,25,1.0
3,7.0,cell,UMP_Q_C_excess_capture,0.12412788485432891,25,25,1.0
3,7.0,cell,UMP_Q_C_largest_canonical_correlation,0.6008556298934591,25,25,1.0
3,7.0,cell,UMP_Q_C_smallest_principal_angle,0.9254412409976572,25,25,1.0
3,7.0,cell,U4_Q_C_dim_U,4.0,25,25,1.0
3,7.0,cell,U4_Q_C_dim_Q,3.0,25,25,1.0
3,7.0,cell,U4_Q_C_shared_energy,0.5179798901672501,25,25,1.0
3,7.0,cell,U4_Q_C_purity,0.1294949725418125,25,25,1.0
3,7.0,cell,U4_Q_C_capture,0.17265996338908335,25,25,1.0
3,7.0,cell,U4_Q_C_expected_random_purity,0.03,25,25,1.0
3,7.0,cell,U4_Q_C_expected_random_capture,0.04,25,25,1.0
3,7.0,cell,U4_Q_C_excess_purity,0.09949497254181251,25,25,1.0
3,7.0,cell,U4_Q_C_excess_capture,0.1326599633890833,25,25,1.0
3,7.0,cell,U4_Q_C_largest_canonical_correlation,0.6286707256923478,25,25,1.0
3,7.0,cell,U4_Q_C_smallest_principal_angle,0.8906240122808452,25,25,1.0
3,7.0,cell,UMP_Q_C_unique_dim_U,2.48,25,25,1.0
3,7.0,cell,UMP_Q_C_unique_dim_Q,3.0,25,25,1.0
3,7.0,cell,UMP_Q_C_unique_shared_energy,0.4919726369792537,25,25,1.0
3,7.0,cell,UMP_Q_C_unique_purity,0.20206580720052728,25,25,1.0
3,7.0,cell,UMP_Q_C_unique_capture,0.1639908789930845,25,25,1.0
3,7.0,cell,UMP_Q_C_unique_expected_random_purity,0.03,25,25,1.0
3,7.0,cell,UMP_Q_C_unique_expected_random_capture,0.024800000000000003,25,25,1.0
3,7.0,cell,UMP_Q_C_unique_excess_purity,0.1720658072005273,25,25,1.0
3,7.0,cell,UMP_Q_C_unique_excess_capture,0.13919087899308452,25,25,1.0
3,7.0,cell,UMP_Q_C_unique_largest_canonical_correlation,0.6338843306403661,25,25,1.0
3,7.0,cell,UMP_Q_C_unique_smallest_principal_angle,0.8831544676550513,25,25,1.0
3,7.0,cell,U4_Q_C_unique_dim_U,4.0,25,25,1.0
3,7.0,cell,U4_Q_C_unique_dim_Q,3.0,25,25,1.0
3,7.0,cell,U4_Q_C_unique_shared_energy,0.5705441439190276,25,25,1.0
3,7.0,cell,U4_Q_C_unique_purity,0.14263603597975688,25,25,1.0
3,7.0,cell,U4_Q_C_unique_capture,0.1901813813063425,25,25,1.0
3,7.0,cell,U4_Q_C_unique_expected_random_purity,0.03,25,25,1.0
3,7.0,cell,U4_Q_C_unique_expected_random_capture,0.04,25,25,1.0
3,7.0,cell,U4_Q_C_unique_excess_purity,0.11263603597975687,25,25,1.0
3,7.0,cell,U4_Q_C_unique_excess_capture,0.1501813813063425,25,25,1.0
3,7.0,cell,U4_Q_C_unique_largest_canonical_correlation,0.6644653222122663,25,25,1.0
3,7.0,cell,U4_Q_C_unique_smallest_principal_angle,0.8436153401751312,25,25,1.0
3,7.0,cell,UMP_Q_C_full_dim_U,2.48,25,25,1.0
3,7.0,cell,UMP_Q_C_full_dim_Q,4.0,25,25,1.0
3,7.0,cell,UMP_Q_C_full_shared_energy,0.5173333668762526,25,25,1.0
3,7.0,cell,UMP_Q_C_full_purity,0.2107489406583653,25,25,1.0
3,7.0,cell,UMP_Q_C_full_capture,0.1293333417190631,25,25,1.0
3,7.0,cell,UMP_Q_C_full_expected_random_purity,0.04,25,25,1.0
3,7.0,cell,UMP_Q_C_full_expected_random_capture,0.024800000000000003,25,25,1.0
3,7.0,cell,UMP_Q_C_full_excess_purity,0.17074894065836535,25,25,1.0
3,7.0,cell,UMP_Q_C_full_excess_capture,0.10453334171906313,25,25,1.0
3,7.0,cell,UMP_Q_C_full_largest_canonical_correlation,0.614579478778846,25,25,1.0
3,7.0,cell,UMP_Q_C_full_smallest_principal_angle,0.9079479539165968,25,25,1.0
3,7.0,cell,U4_Q_C_full_dim_U,4.0,25,25,1.0
3,7.0,cell,U4_Q_C_full_dim_Q,4.0,25,25,1.0
3,7.0,cell,U4_Q_C_full_shared_energy,0.6120782670173154,25,25,1.0
3,7.0,cell,U4_Q_C_full_purity,0.15301956675432882,25,25,1.0
3,7.0,cell,U4_Q_C_full_capture,0.15301956675432882,25,25,1.0
3,7.0,cell,U4_Q_C_full_expected_random_purity,0.04,25,25,1.0
3,7.0,cell,U4_Q_C_full_expected_random_capture,0.04,25,25,1.0
3,7.0,cell,U4_Q_C_full_excess_purity,0.11301956675432882,25,25,1.0
3,7.0,cell,U4_Q_C_full_excess_capture,0.11301956675432882,25,25,1.0
3,7.0,cell,U4_Q_C_full_largest_canonical_correlation,0.640765096493161,25,25,1.0
3,7.0,cell,U4_Q_C_full_smallest_principal_angle,0.8750689360999321,25,25,1.0
3,7.0,cell,UMP_Q_P4_dim_U,2.48,25,25,1.0
3,7.0,cell,UMP_Q_P4_dim_Q,4.0,25,25,1.0
3,7.0,cell,UMP_Q_P4_shared_energy,0.591179634295178,25,25,1.0
3,7.0,cell,UMP_Q_P4_purity,0.2415132550112604,25,25,1.0
3,7.0,cell,UMP_Q_P4_capture,0.14779490857379446,25,25,1.0
3,7.0,cell,UMP_Q_P4_expected_random_purity,0.04,25,25,1.0
3,7.0,cell,UMP_Q_P4_expected_random_capture,0.024800000000000003,25,25,1.0
3,7.0,cell,UMP_Q_P4_excess_purity,0.2015132550112604,25,25,1.0
3,7.0,cell,UMP_Q_P4_excess_capture,0.12299490857379444,25,25,1.0
3,7.0,cell,UMP_Q_P4_largest_canonical_correlation,0.6413490504255259,25,25,1.0
3,7.0,cell,UMP_Q_P4_smallest_principal_angle,0.8734499469929138,25,25,1.0
3,7.0,cell,U4_Q_P4_dim_U,4.0,25,25,1.0
3,7.0,cell,U4_Q_P4_dim_Q,4.0,25,25,1.0
3,7.0,cell,U4_Q_P4_shared_energy,0.6979131835631854,25,25,1.0
3,7.0,cell,U4_Q_P4_purity,0.17447829589079636,25,25,1.0
3,7.0,cell,U4_Q_P4_capture,0.17447829589079636,25,25,1.0
3,7.0,cell,U4_Q_P4_expected_random_purity,0.04,25,25,1.0
3,7.0,cell,U4_Q_P4_expected_random_capture,0.04,25,25,1.0
3,7.0,cell,U4_Q_P4_excess_purity,0.13447829589079632,25,25,1.0
3,7.0,cell,U4_Q_P4_excess_capture,0.13447829589079632,25,25,1.0
3,7.0,cell,U4_Q_P4_largest_canonical_correlation,0.6666479526434058,25,25,1.0
3,7.0,cell,U4_Q_P4_smallest_principal_angle,0.8407578355860601,25,25,1.0
3,7.0,cell,QR_Q_F_dim_U,7.0,25,25,1.0
3,7.0,cell,QR_Q_F_dim_Q,5.0,25,25,1.0
3,7.0,cell,QR_Q_F_shared_energy,4.98216240797217,25,25,1.0
3,7.0,cell,QR_Q_F_purity,0.711737486853167,25,25,1.0
3,7.0,cell,QR_Q_F_capture,0.9964324815944339,25,25,1.0
3,7.0,cell,QR_Q_F_expected_random_purity,0.05000000000000001,25,25,1.0
3,7.0,cell,QR_Q_F_expected_random_capture,0.07,25,25,1.0
3,7.0,cell,QR_Q_F_excess_purity,0.6617374868531669,25,25,1.0
3,7.0,cell,QR_Q_F_excess_capture,0.9264324815944339,25,25,1.0
3,7.0,cell,QR_Q_F_largest_canonical_correlation,0.9995405510401312,25,25,1.0
3,7.0,cell,QR_Q_F_smallest_principal_angle,0.030299573564797466,25,25,1.0
3,7.0,cell,QR_Q_C_dim_U,7.0,25,25,1.0
3,7.0,cell,QR_Q_C_dim_Q,3.0,25,25,1.0
3,7.0,cell,QR_Q_C_shared_energy,1.472493587084702,25,25,1.0
3,7.0,cell,QR_Q_C_purity,0.21035622672638596,25,25,1.0
3,7.0,cell,QR_Q_C_capture,0.49083119569490063,25,25,1.0
3,7.0,cell,QR_Q_C_expected_random_purity,0.03,25,25,1.0
3,7.0,cell,QR_Q_C_expected_random_capture,0.07,25,25,1.0
3,7.0,cell,QR_Q_C_excess_purity,0.18035622672638593,25,25,1.0
3,7.0,cell,QR_Q_C_excess_capture,0.4208311956949006,25,25,1.0
3,7.0,cell,QR_Q_C_largest_canonical_correlation,0.9807878047054107,25,25,1.0
3,7.0,cell,QR_Q_C_smallest_principal_angle,0.19628345688559132,25,25,1.0
3,7.0,cell,QR_Q_C_unique_dim_U,7.0,25,25,1.0
3,7.0,cell,QR_Q_C_unique_dim_Q,3.0,25,25,1.0
3,7.0,cell,QR_Q_C_unique_shared_energy,1.3393218742552437,25,25,1.0
3,7.0,cell,QR_Q_C_unique_purity,0.19133169632217764,25,25,1.0
3,7.0,cell,QR_Q_C_unique_capture,0.4464406247517478,25,25,1.0
3,7.0,cell,QR_Q_C_unique_expected_random_purity,0.03,25,25,1.0
3,7.0,cell,QR_Q_C_unique_expected_random_capture,0.07,25,25,1.0
3,7.0,cell,QR_Q_C_unique_excess_purity,0.16133169632217761,25,25,1.0
3,7.0,cell,QR_Q_C_unique_excess_capture,0.3764406247517478,25,25,1.0
3,7.0,cell,QR_Q_C_unique_largest_canonical_correlation,0.9794081272524463,25,25,1.0
3,7.0,cell,QR_Q_C_unique_smallest_principal_angle,0.20322017260795697,25,25,1.0
3,7.0,cell,QR_Q_C_full_dim_U,7.0,25,25,1.0
3,7.0,cell,QR_Q_C_full_dim_Q,4.0,25,25,1.0
3,7.0,cell,QR_Q_C_full_shared_energy,2.0535653791106814,25,25,1.0
3,7.0,cell,QR_Q_C_full_purity,0.29336648273009724,25,25,1.0
3,7.0,cell,QR_Q_C_full_capture,0.5133913447776703,25,25,1.0
3,7.0,cell,QR_Q_C_full_expected_random_purity,0.04,25,25,1.0
3,7.0,cell,QR_Q_C_full_expected_random_capture,0.07,25,25,1.0
3,7.0,cell,QR_Q_C_full_excess_purity,0.25336648273009726,25,25,1.0
3,7.0,cell,QR_Q_C_full_excess_capture,0.4433913447776703,25,25,1.0
3,7.0,cell,QR_Q_C_full_largest_canonical_correlation,0.9821543969151492,25,25,1.0
3,7.0,cell,QR_Q_C_full_smallest_principal_angle,0.18911201538886235,25,25,1.0
3,7.0,cell,QR_Q_P4_dim_U,7.0,25,25,1.0
3,7.0,cell,QR_Q_P4_dim_Q,4.0,25,25,1.0
3,7.0,cell,QR_Q_P4_shared_energy,2.080521058426832,25,25,1.0
3,7.0,cell,QR_Q_P4_purity,0.29721729406097597,25,25,1.0
3,7.0,cell,QR_Q_P4_capture,0.520130264606708,25,25,1.0
3,7.0,cell,QR_Q_P4_expected_random_purity,0.04,25,25,1.0
3,7.0,cell,QR_Q_P4_expected_random_capture,0.07,25,25,1.0
3,7.0,cell,QR_Q_P4_excess_purity,0.25721729406097593,25,25,1.0
3,7.0,cell,QR_Q_P4_excess_capture,0.45013026460670785,25,25,1.0
3,7.0,cell,QR_Q_P4_largest_canonical_correlation,0.9917610140308709,25,25,1.0
3,7.0,cell,QR_Q_P4_smallest_principal_angle,0.12830671416897046,25,25,1.0
4,3.0,cell,UMP_Q_F_dim_U,4.0,25,25,1.0
4,3.0,cell,UMP_Q_F_dim_Q,5.0,25,25,1.0
4,3.0,cell,UMP_Q_F_shared_energy,1.9639329051352816,25,25,1.0
4,3.0,cell,UMP_Q_F_purity,0.4909832262838204,25,25,1.0
4,3.0,cell,UMP_Q_F_capture,0.3927865810270563,25,25,1.0
4,3.0,cell,UMP_Q_F_expected_random_purity,0.05000000000000001,25,25,1.0
4,3.0,cell,UMP_Q_F_expected_random_capture,0.04,25,25,1.0
4,3.0,cell,UMP_Q_F_excess_purity,0.4409832262838205,25,25,1.0
4,3.0,cell,UMP_Q_F_excess_capture,0.3527865810270564,25,25,1.0
4,3.0,cell,UMP_Q_F_largest_canonical_correlation,0.9922765063278411,25,25,1.0
4,3.0,cell,UMP_Q_F_smallest_principal_angle,0.1237749212434155,25,25,1.0
4,3.0,cell,U4_Q_F_dim_U,4.0,25,25,1.0
4,3.0,cell,U4_Q_F_dim_Q,5.0,25,25,1.0
4,3.0,cell,U4_Q_F_shared_energy,1.9639329051352816,25,25,1.0
4,3.0,cell,U4_Q_F_purity,0.4909832262838204,25,25,1.0
4,3.0,cell,U4_Q_F_capture,0.3927865810270563,25,25,1.0
4,3.0,cell,U4_Q_F_expected_random_purity,0.05000000000000001,25,25,1.0
4,3.0,cell,U4_Q_F_expected_random_capture,0.04,25,25,1.0
4,3.0,cell,U4_Q_F_excess_purity,0.4409832262838205,25,25,1.0
4,3.0,cell,U4_Q_F_excess_capture,0.3527865810270564,25,25,1.0
4,3.0,cell,U4_Q_F_largest_canonical_correlation,0.9922765063278411,25,25,1.0
4,3.0,cell,U4_Q_F_smallest_principal_angle,0.1237749212434155,25,25,1.0
4,3.0,cell,UMP_Q_F_unique_dim_U,4.0,25,25,1.0
4,3.0,cell,UMP_Q_F_unique_dim_Q,5.0,25,25,1.0
4,3.0,cell,UMP_Q_F_unique_shared_energy,1.9394167276349297,25,25,1.0
4,3.0,cell,UMP_Q_F_unique_purity,0.4848541819087323,25,25,1.0
4,3.0,cell,UMP_Q_F_unique_capture,0.3878833455269859,25,25,1.0
4,3.0,cell,UMP_Q_F_unique_expected_random_purity,0.05000000000000001,25,25,1.0
4,3.0,cell,UMP_Q_F_unique_expected_random_capture,0.04,25,25,1.0
4,3.0,cell,UMP_Q_F_unique_excess_purity,0.43485418190873226,25,25,1.0
4,3.0,cell,UMP_Q_F_unique_excess_capture,0.34788334552698585,25,25,1.0
4,3.0,cell,UMP_Q_F_unique_largest_canonical_correlation,0.9816200288012971,25,25,1.0
4,3.0,cell,UMP_Q_F_unique_smallest_principal_angle,0.19145639932129663,25,25,1.0
4,3.0,cell,U4_Q_F_unique_dim_U,4.0,25,25,1.0
4,3.0,cell,U4_Q_F_unique_dim_Q,5.0,25,25,1.0
4,3.0,cell,U4_Q_F_unique_shared_energy,1.9394167276349297,25,25,1.0
4,3.0,cell,U4_Q_F_unique_purity,0.4848541819087323,25,25,1.0
4,3.0,cell,U4_Q_F_unique_capture,0.3878833455269859,25,25,1.0
4,3.0,cell,U4_Q_F_unique_expected_random_purity,0.05000000000000001,25,25,1.0
4,3.0,cell,U4_Q_F_unique_expected_random_capture,0.04,25,25,1.0
4,3.0,cell,U4_Q_F_unique_excess_purity,0.43485418190873226,25,25,1.0
4,3.0,cell,U4_Q_F_unique_excess_capture,0.34788334552698585,25,25,1.0
4,3.0,cell,U4_Q_F_unique_largest_canonical_correlation,0.9816200288012971,25,25,1.0
4,3.0,cell,U4_Q_F_unique_smallest_principal_angle,0.19145639932129663,25,25,1.0
4,3.0,cell,UMP_Q_C_dim_U,4.0,25,25,1.0
4,3.0,cell,UMP_Q_C_dim_Q,3.0,25,25,1.0
4,3.0,cell,UMP_Q_C_shared_energy,1.4153937852250218,25,25,1.0
4,3.0,cell,UMP_Q_C_purity,0.35384844630625545,25,25,1.0
4,3.0,cell,UMP_Q_C_capture,0.4717979284083406,25,25,1.0
4,3.0,cell,UMP_Q_C_expected_random_purity,0.03,25,25,1.0
4,3.0,cell,UMP_Q_C_expected_random_capture,0.04,25,25,1.0
4,3.0,cell,UMP_Q_C_excess_purity,0.3238484463062554,25,25,1.0
4,3.0,cell,UMP_Q_C_excess_capture,0.43179792840834064,25,25,1.0
4,3.0,cell,UMP_Q_C_largest_canonical_correlation,0.9555935695267642,25,25,1.0
4,3.0,cell,UMP_Q_C_smallest_principal_angle,0.29898151089304,25,25,1.0
4,3.0,cell,U4_Q_C_dim_U,4.0,25,25,1.0
4,3.0,cell,U4_Q_C_dim_Q,3.0,25,25,1.0
4,3.0,cell,U4_Q_C_shared_energy,1.4153937852250218,25,25,1.0
4,3.0,cell,U4_Q_C_purity,0.35384844630625545,25,25,1.0
4,3.0,cell,U4_Q_C_capture,0.4717979284083406,25,25,1.0
4,3.0,cell,U4_Q_C_expected_random_purity,0.03,25,25,1.0
4,3.0,cell,U4_Q_C_expected_random_capture,0.04,25,25,1.0
4,3.0,cell,U4_Q_C_excess_purity,0.3238484463062554,25,25,1.0
4,3.0,cell,U4_Q_C_excess_capture,0.43179792840834064,25,25,1.0
4,3.0,cell,U4_Q_C_largest_canonical_correlation,0.9555935695267642,25,25,1.0
4,3.0,cell,U4_Q_C_smallest_principal_angle,0.29898151089304,25,25,1.0
4,3.0,cell,UMP_Q_C_unique_dim_U,4.0,25,25,1.0
4,3.0,cell,UMP_Q_C_unique_dim_Q,3.0,25,25,1.0
4,3.0,cell,UMP_Q_C_unique_shared_energy,1.3908776077246696,25,25,1.0
4,3.0,cell,UMP_Q_C_unique_purity,0.34771940193116735,25,25,1.0
4,3.0,cell,UMP_Q_C_unique_capture,0.4636258692415564,25,25,1.0
4,3.0,cell,UMP_Q_C_unique_expected_random_purity,0.03,25,25,1.0
4,3.0,cell,UMP_Q_C_unique_expected_random_capture,0.04,25,25,1.0
4,3.0,cell,UMP_Q_C_unique_excess_purity,0.3177194019311673,25,25,1.0
4,3.0,cell,UMP_Q_C_unique_excess_capture,0.4236258692415565,25,25,1.0
4,3.0,cell,UMP_Q_C_unique_largest_canonical_correlation,0.9686593936177075,25,25,1.0
4,3.0,cell,UMP_Q_C_unique_smallest_principal_angle,0.250920689119441,25,25,1.0
4,3.0,cell,U4_Q_C_unique_dim_U,4.0,25,25,1.0
4,3.0,cell,U4_Q_C_unique_dim_Q,3.0,25,25,1.0
4,3.0,cell,U4_Q_C_unique_shared_energy,1.3908776077246696,25,25,1.0
4,3.0,cell,U4_Q_C_unique_purity,0.34771940193116735,25,25,1.0
4,3.0,cell,U4_Q_C_unique_capture,0.4636258692415564,25,25,1.0
4,3.0,cell,U4_Q_C_unique_expected_random_purity,0.03,25,25,1.0
4,3.0,cell,U4_Q_C_unique_expected_random_capture,0.04,25,25,1.0
4,3.0,cell,U4_Q_C_unique_excess_purity,0.3177194019311673,25,25,1.0
4,3.0,cell,U4_Q_C_unique_excess_capture,0.4236258692415565,25,25,1.0
4,3.0,cell,U4_Q_C_unique_largest_canonical_correlation,0.9686593936177075,25,25,1.0
4,3.0,cell,U4_Q_C_unique_smallest_principal_angle,0.250920689119441,25,25,1.0
4,3.0,cell,UMP_Q_C_full_dim_U,4.0,25,25,1.0
4,3.0,cell,UMP_Q_C_full_dim_Q,4.0,25,25,1.0
4,3.0,cell,UMP_Q_C_full_shared_energy,1.9458584244938026,25,25,1.0
4,3.0,cell,UMP_Q_C_full_purity,0.48646460612345066,25,25,1.0
4,3.0,cell,UMP_Q_C_full_capture,0.48646460612345066,25,25,1.0
4,3.0,cell,UMP_Q_C_full_expected_random_purity,0.04,25,25,1.0
4,3.0,cell,UMP_Q_C_full_expected_random_capture,0.04,25,25,1.0
4,3.0,cell,UMP_Q_C_full_excess_purity,0.44646460612345057,25,25,1.0
4,3.0,cell,UMP_Q_C_full_excess_capture,0.44646460612345057,25,25,1.0
4,3.0,cell,UMP_Q_C_full_largest_canonical_correlation,0.9745498467748898,25,25,1.0
4,3.0,cell,UMP_Q_C_full_smallest_principal_angle,0.22575999193967142,25,25,1.0
4,3.0,cell,U4_Q_C_full_dim_U,4.0,25,25,1.0
4,3.0,cell,U4_Q_C_full_dim_Q,4.0,25,25,1.0
4,3.0,cell,U4_Q_C_full_shared_energy,1.9458584244938026,25,25,1.0
4,3.0,cell,U4_Q_C_full_purity,0.48646460612345066,25,25,1.0
4,3.0,cell,U4_Q_C_full_capture,0.48646460612345066,25,25,1.0
4,3.0,cell,U4_Q_C_full_expected_random_purity,0.04,25,25,1.0
4,3.0,cell,U4_Q_C_full_expected_random_capture,0.04,25,25,1.0
4,3.0,cell,U4_Q_C_full_excess_purity,0.44646460612345057,25,25,1.0
4,3.0,cell,U4_Q_C_full_excess_capture,0.44646460612345057,25,25,1.0
4,3.0,cell,U4_Q_C_full_largest_canonical_correlation,0.9745498467748898,25,25,1.0
4,3.0,cell,U4_Q_C_full_smallest_principal_angle,0.22575999193967142,25,25,1.0
4,3.0,cell,UMP_Q_P4_dim_U,4.0,25,25,1.0
4,3.0,cell,UMP_Q_P4_dim_Q,4.0,25,25,1.0
4,3.0,cell,UMP_Q_P4_shared_energy,1.9612622044009649,25,25,1.0
4,3.0,cell,UMP_Q_P4_purity,0.4903155511002412,25,25,1.0
4,3.0,cell,UMP_Q_P4_capture,0.4903155511002412,25,25,1.0
4,3.0,cell,UMP_Q_P4_expected_random_purity,0.04,25,25,1.0
4,3.0,cell,UMP_Q_P4_expected_random_capture,0.04,25,25,1.0
4,3.0,cell,UMP_Q_P4_excess_purity,0.45031555110024113,25,25,1.0
4,3.0,cell,UMP_Q_P4_excess_capture,0.45031555110024113,25,25,1.0
4,3.0,cell,UMP_Q_P4_largest_canonical_correlation,0.9831397765994425,25,25,1.0
4,3.0,cell,UMP_Q_P4_smallest_principal_angle,0.18362498261446622,25,25,1.0
4,3.0,cell,U4_Q_P4_dim_U,4.0,25,25,1.0
4,3.0,cell,U4_Q_P4_dim_Q,4.0,25,25,1.0
4,3.0,cell,U4_Q_P4_shared_energy,1.9612622044009649,25,25,1.0
4,3.0,cell,U4_Q_P4_purity,0.4903155511002412,25,25,1.0
4,3.0,cell,U4_Q_P4_capture,0.4903155511002412,25,25,1.0
4,3.0,cell,U4_Q_P4_expected_random_purity,0.04,25,25,1.0
4,3.0,cell,U4_Q_P4_expected_random_capture,0.04,25,25,1.0
4,3.0,cell,U4_Q_P4_excess_purity,0.45031555110024113,25,25,1.0
4,3.0,cell,U4_Q_P4_excess_capture,0.45031555110024113,25,25,1.0
4,3.0,cell,U4_Q_P4_largest_canonical_correlation,0.9831397765994425,25,25,1.0
4,3.0,cell,U4_Q_P4_smallest_principal_angle,0.18362498261446622,25,25,1.0
4,3.0,cell,QR_Q_F_dim_U,3.0,25,25,1.0
4,3.0,cell,QR_Q_F_dim_Q,5.0,25,25,1.0
4,3.0,cell,QR_Q_F_shared_energy,2.993576844169209,25,25,1.0
4,3.0,cell,QR_Q_F_purity,0.9978589480564031,25,25,1.0
4,3.0,cell,QR_Q_F_capture,0.5987153688338417,25,25,1.0
4,3.0,cell,QR_Q_F_expected_random_purity,0.05000000000000001,25,25,1.0
4,3.0,cell,QR_Q_F_expected_random_capture,0.03,25,25,1.0
4,3.0,cell,QR_Q_F_excess_purity,0.9478589480564029,25,25,1.0
4,3.0,cell,QR_Q_F_excess_capture,0.5687153688338418,25,25,1.0
4,3.0,cell,QR_Q_F_largest_canonical_correlation,0.999659850971951,25,25,1.0
4,3.0,cell,QR_Q_F_smallest_principal_angle,0.026049322394427348,25,25,1.0
4,3.0,cell,QR_Q_C_dim_U,3.0,25,25,1.0
4,3.0,cell,QR_Q_C_dim_Q,3.0,25,25,1.0
4,3.0,cell,QR_Q_C_shared_energy,0.16443913109692368,25,25,1.0
4,3.0,cell,QR_Q_C_purity,0.05481304369897454,25,25,1.0
4,3.0,cell,QR_Q_C_capture,0.05481304369897454,25,25,1.0
4,3.0,cell,QR_Q_C_expected_random_purity,0.03,25,25,1.0
4,3.0,cell,QR_Q_C_expected_random_capture,0.03,25,25,1.0
4,3.0,cell,QR_Q_C_excess_purity,0.024813043698974524,25,25,1.0
4,3.0,cell,QR_Q_C_excess_capture,0.024813043698974524,25,25,1.0
4,3.0,cell,QR_Q_C_largest_canonical_correlation,0.3730622934330384,25,25,1.0
4,3.0,cell,QR_Q_C_smallest_principal_angle,1.1884767854403702,25,25,1.0
4,3.0,cell,QR_Q_C_unique_dim_U,3.0,25,25,1.0
4,3.0,cell,QR_Q_C_unique_dim_Q,3.0,25,25,1.0
4,3.0,cell,QR_Q_C_unique_shared_energy,0.002258235924851712,25,25,1.0
4,3.0,cell,QR_Q_C_unique_purity,0.000752745308283876,25,25,1.0
4,3.0,cell,QR_Q_C_unique_capture,0.000752745308283876,25,25,1.0
4,3.0,cell,QR_Q_C_unique_expected_random_purity,0.03,25,25,1.0
4,3.0,cell,QR_Q_C_unique_expected_random_capture,0.03,25,25,1.0
4,3.0,cell,QR_Q_C_unique_excess_purity,-0.029247254691716025,25,25,1.0
4,3.0,cell,QR_Q_C_unique_excess_capture,-0.029247254691716025,25,25,1.0
4,3.0,cell,QR_Q_C_unique_largest_canonical_correlation,0.0452302472452362,25,25,1.0
4,3.0,cell,QR_Q_C_unique_smallest_principal_angle,1.5255494205934494,25,25,1.0
4,3.0,cell,QR_Q_C_full_dim_U,3.0,25,25,1.0
4,3.0,cell,QR_Q_C_full_dim_Q,4.0,25,25,1.0
4,3.0,cell,QR_Q_C_full_shared_energy,0.17899923970980364,25,25,1.0
4,3.0,cell,QR_Q_C_full_purity,0.05966641323660118,25,25,1.0
4,3.0,cell,QR_Q_C_full_capture,0.044749809927450854,25,25,1.0
4,3.0,cell,QR_Q_C_full_expected_random_purity,0.04,25,25,1.0
4,3.0,cell,QR_Q_C_full_expected_random_capture,0.03,25,25,1.0
4,3.0,cell,QR_Q_C_full_excess_purity,0.019666413236601163,25,25,1.0
4,3.0,cell,QR_Q_C_full_excess_capture,0.014749809927450862,25,25,1.0
4,3.0,cell,QR_Q_C_full_largest_canonical_correlation,0.37697912253986277,25,25,1.0
4,3.0,cell,QR_Q_C_full_smallest_principal_angle,1.1842467775894627,25,25,1.0
4,3.0,cell,QR_Q_P4_dim_U,3.0,25,25,1.0
4,3.0,cell,QR_Q_P4_dim_Q,4.0,25,25,1.0
4,3.0,cell,QR_Q_P4_shared_energy,0.19725301206336326,25,25,1.0
4,3.0,cell,QR_Q_P4_purity,0.06575100402112105,25,25,1.0
4,3.0,cell,QR_Q_P4_capture,0.04931325301584076,25,25,1.0
4,3.0,cell,QR_Q_P4_expected_random_purity,0.04,25,25,1.0
4,3.0,cell,QR_Q_P4_expected_random_capture,0.03,25,25,1.0
4,3.0,cell,QR_Q_P4_excess_purity,0.02575100402112105,25,25,1.0
4,3.0,cell,QR_Q_P4_excess_capture,0.019313253015840758,25,25,1.0
4,3.0,cell,QR_Q_P4_largest_canonical_correlation,0.393533850428522,25,25,1.0
4,3.0,cell,QR_Q_P4_smallest_principal_angle,1.1663078067006654,25,25,1.0
4,5.0,cell,UMP_Q_F_dim_U,2.0,25,25,1.0
4,5.0,cell,UMP_Q_F_dim_Q,5.0,25,25,1.0
4,5.0,cell,UMP_Q_F_shared_energy,0.01930640310655677,25,25,1.0
4,5.0,cell,UMP_Q_F_purity,0.009653201553278364,25,25,1.0
4,5.0,cell,UMP_Q_F_capture,0.00386128062131132,25,25,1.0
4,5.0,cell,UMP_Q_F_expected_random_purity,0.05000000000000001,25,25,1.0
4,5.0,cell,UMP_Q_F_expected_random_capture,0.02,25,25,1.0
4,5.0,cell,UMP_Q_F_excess_purity,-0.04034679844672154,25,25,1.0
4,5.0,cell,UMP_Q_F_excess_capture,-0.01613871937868858,25,25,1.0
4,5.0,cell,UMP_Q_F_largest_canonical_correlation,0.12884256609242287,25,25,1.0
4,5.0,cell,UMP_Q_F_smallest_principal_angle,1.4415527965339854,25,25,1.0
4,5.0,cell,U4_Q_F_dim_U,4.0,25,25,1.0
4,5.0,cell,U4_Q_F_dim_Q,5.0,25,25,1.0
4,5.0,cell,U4_Q_F_shared_energy,0.0198052763458997,25,25,1.0
4,5.0,cell,U4_Q_F_purity,0.004951319086474888,25,25,1.0
4,5.0,cell,U4_Q_F_capture,0.003961055269179908,25,25,1.0
4,5.0,cell,U4_Q_F_expected_random_purity,0.05000000000000001,25,25,1.0
4,5.0,cell,U4_Q_F_expected_random_capture,0.04,25,25,1.0
4,5.0,cell,U4_Q_F_excess_purity,-0.04504868091352501,25,25,1.0
4,5.0,cell,U4_Q_F_excess_capture,-0.036038944730820005,25,25,1.0
4,5.0,cell,U4_Q_F_largest_canonical_correlation,0.1298000835756154,25,25,1.0
4,5.0,cell,U4_Q_F_smallest_principal_angle,1.4405873650942658,25,25,1.0
4,5.0,cell,UMP_Q_F_unique_dim_U,2.0,25,25,1.0
4,5.0,cell,UMP_Q_F_unique_dim_Q,5.0,25,25,1.0
4,5.0,cell,UMP_Q_F_unique_shared_energy,0.14612964041777196,25,25,1.0
4,5.0,cell,UMP_Q_F_unique_purity,0.07306482020888594,25,25,1.0
4,5.0,cell,UMP_Q_F_unique_capture,0.02922592808355435,25,25,1.0
4,5.0,cell,UMP_Q_F_unique_expected_random_purity,0.05000000000000001,25,25,1.0
4,5.0,cell,UMP_Q_F_unique_expected_random_capture,0.02,25,25,1.0
4,5.0,cell,UMP_Q_F_unique_excess_purity,0.02306482020888593,25,25,1.0
4,5.0,cell,UMP_Q_F_unique_excess_capture,0.009225928083554347,25,25,1.0
4,5.0,cell,UMP_Q_F_unique_largest_canonical_correlation,0.28621116717968803,25,25,1.0
4,5.0,cell,UMP_Q_F_unique_smallest_principal_angle,1.2804602384706825,25,25,1.0
4,5.0,cell,U4_Q_F_unique_dim_U,4.0,25,25,1.0
4,5.0,cell,U4_Q_F_unique_dim_Q,5.0,25,25,1.0
4,5.0,cell,U4_Q_F_unique_shared_energy,0.20023214120380103,25,25,1.0
4,5.0,cell,U4_Q_F_unique_purity,0.05005803530095022,25,25,1.0
4,5.0,cell,U4_Q_F_unique_capture,0.04004642824076017,25,25,1.0
4,5.0,cell,U4_Q_F_unique_expected_random_purity,0.05000000000000001,25,25,1.0
4,5.0,cell,U4_Q_F_unique_expected_random_capture,0.04,25,25,1.0
4,5.0,cell,U4_Q_F_unique_excess_purity,5.803530095025203e-05,25,25,1.0
4,5.0,cell,U4_Q_F_unique_excess_capture,4.642824076020024e-05,25,25,1.0
4,5.0,cell,U4_Q_F_unique_largest_canonical_correlation,0.3145551316079727,25,25,1.0
4,5.0,cell,U4_Q_F_unique_smallest_principal_angle,1.2507577131661316,25,25,1.0
4,5.0,cell,UMP_Q_C_dim_U,2.0,25,25,1.0
4,5.0,cell,UMP_Q_C_dim_Q,3.0,25,25,1.0
4,5.0,cell,UMP_Q_C_shared_energy,1.281719913622262,25,25,1.0
4,5.0,cell,UMP_Q_C_purity,0.640859956811131,25,25,1.0
4,5.0,cell,UMP_Q_C_capture,0.42723997120742047,25,25,1.0
4,5.0,cell,UMP_Q_C_expected_random_purity,0.03,25,25,1.0
4,5.0,cell,UMP_Q_C_expected_random_capture,0.02,25,25,1.0
4,5.0,cell,UMP_Q_C_excess_purity,0.6108599568111308,25,25,1.0
4,5.0,cell,UMP_Q_C_excess_capture,0.4072399712074204,25,25,1.0
4,5.0,cell,UMP_Q_C_largest_canonical_correlation,0.941628334387321,25,25,1.0
4,5.0,cell,UMP_Q_C_smallest_principal_angle,0.34298492718349366,25,25,1.0
4,5.0,cell,U4_Q_C_dim_U,4.0,25,25,1.0
4,5.0,cell,U4_Q_C_dim_Q,3.0,25,25,1.0
4,5.0,cell,U4_Q_C_shared_energy,1.7143399874472691,25,25,1.0
4,5.0,cell,U4_Q_C_purity,0.42858499686181717,25,25,1.0
4,5.0,cell,U4_Q_C_capture,0.5714466624824229,25,25,1.0
4,5.0,cell,U4_Q_C_expected_random_purity,0.03,25,25,1.0
4,5.0,cell,U4_Q_C_expected_random_capture,0.04,25,25,1.0
4,5.0,cell,U4_Q_C_excess_purity,0.39858499686181714,25,25,1.0
4,5.0,cell,U4_Q_C_excess_capture,0.531446662482423,25,25,1.0
4,5.0,cell,U4_Q_C_largest_canonical_correlation,0.9418878517573485,25,25,1.0
4,5.0,cell,U4_Q_C_smallest_principal_angle,0.34222300934576133,25,25,1.0
4,5.0,cell,UMP_Q_C_unique_dim_U,2.0,25,25,1.0
4,5.0,cell,UMP_Q_C_unique_dim_Q,3.0,25,25,1.0
4,5.0,cell,UMP_Q_C_unique_shared_energy,1.4085431509334767,25,25,1.0
4,5.0,cell,UMP_Q_C_unique_purity,0.7042715754667384,25,25,1.0
4,5.0,cell,UMP_Q_C_unique_capture,0.4695143836444921,25,25,1.0
4,5.0,cell,UMP_Q_C_unique_expected_random_purity,0.03,25,25,1.0
4,5.0,cell,UMP_Q_C_unique_expected_random_capture,0.02,25,25,1.0
4,5.0,cell,UMP_Q_C_unique_excess_purity,0.6742715754667382,25,25,1.0
4,5.0,cell,UMP_Q_C_unique_excess_capture,0.44951438364449214,25,25,1.0
4,5.0,cell,UMP_Q_C_unique_largest_canonical_correlation,0.9737368878699065,25,25,1.0
4,5.0,cell,UMP_Q_C_unique_smallest_principal_angle,0.22930213512500955,25,25,1.0
4,5.0,cell,U4_Q_C_unique_dim_U,4.0,25,25,1.0
4,5.0,cell,U4_Q_C_unique_dim_Q,3.0,25,25,1.0
4,5.0,cell,U4_Q_C_unique_shared_energy,1.8947668523051695,25,25,1.0
4,5.0,cell,U4_Q_C_unique_purity,0.4736917130762924,25,25,1.0
4,5.0,cell,U4_Q_C_unique_capture,0.6315889507683898,25,25,1.0
4,5.0,cell,U4_Q_C_unique_expected_random_purity,0.03,25,25,1.0
4,5.0,cell,U4_Q_C_unique_expected_random_capture,0.04,25,25,1.0
4,5.0,cell,U4_Q_C_unique_excess_purity,0.44369171307629235,25,25,1.0
4,5.0,cell,U4_Q_C_unique_excess_capture,0.5915889507683898,25,25,1.0
4,5.0,cell,U4_Q_C_unique_largest_canonical_correlation,0.9739781794138893,25,25,1.0
4,5.0,cell,U4_Q_C_unique_smallest_principal_angle,0.2282568333648463,25,25,1.0
4,5.0,cell,UMP_Q_C_full_dim_U,2.0,25,25,1.0
4,5.0,cell,UMP_Q_C_full_dim_Q,4.0,25,25,1.0
4,5.0,cell,UMP_Q_C_full_shared_energy,1.7694982490708062,25,25,1.0
4,5.0,cell,UMP_Q_C_full_purity,0.8847491245354031,25,25,1.0
4,5.0,cell,UMP_Q_C_full_capture,0.4423745622677015,25,25,1.0
4,5.0,cell,UMP_Q_C_full_expected_random_purity,0.04,25,25,1.0
4,5.0,cell,UMP_Q_C_full_expected_random_capture,0.02,25,25,1.0
4,5.0,cell,UMP_Q_C_full_excess_purity,0.8447491245354031,25,25,1.0
4,5.0,cell,UMP_Q_C_full_excess_capture,0.4223745622677014,25,25,1.0
4,5.0,cell,UMP_Q_C_full_largest_canonical_correlation,0.9538080040773561,25,25,1.0
4,5.0,cell,UMP_Q_C_full_smallest_principal_angle,0.3048148529404154,25,25,1.0
4,5.0,cell,U4_Q_C_full_dim_U,4.0,25,25,1.0
4,5.0,cell,U4_Q_C_full_dim_Q,4.0,25,25,1.0
4,5.0,cell,U4_Q_C_full_shared_energy,2.3553557815988664,25,25,1.0
4,5.0,cell,U4_Q_C_full_purity,0.5888389453997166,25,25,1.0
4,5.0,cell,U4_Q_C_full_capture,0.5888389453997166,25,25,1.0
4,5.0,cell,U4_Q_C_full_expected_random_purity,0.04,25,25,1.0
4,5.0,cell,U4_Q_C_full_expected_random_capture,0.04,25,25,1.0
4,5.0,cell,U4_Q_C_full_excess_purity,0.5488389453997164,25,25,1.0
4,5.0,cell,U4_Q_C_full_excess_capture,0.5488389453997164,25,25,1.0
4,5.0,cell,U4_Q_C_full_largest_canonical_correlation,0.9542012804754775,25,25,1.0
4,5.0,cell,U4_Q_C_full_smallest_principal_angle,0.30349675006143295,25,25,1.0
4,5.0,cell,UMP_Q_P4_dim_U,2.0,25,25,1.0
4,5.0,cell,UMP_Q_P4_dim_Q,4.0,25,25,1.0
4,5.0,cell,UMP_Q_P4_shared_energy,1.8106786279047862,25,25,1.0
4,5.0,cell,UMP_Q_P4_purity,0.9053393139523931,25,25,1.0
4,5.0,cell,UMP_Q_P4_capture,0.45266965697619654,25,25,1.0
4,5.0,cell,UMP_Q_P4_expected_random_purity,0.04,25,25,1.0
4,5.0,cell,UMP_Q_P4_expected_random_capture,0.02,25,25,1.0
4,5.0,cell,UMP_Q_P4_excess_purity,0.865339313952393,25,25,1.0
4,5.0,cell,UMP_Q_P4_excess_capture,0.4326696569761965,25,25,1.0
4,5.0,cell,UMP_Q_P4_largest_canonical_correlation,0.9626886362133054,25,25,1.0
4,5.0,cell,UMP_Q_P4_smallest_principal_angle,0.2737663729163289,25,25,1.0
4,5.0,cell,U4_Q_P4_dim_U,4.0,25,25,1.0
4,5.0,cell,U4_Q_P4_dim_Q,4.0,25,25,1.0
4,5.0,cell,U4_Q_P4_shared_energy,2.4660468092327217,25,25,1.0
4,5.0,cell,U4_Q_P4_purity,0.6165117023081804,25,25,1.0
4,5.0,cell,U4_Q_P4_capture,0.6165117023081804,25,25,1.0
4,5.0,cell,U4_Q_P4_expected_random_purity,0.04,25,25,1.0
4,5.0,cell,U4_Q_P4_expected_random_capture,0.04,25,25,1.0
4,5.0,cell,U4_Q_P4_excess_purity,0.5765117023081804,25,25,1.0
4,5.0,cell,U4_Q_P4_excess_capture,0.5765117023081804,25,25,1.0
4,5.0,cell,U4_Q_P4_largest_canonical_correlation,0.9628298824024181,25,25,1.0
4,5.0,cell,U4_Q_P4_smallest_principal_angle,0.27323457964358816,25,25,1.0
4,5.0,cell,QR_Q_F_dim_U,5.0,25,25,1.0
4,5.0,cell,QR_Q_F_dim_Q,5.0,25,25,1.0
4,5.0,cell,QR_Q_F_shared_energy,4.966664007613907,25,25,1.0
4,5.0,cell,QR_Q_F_purity,0.9933328015227814,25,25,1.0
4,5.0,cell,QR_Q_F_capture,0.9933328015227814,25,25,1.0
4,5.0,cell,QR_Q_F_expected_random_purity,0.05000000000000001,25,25,1.0
4,5.0,cell,QR_Q_F_expected_random_capture,0.05000000000000001,25,25,1.0
4,5.0,cell,QR_Q_F_excess_purity,0.9433328015227813,25,25,1.0
4,5.0,cell,QR_Q_F_excess_capture,0.9433328015227813,25,25,1.0
4,5.0,cell,QR_Q_F_largest_canonical_correlation,0.999672550928824,25,25,1.0
4,5.0,cell,QR_Q_F_smallest_principal_angle,0.025561048310397738,25,25,1.0
4,5.0,cell,QR_Q_C_dim_U,5.0,25,25,1.0
4,5.0,cell,QR_Q_C_dim_Q,3.0,25,25,1.0
4,5.0,cell,QR_Q_C_shared_energy,0.31982976306164446,25,25,1.0
4,5.0,cell,QR_Q_C_purity,0.06396595261232886,25,25,1.0
4,5.0,cell,QR_Q_C_capture,0.10660992102054814,25,25,1.0
4,5.0,cell,QR_Q_C_expected_random_purity,0.03,25,25,1.0
4,5.0,cell,QR_Q_C_expected_random_capture,0.05000000000000001,25,25,1.0
4,5.0,cell,QR_Q_C_excess_purity,0.03396595261232886,25,25,1.0
4,5.0,cell,QR_Q_C_excess_capture,0.05660992102054812,25,25,1.0
4,5.0,cell,QR_Q_C_largest_canonical_correlation,0.4039183770413201,25,25,1.0
4,5.0,cell,QR_Q_C_smallest_principal_angle,1.1549995377513331,25,25,1.0
4,5.0,cell,QR_Q_C_unique_dim_U,5.0,25,25,1.0
4,5.0,cell,QR_Q_C_unique_dim_Q,3.0,25,25,1.0
4,5.0,cell,QR_Q_C_unique_shared_energy,0.01658497893064537,25,25,1.0
4,5.0,cell,QR_Q_C_unique_purity,0.0033169957861290318,25,25,1.0
4,5.0,cell,QR_Q_C_unique_capture,0.005528326310215083,25,25,1.0
4,5.0,cell,QR_Q_C_unique_expected_random_purity,0.03,25,25,1.0
4,5.0,cell,QR_Q_C_unique_expected_random_capture,0.05000000000000001,25,25,1.0
4,5.0,cell,QR_Q_C_unique_excess_purity,-0.02668300421387087,25,25,1.0
4,5.0,cell,QR_Q_C_unique_excess_capture,-0.044471673689784816,25,25,1.0
4,5.0,cell,QR_Q_C_unique_largest_canonical_correlation,0.1219065792809506,25,25,1.0
4,5.0,cell,QR_Q_C_unique_smallest_principal_angle,1.4485503041386332,25,25,1.0
4,5.0,cell,QR_Q_C_full_dim_U,5.0,25,25,1.0
4,5.0,cell,QR_Q_C_full_dim_Q,4.0,25,25,1.0
4,5.0,cell,QR_Q_C_full_shared_energy,0.3810758099314846,25,25,1.0
4,5.0,cell,QR_Q_C_full_purity,0.07621516198629688,25,25,1.0
4,5.0,cell,QR_Q_C_full_capture,0.09526895248287111,25,25,1.0
4,5.0,cell,QR_Q_C_full_expected_random_purity,0.04,25,25,1.0
4,5.0,cell,QR_Q_C_full_expected_random_capture,0.05000000000000001,25,25,1.0
4,5.0,cell,QR_Q_C_full_excess_purity,0.03621516198629687,25,25,1.0
4,5.0,cell,QR_Q_C_full_excess_capture,0.045268952482871105,25,25,1.0
4,5.0,cell,QR_Q_C_full_largest_canonical_correlation,0.43662161794868176,25,25,1.0
4,5.0,cell,QR_Q_C_full_smallest_principal_angle,1.1189543140343727,25,25,1.0
4,5.0,cell,QR_Q_P4_dim_U,5.0,25,25,1.0
4,5.0,cell,QR_Q_P4_dim_Q,4.0,25,25,1.0
4,5.0,cell,QR_Q_P4_shared_energy,0.37677038402840934,25,25,1.0
4,5.0,cell,QR_Q_P4_purity,0.07535407680568183,25,25,1.0
4,5.0,cell,QR_Q_P4_capture,0.09419259600710231,25,25,1.0
4,5.0,cell,QR_Q_P4_expected_random_purity,0.04,25,25,1.0
4,5.0,cell,QR_Q_P4_expected_random_capture,0.05000000000000001,25,25,1.0
4,5.0,cell,QR_Q_P4_excess_purity,0.035354076805681825,25,25,1.0
4,5.0,cell,QR_Q_P4_excess_capture,0.04419259600710228,25,25,1.0
4,5.0,cell,QR_Q_P4_largest_canonical_correlation,0.4381043148946173,25,25,1.0
4,5.0,cell,QR_Q_P4_smallest_principal_angle,1.1173043972617,25,25,1.0
4,7.0,cell,UMP_Q_F_dim_U,2.92,25,25,1.0
4,7.0,cell,UMP_Q_F_dim_Q,5.0,25,25,1.0
4,7.0,cell,UMP_Q_F_shared_energy,0.0005291153021535,25,25,1.0
4,7.0,cell,UMP_Q_F_purity,0.00017855010603336802,25,25,1.0
4,7.0,cell,UMP_Q_F_capture,0.00010582306043067742,25,25,1.0
4,7.0,cell,UMP_Q_F_expected_random_purity,0.05000000000000001,25,25,1.0
4,7.0,cell,UMP_Q_F_expected_random_capture,0.0292,25,25,1.0
4,7.0,cell,UMP_Q_F_excess_purity,-0.04982144989396655,25,25,1.0
4,7.0,cell,UMP_Q_F_excess_capture,-0.02909417693956924,25,25,1.0
4,7.0,cell,UMP_Q_F_largest_canonical_correlation,0.017552631397978597,25,25,1.0
4,7.0,cell,UMP_Q_F_smallest_principal_angle,1.5532426919189402,25,25,1.0
4,7.0,cell,U4_Q_F_dim_U,4.0,25,25,1.0
4,7.0,cell,U4_Q_F_dim_Q,5.0,25,25,1.0
4,7.0,cell,U4_Q_F_shared_energy,0.0007138882524408001,25,25,1.0
4,7.0,cell,U4_Q_F_purity,0.00017847206311016002,25,25,1.0
4,7.0,cell,U4_Q_F_capture,0.0001427776504881162,25,25,1.0
4,7.0,cell,U4_Q_F_expected_random_purity,0.05000000000000001,25,25,1.0
4,7.0,cell,U4_Q_F_expected_random_capture,0.04,25,25,1.0
4,7.0,cell,U4_Q_F_excess_purity,-0.04982152793688974,25,25,1.0
4,7.0,cell,U4_Q_F_excess_capture,-0.039857222349511785,25,25,1.0
4,7.0,cell,U4_Q_F_largest_canonical_correlation,0.01975000823688658,25,25,1.0
4,7.0,cell,U4_Q_F_smallest_principal_angle,1.5510449714856689,25,25,1.0
4,7.0,cell,UMP_Q_F_unique_dim_U,2.92,25,25,1.0
4,7.0,cell,UMP_Q_F_unique_dim_Q,5.0,25,25,1.0
4,7.0,cell,UMP_Q_F_unique_shared_energy,0.04732020739545209,25,25,1.0
4,7.0,cell,UMP_Q_F_unique_purity,0.01598683854965028,25,25,1.0
4,7.0,cell,UMP_Q_F_unique_capture,0.009464041479090381,25,25,1.0
4,7.0,cell,UMP_Q_F_unique_expected_random_purity,0.05000000000000001,25,25,1.0
4,7.0,cell,UMP_Q_F_unique_expected_random_capture,0.0292,25,25,1.0
4,7.0,cell,UMP_Q_F_unique_excess_purity,-0.03401316145034962,25,25,1.0
4,7.0,cell,UMP_Q_F_unique_excess_capture,-0.019735958520909522,25,25,1.0
4,7.0,cell,UMP_Q_F_unique_largest_canonical_correlation,0.18946497774572152,25,25,1.0
4,7.0,cell,UMP_Q_F_unique_smallest_principal_angle,1.3801142864544271,25,25,1.0
4,7.0,cell,U4_Q_F_unique_dim_U,4.0,25,25,1.0
4,7.0,cell,U4_Q_F_unique_dim_Q,5.0,25,25,1.0
4,7.0,cell,U4_Q_F_unique_shared_energy,0.05311088991647267,25,25,1.0
4,7.0,cell,U4_Q_F_unique_purity,0.013277722479118124,25,25,1.0
4,7.0,cell,U4_Q_F_unique_capture,0.010622177983294501,25,25,1.0
4,7.0,cell,U4_Q_F_unique_expected_random_purity,0.05000000000000001,25,25,1.0
4,7.0,cell,U4_Q_F_unique_expected_random_capture,0.04,25,25,1.0
4,7.0,cell,U4_Q_F_unique_excess_purity,-0.03672227752088177,25,25,1.0
4,7.0,cell,U4_Q_F_unique_excess_capture,-0.029377822016705406,25,25,1.0
4,7.0,cell,U4_Q_F_unique_largest_canonical_correlation,0.20036687303580428,25,25,1.0
4,7.0,cell,U4_Q_F_unique_smallest_principal_angle,1.3690435961938405,25,25,1.0
4,7.0,cell,UMP_Q_C_dim_U,2.92,25,25,1.0
4,7.0,cell,UMP_Q_C_dim_Q,3.0,25,25,1.0
4,7.0,cell,UMP_Q_C_shared_energy,0.33132594073045013,25,25,1.0
4,7.0,cell,UMP_Q_C_purity,0.11239477545584785,25,25,1.0
4,7.0,cell,UMP_Q_C_capture,0.11044198024348331,25,25,1.0
4,7.0,cell,UMP_Q_C_expected_random_purity,0.03,25,25,1.0
4,7.0,cell,UMP_Q_C_expected_random_capture,0.0292,25,25,1.0
4,7.0,cell,UMP_Q_C_excess_purity,0.08239477545584785,25,25,1.0
4,7.0,cell,UMP_Q_C_excess_capture,0.08124198024348331,25,25,1.0
4,7.0,cell,UMP_Q_C_largest_canonical_correlation,0.4682806792651421,25,25,1.0
4,7.0,cell,UMP_Q_C_smallest_principal_angle,1.082282445594872,25,25,1.0
4,7.0,cell,U4_Q_C_dim_U,4.0,25,25,1.0
4,7.0,cell,U4_Q_C_dim_Q,3.0,25,25,1.0
4,7.0,cell,U4_Q_C_shared_energy,0.36822149011465377,25,25,1.0
4,7.0,cell,U4_Q_C_purity,0.09205537252866342,25,25,1.0
4,7.0,cell,U4_Q_C_capture,0.12274049670488454,25,25,1.0
4,7.0,cell,U4_Q_C_expected_random_purity,0.03,25,25,1.0
4,7.0,cell,U4_Q_C_expected_random_capture,0.04,25,25,1.0
4,7.0,cell,U4_Q_C_excess_purity,0.06205537252866339,25,25,1.0
4,7.0,cell,U4_Q_C_excess_capture,0.08274049670488452,25,25,1.0
4,7.0,cell,U4_Q_C_largest_canonical_correlation,0.48327379099569434,25,25,1.0
4,7.0,cell,U4_Q_C_smallest_principal_angle,1.0655170087859707,25,25,1.0
4,7.0,cell,UMP_Q_C_unique_dim_U,2.92,25,25,1.0
4,7.0,cell,UMP_Q_C_unique_dim_Q,3.0,25,25,1.0
4,7.0,cell,UMP_Q_C_unique_shared_energy,0.3781170328237482,25,25,1.0
4,7.0,cell,UMP_Q_C_unique_purity,0.12820306389946462,25,25,1.0
4,7.0,cell,UMP_Q_C_unique_capture,0.12603901094124936,25,25,1.0
4,7.0,cell,UMP_Q_C_unique_expected_random_purity,0.03,25,25,1.0
4,7.0,cell,UMP_Q_C_unique_expected_random_capture,0.0292,25,25,1.0
4,7.0,cell,UMP_Q_C_unique_excess_purity,0.09820306389946463,25,25,1.0
4,7.0,cell,UMP_Q_C_unique_excess_capture,0.0968390109412494,25,25,1.0
4,7.0,cell,UMP_Q_C_unique_largest_canonical_correlation,0.5030154645294307,25,25,1.0
4,7.0,cell,UMP_Q_C_unique_smallest_principal_angle,1.0422103050188332,25,25,1.0
4,7.0,cell,U4_Q_C_unique_dim_U,4.0,25,25,1.0
4,7.0,cell,U4_Q_C_unique_dim_Q,3.0,25,25,1.0
4,7.0,cell,U4_Q_C_unique_shared_energy,0.4206184917786851,25,25,1.0
4,7.0,cell,U4_Q_C_unique_purity,0.10515462294467123,25,25,1.0
4,7.0,cell,U4_Q_C_unique_capture,0.14020616392622837,25,25,1.0
4,7.0,cell,U4_Q_C_unique_expected_random_purity,0.03,25,25,1.0
4,7.0,cell,U4_Q_C_unique_expected_random_capture,0.04,25,25,1.0
4,7.0,cell,U4_Q_C_unique_excess_purity,0.07515462294467126,25,25,1.0
4,7.0,cell,U4_Q_C_unique_excess_capture,0.10020616392622833,25,25,1.0
4,7.0,cell,U4_Q_C_unique_largest_canonical_correlation,0.5210991884468861,25,25,1.0
4,7.0,cell,U4_Q_C_unique_smallest_principal_angle,1.0216303351197897,25,25,1.0
4,7.0,cell,UMP_Q_C_full_dim_U,2.92,25,25,1.0
4,7.0,cell,UMP_Q_C_full_dim_Q,4.0,25,25,1.0
4,7.0,cell,UMP_Q_C_full_shared_energy,0.4312731417688127,25,25,1.0
4,7.0,cell,UMP_Q_C_full_purity,0.14661128370666732,25,25,1.0
4,7.0,cell,UMP_Q_C_full_capture,0.10781828544220314,25,25,1.0
4,7.0,cell,UMP_Q_C_full_expected_random_purity,0.04,25,25,1.0
4,7.0,cell,UMP_Q_C_full_expected_random_capture,0.0292,25,25,1.0
4,7.0,cell,UMP_Q_C_full_excess_purity,0.10661128370666732,25,25,1.0
4,7.0,cell,UMP_Q_C_full_excess_capture,0.07861828544220313,25,25,1.0
4,7.0,cell,UMP_Q_C_full_largest_canonical_correlation,0.5334854897034265,25,25,1.0
4,7.0,cell,UMP_Q_C_full_smallest_principal_angle,1.0070518175142802,25,25,1.0
4,7.0,cell,U4_Q_C_full_dim_U,4.0,25,25,1.0
4,7.0,cell,U4_Q_C_full_dim_Q,4.0,25,25,1.0
4,7.0,cell,U4_Q_C_full_shared_energy,0.48564564700834806,25,25,1.0
4,7.0,cell,U4_Q_C_full_purity,0.12141141175208701,25,25,1.0
4,7.0,cell,U4_Q_C_full_capture,0.12141141175208701,25,25,1.0
4,7.0,cell,U4_Q_C_full_expected_random_purity,0.04,25,25,1.0
4,7.0,cell,U4_Q_C_full_expected_random_capture,0.04,25,25,1.0
4,7.0,cell,U4_Q_C_full_excess_purity,0.081411411752087,25,25,1.0
4,7.0,cell,U4_Q_C_full_excess_capture,0.081411411752087,25,25,1.0
4,7.0,cell,U4_Q_C_full_largest_canonical_correlation,0.5585867222962299,25,25,1.0
4,7.0,cell,U4_Q_C_full_smallest_principal_angle,0.9776070996905478,25,25,1.0
4,7.0,cell,UMP_Q_P4_dim_U,2.92,25,25,1.0
4,7.0,cell,UMP_Q_P4_dim_Q,4.0,25,25,1.0
4,7.0,cell,UMP_Q_P4_shared_energy,0.5074765223602304,25,25,1.0
4,7.0,cell,UMP_Q_P4_purity,0.17205952750079018,25,25,1.0
4,7.0,cell,UMP_Q_P4_capture,0.12686913059005758,25,25,1.0
4,7.0,cell,UMP_Q_P4_expected_random_purity,0.04,25,25,1.0
4,7.0,cell,UMP_Q_P4_expected_random_capture,0.0292,25,25,1.0
4,7.0,cell,UMP_Q_P4_excess_purity,0.13205952750079017,25,25,1.0
4,7.0,cell,UMP_Q_P4_excess_capture,0.09766913059005759,25,25,1.0
4,7.0,cell,UMP_Q_P4_largest_canonical_correlation,0.5726703468896333,25,25,1.0
4,7.0,cell,UMP_Q_P4_smallest_principal_angle,0.9597127326720747,25,25,1.0
4,7.0,cell,U4_Q_P4_dim_U,4.0,25,25,1.0
4,7.0,cell,U4_Q_P4_dim_Q,4.0,25,25,1.0
4,7.0,cell,U4_Q_P4_shared_energy,0.5690815717053131,25,25,1.0
4,7.0,cell,U4_Q_P4_purity,0.14227039292632823,25,25,1.0
4,7.0,cell,U4_Q_P4_capture,0.14227039292632823,25,25,1.0
4,7.0,cell,U4_Q_P4_expected_random_purity,0.04,25,25,1.0
4,7.0,cell,U4_Q_P4_expected_random_capture,0.04,25,25,1.0
4,7.0,cell,U4_Q_P4_excess_purity,0.10227039292632827,25,25,1.0
4,7.0,cell,U4_Q_P4_excess_capture,0.10227039292632827,25,25,1.0
4,7.0,cell,U4_Q_P4_largest_canonical_correlation,0.5992327376470393,25,25,1.0
4,7.0,cell,U4_Q_P4_smallest_principal_angle,0.9275884924031779,25,25,1.0
4,7.0,cell,QR_Q_F_dim_U,7.0,25,25,1.0
4,7.0,cell,QR_Q_F_dim_Q,5.0,25,25,1.0
4,7.0,cell,QR_Q_F_shared_energy,4.984986986780134,25,25,1.0
4,7.0,cell,QR_Q_F_purity,0.7121409981114478,25,25,1.0
4,7.0,cell,QR_Q_F_capture,0.9969973973560269,25,25,1.0
4,7.0,cell,QR_Q_F_expected_random_purity,0.05000000000000001,25,25,1.0
4,7.0,cell,QR_Q_F_expected_random_capture,0.07,25,25,1.0
4,7.0,cell,QR_Q_F_excess_purity,0.6621409981114478,25,25,1.0
4,7.0,cell,QR_Q_F_excess_capture,0.9269973973560268,25,25,1.0
4,7.0,cell,QR_Q_F_largest_canonical_correlation,0.999696515153747,25,25,1.0
4,7.0,cell,QR_Q_F_smallest_principal_angle,0.024630238388945513,25,25,1.0
4,7.0,cell,QR_Q_C_dim_U,7.0,25,25,1.0
4,7.0,cell,QR_Q_C_dim_Q,3.0,25,25,1.0
4,7.0,cell,QR_Q_C_shared_energy,1.597850038661035,25,25,1.0
4,7.0,cell,QR_Q_C_purity,0.2282642912372907,25,25,1.0
4,7.0,cell,QR_Q_C_capture,0.5326166795536783,25,25,1.0
4,7.0,cell,QR_Q_C_expected_random_purity,0.03,25,25,1.0
4,7.0,cell,QR_Q_C_expected_random_capture,0.07,25,25,1.0
4,7.0,cell,QR_Q_C_excess_purity,0.19826429123729067,25,25,1.0
4,7.0,cell,QR_Q_C_excess_capture,0.46261667955367836,25,25,1.0
4,7.0,cell,QR_Q_C_largest_canonical_correlation,0.98077992748216,25,25,1.0
4,7.0,cell,QR_Q_C_smallest_principal_angle,0.19625021213682628,25,25,1.0
4,7.0,cell,QR_Q_C_unique_dim_U,7.0,25,25,1.0
4,7.0,cell,QR_Q_C_unique_dim_Q,3.0,25,25,1.0
4,7.0,cell,QR_Q_C_unique_shared_energy,1.420443336976215,25,25,1.0
4,7.0,cell,QR_Q_C_unique_purity,0.20292047671088784,25,25,1.0
4,7.0,cell,QR_Q_C_unique_capture,0.473481112325405,25,25,1.0
4,7.0,cell,QR_Q_C_unique_expected_random_purity,0.03,25,25,1.0
4,7.0,cell,QR_Q_C_unique_expected_random_capture,0.07,25,25,1.0
4,7.0,cell,QR_Q_C_unique_excess_purity,0.17292047671088784,25,25,1.0
4,7.0,cell,QR_Q_C_unique_excess_capture,0.403481112325405,25,25,1.0
4,7.0,cell,QR_Q_C_unique_largest_canonical_correlation,0.9799887340078831,25,25,1.0
4,7.0,cell,QR_Q_C_unique_smallest_principal_angle,0.2002401864851369,25,25,1.0
4,7.0,cell,QR_Q_C_full_dim_U,7.0,25,25,1.0
4,7.0,cell,QR_Q_C_full_dim_Q,4.0,25,25,1.0
4,7.0,cell,QR_Q_C_full_shared_energy,2.1475778164727455,25,25,1.0
4,7.0,cell,QR_Q_C_full_purity,0.30679683092467785,25,25,1.0
4,7.0,cell,QR_Q_C_full_capture,0.5368944541181864,25,25,1.0
4,7.0,cell,QR_Q_C_full_expected_random_purity,0.04,25,25,1.0
4,7.0,cell,QR_Q_C_full_expected_random_capture,0.07,25,25,1.0
4,7.0,cell,QR_Q_C_full_excess_purity,0.2667968309246779,25,25,1.0
4,7.0,cell,QR_Q_C_full_excess_capture,0.46689445411818625,25,25,1.0
4,7.0,cell,QR_Q_C_full_largest_canonical_correlation,0.9837668511477403,25,25,1.0
4,7.0,cell,QR_Q_C_full_smallest_principal_angle,0.1803601675773426,25,25,1.0
4,7.0,cell,QR_Q_P4_dim_U,7.0,25,25,1.0
4,7.0,cell,QR_Q_P4_dim_Q,4.0,25,25,1.0
4,7.0,cell,QR_Q_P4_shared_energy,2.1944279728988807,25,25,1.0
4,7.0,cell,QR_Q_P4_purity,0.31348971041412577,25,25,1.0
4,7.0,cell,QR_Q_P4_capture,0.5486069932247202,25,25,1.0
4,7.0,cell,QR_Q_P4_expected_random_purity,0.04,25,25,1.0
4,7.0,cell,QR_Q_P4_expected_random_capture,0.07,25,25,1.0
4,7.0,cell,QR_Q_P4_excess_purity,0.27348971041412584,25,25,1.0
4,7.0,cell,QR_Q_P4_excess_capture,0.47860699322472017,25,25,1.0
4,7.0,cell,QR_Q_P4_largest_canonical_correlation,0.9935466090376849,25,25,1.0
4,7.0,cell,QR_Q_P4_smallest_principal_angle,0.11363407520070981,25,25,1.0
5,3.0,cell,UMP_Q_F_dim_U,4.0,25,25,1.0
5,3.0,cell,UMP_Q_F_dim_Q,5.0,25,25,1.0
5,3.0,cell,UMP_Q_F_shared_energy,1.952793877843103,25,25,1.0
5,3.0,cell,UMP_Q_F_purity,0.4881984694607758,25,25,1.0
5,3.0,cell,UMP_Q_F_capture,0.39055877556862056,25,25,1.0
5,3.0,cell,UMP_Q_F_expected_random_purity,0.05000000000000001,25,25,1.0
5,3.0,cell,UMP_Q_F_expected_random_capture,0.04,25,25,1.0
5,3.0,cell,UMP_Q_F_excess_purity,0.43819846946077584,25,25,1.0
5,3.0,cell,UMP_Q_F_excess_capture,0.35055877556862064,25,25,1.0
5,3.0,cell,UMP_Q_F_largest_canonical_correlation,0.9892346166648767,25,25,1.0
5,3.0,cell,UMP_Q_F_smallest_principal_angle,0.14636459381735012,25,25,1.0
5,3.0,cell,U4_Q_F_dim_U,4.0,25,25,1.0
5,3.0,cell,U4_Q_F_dim_Q,5.0,25,25,1.0
5,3.0,cell,U4_Q_F_shared_energy,1.952793877843103,25,25,1.0
5,3.0,cell,U4_Q_F_purity,0.4881984694607758,25,25,1.0
5,3.0,cell,U4_Q_F_capture,0.39055877556862056,25,25,1.0
5,3.0,cell,U4_Q_F_expected_random_purity,0.05000000000000001,25,25,1.0
5,3.0,cell,U4_Q_F_expected_random_capture,0.04,25,25,1.0
5,3.0,cell,U4_Q_F_excess_purity,0.43819846946077584,25,25,1.0
5,3.0,cell,U4_Q_F_excess_capture,0.35055877556862064,25,25,1.0
5,3.0,cell,U4_Q_F_largest_canonical_correlation,0.9892346166648767,25,25,1.0
5,3.0,cell,U4_Q_F_smallest_principal_angle,0.14636459381735012,25,25,1.0
5,3.0,cell,UMP_Q_F_unique_dim_U,4.0,25,25,1.0
5,3.0,cell,UMP_Q_F_unique_dim_Q,5.0,25,25,1.0
5,3.0,cell,UMP_Q_F_unique_shared_energy,2.017327907320977,25,25,1.0
5,3.0,cell,UMP_Q_F_unique_purity,0.5043319768302442,25,25,1.0
5,3.0,cell,UMP_Q_F_unique_capture,0.4034655814641953,25,25,1.0
5,3.0,cell,UMP_Q_F_unique_expected_random_purity,0.05000000000000001,25,25,1.0
5,3.0,cell,UMP_Q_F_unique_expected_random_capture,0.04,25,25,1.0
5,3.0,cell,UMP_Q_F_unique_excess_purity,0.4543319768302442,25,25,1.0
5,3.0,cell,UMP_Q_F_unique_excess_capture,0.36346558146419533,25,25,1.0
5,3.0,cell,UMP_Q_F_unique_largest_canonical_correlation,0.9857079785895749,25,25,1.0
5,3.0,cell,UMP_Q_F_unique_smallest_principal_angle,0.16901609616221602,25,25,1.0
5,3.0,cell,U4_Q_F_unique_dim_U,4.0,25,25,1.0
5,3.0,cell,U4_Q_F_unique_dim_Q,5.0,25,25,1.0
5,3.0,cell,U4_Q_F_unique_shared_energy,2.017327907320977,25,25,1.0
5,3.0,cell,U4_Q_F_unique_purity,0.5043319768302442,25,25,1.0
5,3.0,cell,U4_Q_F_unique_capture,0.4034655814641953,25,25,1.0
5,3.0,cell,U4_Q_F_unique_expected_random_purity,0.05000000000000001,25,25,1.0
5,3.0,cell,U4_Q_F_unique_expected_random_capture,0.04,25,25,1.0
5,3.0,cell,U4_Q_F_unique_excess_purity,0.4543319768302442,25,25,1.0
5,3.0,cell,U4_Q_F_unique_excess_capture,0.36346558146419533,25,25,1.0
5,3.0,cell,U4_Q_F_unique_largest_canonical_correlation,0.9857079785895749,25,25,1.0
5,3.0,cell,U4_Q_F_unique_smallest_principal_angle,0.16901609616221602,25,25,1.0
5,3.0,cell,UMP_Q_C_dim_U,4.0,25,25,1.0
5,3.0,cell,UMP_Q_C_dim_Q,3.0,25,25,1.0
5,3.0,cell,UMP_Q_C_shared_energy,1.2983135261086483,25,25,1.0
5,3.0,cell,UMP_Q_C_purity,0.32457838152716206,25,25,1.0
5,3.0,cell,UMP_Q_C_capture,0.43277117536954934,25,25,1.0
5,3.0,cell,UMP_Q_C_expected_random_purity,0.03,25,25,1.0
5,3.0,cell,UMP_Q_C_expected_random_capture,0.04,25,25,1.0
5,3.0,cell,UMP_Q_C_excess_purity,0.294578381527162,25,25,1.0
5,3.0,cell,UMP_Q_C_excess_capture,0.3927711753695493,25,25,1.0
5,3.0,cell,UMP_Q_C_largest_canonical_correlation,0.9256727477214522,25,25,1.0
5,3.0,cell,UMP_Q_C_smallest_principal_angle,0.3878687533540757,25,25,1.0
5,3.0,cell,U4_Q_C_dim_U,4.0,25,25,1.0
5,3.0,cell,U4_Q_C_dim_Q,3.0,25,25,1.0
5,3.0,cell,U4_Q_C_shared_energy,1.2983135261086483,25,25,1.0
5,3.0,cell,U4_Q_C_purity,0.32457838152716206,25,25,1.0
5,3.0,cell,U4_Q_C_capture,0.43277117536954934,25,25,1.0
5,3.0,cell,U4_Q_C_expected_random_purity,0.03,25,25,1.0
5,3.0,cell,U4_Q_C_expected_random_capture,0.04,25,25,1.0
5,3.0,cell,U4_Q_C_excess_purity,0.294578381527162,25,25,1.0
5,3.0,cell,U4_Q_C_excess_capture,0.3927711753695493,25,25,1.0
5,3.0,cell,U4_Q_C_largest_canonical_correlation,0.9256727477214522,25,25,1.0
5,3.0,cell,U4_Q_C_smallest_principal_angle,0.3878687533540757,25,25,1.0
5,3.0,cell,UMP_Q_C_unique_dim_U,4.0,25,25,1.0
5,3.0,cell,UMP_Q_C_unique_dim_Q,3.0,25,25,1.0
5,3.0,cell,UMP_Q_C_unique_shared_energy,1.3628475555865207,25,25,1.0
5,3.0,cell,UMP_Q_C_unique_purity,0.3407118888966302,25,25,1.0
5,3.0,cell,UMP_Q_C_unique_capture,0.4542825185288402,25,25,1.0
5,3.0,cell,UMP_Q_C_unique_expected_random_purity,0.03,25,25,1.0
5,3.0,cell,UMP_Q_C_unique_expected_random_capture,0.04,25,25,1.0
5,3.0,cell,UMP_Q_C_unique_excess_purity,0.3107118888966302,25,25,1.0
5,3.0,cell,UMP_Q_C_unique_excess_capture,0.41428251852884024,25,25,1.0
5,3.0,cell,UMP_Q_C_unique_largest_canonical_correlation,0.9610434381968886,25,25,1.0
5,3.0,cell,UMP_Q_C_unique_smallest_principal_angle,0.27981320598171705,25,25,1.0
5,3.0,cell,U4_Q_C_unique_dim_U,4.0,25,25,1.0
5,3.0,cell,U4_Q_C_unique_dim_Q,3.0,25,25,1.0
5,3.0,cell,U4_Q_C_unique_shared_energy,1.3628475555865207,25,25,1.0
5,3.0,cell,U4_Q_C_unique_purity,0.3407118888966302,25,25,1.0
5,3.0,cell,U4_Q_C_unique_capture,0.4542825185288402,25,25,1.0
5,3.0,cell,U4_Q_C_unique_expected_random_purity,0.03,25,25,1.0
5,3.0,cell,U4_Q_C_unique_expected_random_capture,0.04,25,25,1.0
5,3.0,cell,U4_Q_C_unique_excess_purity,0.3107118888966302,25,25,1.0
5,3.0,cell,U4_Q_C_unique_excess_capture,0.41428251852884024,25,25,1.0
5,3.0,cell,U4_Q_C_unique_largest_canonical_correlation,0.9610434381968886,25,25,1.0
5,3.0,cell,U4_Q_C_unique_smallest_principal_angle,0.27981320598171705,25,25,1.0
5,3.0,cell,UMP_Q_C_full_dim_U,4.0,25,25,1.0
5,3.0,cell,UMP_Q_C_full_dim_Q,4.0,25,25,1.0
5,3.0,cell,UMP_Q_C_full_shared_energy,1.7434349102145779,25,25,1.0
5,3.0,cell,UMP_Q_C_full_purity,0.43585872755364446,25,25,1.0
5,3.0,cell,UMP_Q_C_full_capture,0.43585872755364446,25,25,1.0
5,3.0,cell,UMP_Q_C_full_expected_random_purity,0.04,25,25,1.0
5,3.0,cell,UMP_Q_C_full_expected_random_capture,0.04,25,25,1.0
5,3.0,cell,UMP_Q_C_full_excess_purity,0.3958587275536445,25,25,1.0
5,3.0,cell,UMP_Q_C_full_excess_capture,0.3958587275536445,25,25,1.0
5,3.0,cell,UMP_Q_C_full_largest_canonical_correlation,0.9505110572699786,25,25,1.0
5,3.0,cell,UMP_Q_C_full_smallest_principal_angle,0.31582472384966886,25,25,1.0
5,3.0,cell,U4_Q_C_full_dim_U,4.0,25,25,1.0
5,3.0,cell,U4_Q_C_full_dim_Q,4.0,25,25,1.0
5,3.0,cell,U4_Q_C_full_shared_energy,1.7434349102145779,25,25,1.0
5,3.0,cell,U4_Q_C_full_purity,0.43585872755364446,25,25,1.0
5,3.0,cell,U4_Q_C_full_capture,0.43585872755364446,25,25,1.0
5,3.0,cell,U4_Q_C_full_expected_random_purity,0.04,25,25,1.0
5,3.0,cell,U4_Q_C_full_expected_random_capture,0.04,25,25,1.0
5,3.0,cell,U4_Q_C_full_excess_purity,0.3958587275536445,25,25,1.0
5,3.0,cell,U4_Q_C_full_excess_capture,0.3958587275536445,25,25,1.0
5,3.0,cell,U4_Q_C_full_largest_canonical_correlation,0.9505110572699786,25,25,1.0
5,3.0,cell,U4_Q_C_full_smallest_principal_angle,0.31582472384966886,25,25,1.0
5,3.0,cell,UMP_Q_P4_dim_U,4.0,25,25,1.0
5,3.0,cell,UMP_Q_P4_dim_Q,4.0,25,25,1.0
5,3.0,cell,UMP_Q_P4_shared_energy,1.7701287658724738,25,25,1.0
5,3.0,cell,UMP_Q_P4_purity,0.44253219146811845,25,25,1.0
5,3.0,cell,UMP_Q_P4_capture,0.44253219146811845,25,25,1.0
5,3.0,cell,UMP_Q_P4_expected_random_purity,0.04,25,25,1.0
5,3.0,cell,UMP_Q_P4_expected_random_capture,0.04,25,25,1.0
5,3.0,cell,UMP_Q_P4_excess_purity,0.4025321914681185,25,25,1.0
5,3.0,cell,UMP_Q_P4_excess_capture,0.4025321914681185,25,25,1.0
5,3.0,cell,UMP_Q_P4_largest_canonical_correlation,0.9572556249800809,25,25,1.0
5,3.0,cell,UMP_Q_P4_smallest_principal_angle,0.2932371606700845,25,25,1.0
5,3.0,cell,U4_Q_P4_dim_U,4.0,25,25,1.0
5,3.0,cell,U4_Q_P4_dim_Q,4.0,25,25,1.0
5,3.0,cell,U4_Q_P4_shared_energy,1.7701287658724738,25,25,1.0
5,3.0,cell,U4_Q_P4_purity,0.44253219146811845,25,25,1.0
5,3.0,cell,U4_Q_P4_capture,0.44253219146811845,25,25,1.0
5,3.0,cell,U4_Q_P4_expected_random_purity,0.04,25,25,1.0
5,3.0,cell,U4_Q_P4_expected_random_capture,0.04,25,25,1.0
5,3.0,cell,U4_Q_P4_excess_purity,0.4025321914681185,25,25,1.0
5,3.0,cell,U4_Q_P4_excess_capture,0.4025321914681185,25,25,1.0
5,3.0,cell,U4_Q_P4_largest_canonical_correlation,0.9572556249800809,25,25,1.0
5,3.0,cell,U4_Q_P4_smallest_principal_angle,0.2932371606700845,25,25,1.0
5,3.0,cell,QR_Q_F_dim_U,3.0,25,25,1.0
5,3.0,cell,QR_Q_F_dim_Q,5.0,25,25,1.0
5,3.0,cell,QR_Q_F_shared_energy,2.99318071209103,25,25,1.0
5,3.0,cell,QR_Q_F_purity,0.9977269040303435,25,25,1.0
5,3.0,cell,QR_Q_F_capture,0.5986361424182062,25,25,1.0
5,3.0,cell,QR_Q_F_expected_random_purity,0.05000000000000001,25,25,1.0
5,3.0,cell,QR_Q_F_expected_random_capture,0.03,25,25,1.0
5,3.0,cell,QR_Q_F_excess_purity,0.9477269040303433,25,25,1.0
5,3.0,cell,QR_Q_F_excess_capture,0.568636142418206,25,25,1.0
5,3.0,cell,QR_Q_F_largest_canonical_correlation,0.9993057806452444,25,25,1.0
5,3.0,cell,QR_Q_F_smallest_principal_angle,0.03721541403134028,25,25,1.0
5,3.0,cell,QR_Q_C_dim_U,3.0,25,25,1.0
5,3.0,cell,QR_Q_C_dim_Q,3.0,25,25,1.0
5,3.0,cell,QR_Q_C_shared_energy,0.11843826220651034,25,25,1.0
5,3.0,cell,QR_Q_C_purity,0.03947942073550341,25,25,1.0
5,3.0,cell,QR_Q_C_capture,0.03947942073550341,25,25,1.0
5,3.0,cell,QR_Q_C_expected_random_purity,0.03,25,25,1.0
5,3.0,cell,QR_Q_C_expected_random_capture,0.03,25,25,1.0
5,3.0,cell,QR_Q_C_excess_purity,0.009479420735503407,25,25,1.0
5,3.0,cell,QR_Q_C_excess_capture,0.009479420735503407,25,25,1.0
5,3.0,cell,QR_Q_C_largest_canonical_correlation,0.29808028858321955,25,25,1.0
5,3.0,cell,QR_Q_C_smallest_principal_angle,1.2680808442362232,25,25,1.0
5,3.0,cell,QR_Q_C_unique_dim_U,3.0,25,25,1.0
5,3.0,cell,QR_Q_C_unique_dim_Q,3.0,25,25,1.0
5,3.0,cell,QR_Q_C_unique_shared_energy,0.002055547482400408,25,25,1.0
5,3.0,cell,QR_Q_C_unique_purity,0.0006851824941334361,25,25,1.0
5,3.0,cell,QR_Q_C_unique_capture,0.0006851824941334361,25,25,1.0
5,3.0,cell,QR_Q_C_unique_expected_random_purity,0.03,25,25,1.0
5,3.0,cell,QR_Q_C_unique_expected_random_capture,0.03,25,25,1.0
5,3.0,cell,QR_Q_C_unique_excess_purity,-0.029314817505866467,25,25,1.0
5,3.0,cell,QR_Q_C_unique_excess_capture,-0.029314817505866467,25,25,1.0
5,3.0,cell,QR_Q_C_unique_largest_canonical_correlation,0.041447750261580804,25,25,1.0
5,3.0,cell,QR_Q_C_unique_smallest_principal_angle,1.529333448579967,25,25,1.0
5,3.0,cell,QR_Q_C_full_dim_U,3.0,25,25,1.0
5,3.0,cell,QR_Q_C_full_dim_Q,4.0,25,25,1.0
5,3.0,cell,QR_Q_C_full_shared_energy,0.15264077677123958,25,25,1.0
5,3.0,cell,QR_Q_C_full_purity,0.05088025892374651,25,25,1.0
5,3.0,cell,QR_Q_C_full_capture,0.03816019419280986,25,25,1.0
5,3.0,cell,QR_Q_C_full_expected_random_purity,0.04,25,25,1.0
5,3.0,cell,QR_Q_C_full_expected_random_capture,0.03,25,25,1.0
5,3.0,cell,QR_Q_C_full_excess_purity,0.0108802589237465,25,25,1.0
5,3.0,cell,QR_Q_C_full_excess_capture,0.008160194192809856,25,25,1.0
5,3.0,cell,QR_Q_C_full_largest_canonical_correlation,0.3232940407067633,25,25,1.0
5,3.0,cell,QR_Q_C_full_smallest_principal_angle,1.2415427815833169,25,25,1.0
5,3.0,cell,QR_Q_P4_dim_U,3.0,25,25,1.0
5,3.0,cell,QR_Q_P4_dim_Q,4.0,25,25,1.0
5,3.0,cell,QR_Q_P4_shared_energy,0.1683576569845062,25,25,1.0
5,3.0,cell,QR_Q_P4_purity,0.05611921899483535,25,25,1.0
5,3.0,cell,QR_Q_P4_capture,0.042089414246126514,25,25,1.0
5,3.0,cell,QR_Q_P4_expected_random_purity,0.04,25,25,1.0
5,3.0,cell,QR_Q_P4_expected_random_capture,0.03,25,25,1.0
5,3.0,cell,QR_Q_P4_excess_purity,0.016119218994835358,25,25,1.0
5,3.0,cell,QR_Q_P4_excess_capture,0.012089414246126506,25,25,1.0
5,3.0,cell,QR_Q_P4_largest_canonical_correlation,0.3462414226529017,25,25,1.0
5,3.0,cell,QR_Q_P4_smallest_principal_angle,1.2172030499919104,25,25,1.0
5,5.0,cell,UMP_Q_F_dim_U,2.0,25,25,1.0
5,5.0,cell,UMP_Q_F_dim_Q,5.0,25,25,1.0
5,5.0,cell,UMP_Q_F_shared_energy,0.008781416824241533,25,25,1.0
5,5.0,cell,UMP_Q_F_purity,0.004390708412120728,25,25,1.0
5,5.0,cell,UMP_Q_F_capture,0.0017562833648482599,25,25,1.0
5,5.0,cell,UMP_Q_F_expected_random_purity,0.05000000000000001,25,25,1.0
5,5.0,cell,UMP_Q_F_expected_random_capture,0.02,25,25,1.0
5,5.0,cell,UMP_Q_F_excess_purity,-0.04560929158787918,25,25,1.0
5,5.0,cell,UMP_Q_F_excess_capture,-0.018243716635151643,25,25,1.0
5,5.0,cell,UMP_Q_F_largest_canonical_correlation,0.08560629934414589,25,25,1.0
5,5.0,cell,UMP_Q_F_smallest_principal_angle,1.4850796528332082,25,25,1.0
5,5.0,cell,U4_Q_F_dim_U,4.0,25,25,1.0
5,5.0,cell,U4_Q_F_dim_Q,5.0,25,25,1.0
5,5.0,cell,U4_Q_F_shared_energy,0.009169715471095392,25,25,1.0
5,5.0,cell,U4_Q_F_purity,0.002292428867773812,25,25,1.0
5,5.0,cell,U4_Q_F_capture,0.0018339430942190481,25,25,1.0
5,5.0,cell,U4_Q_F_expected_random_purity,0.05000000000000001,25,25,1.0
5,5.0,cell,U4_Q_F_expected_random_capture,0.04,25,25,1.0
5,5.0,cell,U4_Q_F_excess_purity,-0.047707571132226095,25,25,1.0
5,5.0,cell,U4_Q_F_excess_capture,-0.03816605690578086,25,25,1.0
5,5.0,cell,U4_Q_F_largest_canonical_correlation,0.08654040853486428,25,25,1.0
5,5.0,cell,U4_Q_F_smallest_principal_angle,1.4841418591193172,25,25,1.0
5,5.0,cell,UMP_Q_F_unique_dim_U,2.0,25,25,1.0
5,5.0,cell,UMP_Q_F_unique_dim_Q,5.0,25,25,1.0
5,5.0,cell,UMP_Q_F_unique_shared_energy,0.13024890687751714,25,25,1.0
5,5.0,cell,UMP_Q_F_unique_purity,0.06512445343875856,25,25,1.0
5,5.0,cell,UMP_Q_F_unique_capture,0.02604978137550339,25,25,1.0
5,5.0,cell,UMP_Q_F_unique_expected_random_purity,0.05000000000000001,25,25,1.0
5,5.0,cell,UMP_Q_F_unique_expected_random_capture,0.02,25,25,1.0
5,5.0,cell,UMP_Q_F_unique_excess_purity,0.015124453438758546,25,25,1.0
5,5.0,cell,UMP_Q_F_unique_excess_capture,0.006049781375503391,25,25,1.0
5,5.0,cell,UMP_Q_F_unique_largest_canonical_correlation,0.31025222817844605,25,25,1.0
5,5.0,cell,UMP_Q_F_unique_smallest_principal_angle,1.2553326770802342,25,25,1.0
5,5.0,cell,U4_Q_F_unique_dim_U,4.0,25,25,1.0
5,5.0,cell,U4_Q_F_unique_dim_Q,5.0,25,25,1.0
5,5.0,cell,U4_Q_F_unique_shared_energy,0.1410067637043846,25,25,1.0
5,5.0,cell,U4_Q_F_unique_purity,0.03525169092609611,25,25,1.0
5,5.0,cell,U4_Q_F_unique_capture,0.02820135274087689,25,25,1.0
5,5.0,cell,U4_Q_F_unique_expected_random_purity,0.05000000000000001,25,25,1.0
5,5.0,cell,U4_Q_F_unique_expected_random_capture,0.04,25,25,1.0
5,5.0,cell,U4_Q_F_unique_excess_purity,-0.014748309073903797,25,25,1.0
5,5.0,cell,U4_Q_F_unique_excess_capture,-0.011798647259123007,25,25,1.0
5,5.0,cell,U4_Q_F_unique_largest_canonical_correlation,0.3108381707769002,25,25,1.0
5,5.0,cell,U4_Q_F_unique_smallest_principal_angle,1.254716307093486,25,25,1.0
5,5.0,cell,UMP_Q_C_dim_U,2.0,25,25,1.0
5,5.0,cell,UMP_Q_C_dim_Q,3.0,25,25,1.0
5,5.0,cell,UMP_Q_C_shared_energy,1.2850163155346959,25,25,1.0
5,5.0,cell,UMP_Q_C_purity,0.6425081577673479,25,25,1.0
5,5.0,cell,UMP_Q_C_capture,0.42833877184489866,25,25,1.0
5,5.0,cell,UMP_Q_C_expected_random_purity,0.03,25,25,1.0
5,5.0,cell,UMP_Q_C_expected_random_capture,0.02,25,25,1.0
5,5.0,cell,UMP_Q_C_excess_purity,0.612508157767348,25,25,1.0
5,5.0,cell,UMP_Q_C_excess_capture,0.40833877184489864,25,25,1.0
5,5.0,cell,UMP_Q_C_largest_canonical_correlation,0.924086914324127,25,25,1.0
5,5.0,cell,UMP_Q_C_smallest_principal_angle,0.3920742046907737,25,25,1.0
5,5.0,cell,U4_Q_C_dim_U,4.0,25,25,1.0
5,5.0,cell,U4_Q_C_dim_Q,3.0,25,25,1.0
5,5.0,cell,U4_Q_C_shared_energy,1.6923034355766107,25,25,1.0
5,5.0,cell,U4_Q_C_purity,0.42307585889415267,25,25,1.0
5,5.0,cell,U4_Q_C_capture,0.5641011451922036,25,25,1.0
5,5.0,cell,U4_Q_C_expected_random_purity,0.03,25,25,1.0
5,5.0,cell,U4_Q_C_expected_random_capture,0.04,25,25,1.0
5,5.0,cell,U4_Q_C_excess_purity,0.3930758588941527,25,25,1.0
5,5.0,cell,U4_Q_C_excess_capture,0.5241011451922035,25,25,1.0
5,5.0,cell,U4_Q_C_largest_canonical_correlation,0.9253558041843429,25,25,1.0
5,5.0,cell,U4_Q_C_smallest_principal_angle,0.38877047520356084,25,25,1.0
5,5.0,cell,UMP_Q_C_unique_dim_U,2.0,25,25,1.0
5,5.0,cell,UMP_Q_C_unique_dim_Q,3.0,25,25,1.0
5,5.0,cell,UMP_Q_C_unique_shared_energy,1.406483805587971,25,25,1.0
5,5.0,cell,UMP_Q_C_unique_purity,0.7032419027939855,25,25,1.0
5,5.0,cell,UMP_Q_C_unique_capture,0.46882793519599025,25,25,1.0
5,5.0,cell,UMP_Q_C_unique_expected_random_purity,0.03,25,25,1.0
5,5.0,cell,UMP_Q_C_unique_expected_random_capture,0.02,25,25,1.0
5,5.0,cell,UMP_Q_C_unique_excess_purity,0.6732419027939855,25,25,1.0
5,5.0,cell,UMP_Q_C_unique_excess_capture,0.4488279351959903,25,25,1.0
5,5.0,cell,UMP_Q_C_unique_largest_canonical_correlation,0.9726389856544282,25,25,1.0
5,5.0,cell,UMP_Q_C_unique_smallest_principal_angle,0.2343258202427071,25,25,1.0
5,5.0,cell,U4_Q_C_unique_dim_U,4.0,25,25,1.0
5,5.0,cell,U4_Q_C_unique_dim_Q,3.0,25,25,1.0
5,5.0,cell,U4_Q_C_unique_shared_energy,1.824140483809899,25,25,1.0
5,5.0,cell,U4_Q_C_unique_purity,0.45603512095247467,25,25,1.0
5,5.0,cell,U4_Q_C_unique_capture,0.608046827936633,25,25,1.0
5,5.0,cell,U4_Q_C_unique_expected_random_purity,0.03,25,25,1.0
5,5.0,cell,U4_Q_C_unique_expected_random_capture,0.04,25,25,1.0
5,5.0,cell,U4_Q_C_unique_excess_purity,0.42603512095247476,25,25,1.0
5,5.0,cell,U4_Q_C_unique_excess_capture,0.568046827936633,25,25,1.0
5,5.0,cell,U4_Q_C_unique_largest_canonical_correlation,0.973759793752386,25,25,1.0
5,5.0,cell,U4_Q_C_unique_smallest_principal_angle,0.22950179238371388,25,25,1.0
5,5.0,cell,UMP_Q_C_full_dim_U,2.0,25,25,1.0
5,5.0,cell,UMP_Q_C_full_dim_Q,4.0,25,25,1.0
5,5.0,cell,UMP_Q_C_full_shared_energy,1.6781894063089504,25,25,1.0
5,5.0,cell,UMP_Q_C_full_purity,0.8390947031544752,25,25,1.0
5,5.0,cell,UMP_Q_C_full_capture,0.41954735157723744,25,25,1.0
5,5.0,cell,UMP_Q_C_full_expected_random_purity,0.04,25,25,1.0
5,5.0,cell,UMP_Q_C_full_expected_random_capture,0.02,25,25,1.0
5,5.0,cell,UMP_Q_C_full_excess_purity,0.7990947031544752,25,25,1.0
5,5.0,cell,UMP_Q_C_full_excess_capture,0.3995473515772375,25,25,1.0
5,5.0,cell,UMP_Q_C_full_largest_canonical_correlation,0.9391268973339024,25,25,1.0
5,5.0,cell,UMP_Q_C_full_smallest_principal_angle,0.3504649685821151,25,25,1.0
5,5.0,cell,U4_Q_C_full_dim_U,4.0,25,25,1.0
5,5.0,cell,U4_Q_C_full_dim_Q,4.0,25,25,1.0
5,5.0,cell,U4_Q_C_full_shared_energy,2.168564528490745,25,25,1.0
5,5.0,cell,U4_Q_C_full_purity,0.5421411321226862,25,25,1.0
5,5.0,cell,U4_Q_C_full_capture,0.5421411321226862,25,25,1.0
5,5.0,cell,U4_Q_C_full_expected_random_purity,0.04,25,25,1.0
5,5.0,cell,U4_Q_C_full_expected_random_capture,0.04,25,25,1.0
5,5.0,cell,U4_Q_C_full_excess_purity,0.5021411321226862,25,25,1.0
5,5.0,cell,U4_Q_C_full_excess_capture,0.5021411321226862,25,25,1.0
5,5.0,cell,U4_Q_C_full_largest_canonical_correlation,0.9397828872500917,25,25,1.0
5,5.0,cell,U4_Q_C_full_smallest_principal_angle,0.3485737509888174,25,25,1.0
5,5.0,cell,UMP_Q_P4_dim_U,2.0,25,25,1.0
5,5.0,cell,UMP_Q_P4_dim_Q,4.0,25,25,1.0
5,5.0,cell,UMP_Q_P4_shared_energy,1.7153593420964879,25,25,1.0
5,5.0,cell,UMP_Q_P4_purity,0.8576796710482439,25,25,1.0
5,5.0,cell,UMP_Q_P4_capture,0.42883983552412197,25,25,1.0
5,5.0,cell,UMP_Q_P4_expected_random_purity,0.04,25,25,1.0
5,5.0,cell,UMP_Q_P4_expected_random_capture,0.02,25,25,1.0
5,5.0,cell,UMP_Q_P4_excess_purity,0.8176796710482438,25,25,1.0
5,5.0,cell,UMP_Q_P4_excess_capture,0.40883983552412184,25,25,1.0
5,5.0,cell,UMP_Q_P4_largest_canonical_correlation,0.9441655339559147,25,25,1.0
5,5.0,cell,UMP_Q_P4_smallest_principal_angle,0.33546613527356656,25,25,1.0
5,5.0,cell,U4_Q_P4_dim_U,4.0,25,25,1.0
5,5.0,cell,U4_Q_P4_dim_Q,4.0,25,25,1.0
5,5.0,cell,U4_Q_P4_shared_energy,2.255421632368505,25,25,1.0
5,5.0,cell,U4_Q_P4_purity,0.5638554080921262,25,25,1.0
5,5.0,cell,U4_Q_P4_capture,0.5638554080921262,25,25,1.0
5,5.0,cell,U4_Q_P4_expected_random_purity,0.04,25,25,1.0
5,5.0,cell,U4_Q_P4_expected_random_capture,0.04,25,25,1.0
5,5.0,cell,U4_Q_P4_excess_purity,0.5238554080921262,25,25,1.0
5,5.0,cell,U4_Q_P4_excess_capture,0.5238554080921262,25,25,1.0
5,5.0,cell,U4_Q_P4_largest_canonical_correlation,0.944647881503593,25,25,1.0
5,5.0,cell,U4_Q_P4_smallest_principal_angle,0.33401474882668397,25,25,1.0
5,5.0,cell,QR_Q_F_dim_U,5.0,25,25,1.0
5,5.0,cell,QR_Q_F_dim_Q,5.0,25,25,1.0
5,5.0,cell,QR_Q_F_shared_energy,4.977755026297682,25,25,1.0
5,5.0,cell,QR_Q_F_purity,0.9955510052595364,25,25,1.0
5,5.0,cell,QR_Q_F_capture,0.9955510052595364,25,25,1.0
5,5.0,cell,QR_Q_F_expected_random_purity,0.05000000000000001,25,25,1.0
5,5.0,cell,QR_Q_F_expected_random_capture,0.05000000000000001,25,25,1.0
5,5.0,cell,QR_Q_F_excess_purity,0.9455510052595365,25,25,1.0
5,5.0,cell,QR_Q_F_excess_capture,0.9455510052595365,25,25,1.0
5,5.0,cell,QR_Q_F_largest_canonical_correlation,0.9993921997225909,25,25,1.0
5,5.0,cell,QR_Q_F_smallest_principal_angle,0.03479207924139276,25,25,1.0
5,5.0,cell,QR_Q_C_dim_U,5.0,25,25,1.0
5,5.0,cell,QR_Q_C_dim_Q,3.0,25,25,1.0
5,5.0,cell,QR_Q_C_shared_energy,0.17273505197999714,25,25,1.0
5,5.0,cell,QR_Q_C_purity,0.03454701039599939,25,25,1.0
5,5.0,cell,QR_Q_C_capture,0.05757835065999903,25,25,1.0
5,5.0,cell,QR_Q_C_expected_random_purity,0.03,25,25,1.0
5,5.0,cell,QR_Q_C_expected_random_capture,0.05000000000000001,25,25,1.0
5,5.0,cell,QR_Q_C_excess_purity,0.004547010395999392,25,25,1.0
5,5.0,cell,QR_Q_C_excess_capture,0.007578350659999004,25,25,1.0
5,5.0,cell,QR_Q_C_largest_canonical_correlation,0.3202797316197482,25,25,1.0
5,5.0,cell,QR_Q_C_smallest_principal_angle,1.2447664931494586,25,25,1.0
5,5.0,cell,QR_Q_C_unique_dim_U,5.0,25,25,1.0
5,5.0,cell,QR_Q_C_unique_dim_Q,3.0,25,25,1.0
5,5.0,cell,QR_Q_C_unique_shared_energy,0.006170802597044003,25,25,1.0
5,5.0,cell,QR_Q_C_unique_purity,0.00123416051940876,25,25,1.0
5,5.0,cell,QR_Q_C_unique_capture,0.0020569341990146358,25,25,1.0
5,5.0,cell,QR_Q_C_unique_expected_random_purity,0.03,25,25,1.0
5,5.0,cell,QR_Q_C_unique_expected_random_capture,0.05000000000000001,25,25,1.0
5,5.0,cell,QR_Q_C_unique_excess_purity,-0.02876583948059114,25,25,1.0
5,5.0,cell,QR_Q_C_unique_excess_capture,-0.047943065800985264,25,25,1.0
5,5.0,cell,QR_Q_C_unique_largest_canonical_correlation,0.06593201913651159,25,25,1.0
5,5.0,cell,QR_Q_C_unique_smallest_principal_angle,1.5048146310945225,25,25,1.0
5,5.0,cell,QR_Q_C_full_dim_U,5.0,25,25,1.0
5,5.0,cell,QR_Q_C_full_dim_Q,4.0,25,25,1.0
5,5.0,cell,QR_Q_C_full_shared_energy,0.2662649271339373,25,25,1.0
5,5.0,cell,QR_Q_C_full_purity,0.05325298542678742,25,25,1.0
5,5.0,cell,QR_Q_C_full_capture,0.0665662317834843,25,25,1.0
5,5.0,cell,QR_Q_C_full_expected_random_purity,0.04,25,25,1.0
5,5.0,cell,QR_Q_C_full_expected_random_capture,0.05000000000000001,25,25,1.0
5,5.0,cell,QR_Q_C_full_excess_purity,0.01325298542678742,25,25,1.0
5,5.0,cell,QR_Q_C_full_excess_capture,0.016566231783484296,25,25,1.0
5,5.0,cell,QR_Q_C_full_largest_canonical_correlation,0.3890875113381083,25,25,1.0
5,5.0,cell,QR_Q_C_full_smallest_principal_angle,1.1711524820970642,25,25,1.0
5,5.0,cell,QR_Q_P4_dim_U,5.0,25,25,1.0
5,5.0,cell,QR_Q_P4_dim_Q,4.0,25,25,1.0
5,5.0,cell,QR_Q_P4_shared_energy,0.2880989920846827,25,25,1.0
5,5.0,cell,QR_Q_P4_purity,0.0576197984169365,25,25,1.0
5,5.0,cell,QR_Q_P4_capture,0.07202474802117063,25,25,1.0
5,5.0,cell,QR_Q_P4_expected_random_purity,0.04,25,25,1.0
5,5.0,cell,QR_Q_P4_expected_random_capture,0.05000000000000001,25,25,1.0
5,5.0,cell,QR_Q_P4_excess_purity,0.017619798416936495,25,25,1.0
5,5.0,cell,QR_Q_P4_excess_capture,0.02202474802117062,25,25,1.0
5,5.0,cell,QR_Q_P4_largest_canonical_correlation,0.41612511568197996,25,25,1.0
5,5.0,cell,QR_Q_P4_smallest_principal_angle,1.1416134920739551,25,25,1.0
5,7.0,cell,UMP_Q_F_dim_U,2.16,25,25,1.0
5,7.0,cell,UMP_Q_F_dim_Q,5.0,25,25,1.0
5,7.0,cell,UMP_Q_F_shared_energy,0.00026286240789947076,25,25,1.0
5,7.0,cell,UMP_Q_F_purity,0.0001205344446452648,25,25,1.0
5,7.0,cell,UMP_Q_F_capture,5.257248157990421e-05,25,25,1.0
5,7.0,cell,UMP_Q_F_expected_random_purity,0.05000000000000001,25,25,1.0
5,7.0,cell,UMP_Q_F_expected_random_capture,0.0216,25,25,1.0
5,7.0,cell,UMP_Q_F_excess_purity,-0.049879465555354656,25,25,1.0
5,7.0,cell,UMP_Q_F_excess_capture,-0.021547427518420058,25,25,1.0
5,7.0,cell,UMP_Q_F_largest_canonical_correlation,0.014267996009068475,25,25,1.0
5,7.0,cell,UMP_Q_F_smallest_principal_angle,1.556527822304737,25,25,1.0
5,7.0,cell,U4_Q_F_dim_U,4.0,25,25,1.0
5,7.0,cell,U4_Q_F_dim_Q,5.0,25,25,1.0
5,7.0,cell,U4_Q_F_shared_energy,0.0006024387533701321,25,25,1.0
5,7.0,cell,U4_Q_F_purity,0.000150609688342488,25,25,1.0
5,7.0,cell,U4_Q_F_capture,0.00012048775067399334,25,25,1.0
5,7.0,cell,U4_Q_F_expected_random_purity,0.05000000000000001,25,25,1.0
5,7.0,cell,U4_Q_F_expected_random_capture,0.04,25,25,1.0
5,7.0,cell,U4_Q_F_excess_purity,-0.04984939031165743,25,25,1.0
5,7.0,cell,U4_Q_F_excess_capture,-0.03987951224932592,25,25,1.0
5,7.0,cell,U4_Q_F_largest_canonical_correlation,0.01838150824665561,25,25,1.0
5,7.0,cell,U4_Q_F_smallest_principal_angle,1.5524137437963226,25,25,1.0
5,7.0,cell,UMP_Q_F_unique_dim_U,2.16,25,25,1.0
5,7.0,cell,UMP_Q_F_unique_dim_Q,5.0,25,25,1.0
5,7.0,cell,UMP_Q_F_unique_shared_energy,0.004723940095005608,25,25,1.0
5,7.0,cell,UMP_Q_F_unique_purity,0.00220736382536978,25,25,1.0
5,7.0,cell,UMP_Q_F_unique_capture,0.0009447880190010833,25,25,1.0
5,7.0,cell,UMP_Q_F_unique_expected_random_purity,0.05000000000000001,25,25,1.0
5,7.0,cell,UMP_Q_F_unique_expected_random_capture,0.0216,25,25,1.0
5,7.0,cell,UMP_Q_F_unique_excess_purity,-0.04779263617463012,25,25,1.0
5,7.0,cell,UMP_Q_F_unique_excess_capture,-0.020655211980998817,25,25,1.0
5,7.0,cell,UMP_Q_F_unique_largest_canonical_correlation,0.05865723805294204,25,25,1.0
5,7.0,cell,UMP_Q_F_unique_smallest_principal_angle,1.512094090244163,25,25,1.0
5,7.0,cell,U4_Q_F_unique_dim_U,4.0,25,25,1.0
5,7.0,cell,U4_Q_F_unique_dim_Q,5.0,25,25,1.0
5,7.0,cell,U4_Q_F_unique_shared_energy,0.010072562576341856,25,25,1.0
5,7.0,cell,U4_Q_F_unique_purity,0.00251814064408542,25,25,1.0
5,7.0,cell,U4_Q_F_unique_capture,0.0020145125152683362,25,25,1.0
5,7.0,cell,U4_Q_F_unique_expected_random_purity,0.05000000000000001,25,25,1.0
5,7.0,cell,U4_Q_F_unique_expected_random_capture,0.04,25,25,1.0
5,7.0,cell,U4_Q_F_unique_excess_purity,-0.04748185935591447,25,25,1.0
5,7.0,cell,U4_Q_F_unique_excess_capture,-0.03798548748473157,25,25,1.0
5,7.0,cell,U4_Q_F_unique_largest_canonical_correlation,0.08947186353044805,25,25,1.0
5,7.0,cell,U4_Q_F_unique_smallest_principal_angle,1.4811886750478116,25,25,1.0
5,7.0,cell,UMP_Q_C_dim_U,2.16,25,25,1.0
5,7.0,cell,UMP_Q_C_dim_Q,3.0,25,25,1.0
5,7.0,cell,UMP_Q_C_shared_energy,0.17567139938595094,25,25,1.0
5,7.0,cell,UMP_Q_C_purity,0.08218782365868059,25,25,1.0
5,7.0,cell,UMP_Q_C_capture,0.0585571331286503,25,25,1.0
5,7.0,cell,UMP_Q_C_expected_random_purity,0.03,25,25,1.0
5,7.0,cell,UMP_Q_C_expected_random_capture,0.0216,25,25,1.0
5,7.0,cell,UMP_Q_C_excess_purity,0.052187823658680584,25,25,1.0
5,7.0,cell,UMP_Q_C_excess_capture,0.0369571331286503,25,25,1.0
5,7.0,cell,UMP_Q_C_largest_canonical_correlation,0.35350342199011847,25,25,1.0
5,7.0,cell,UMP_Q_C_smallest_principal_angle,1.2071102941077507,25,25,1.0
5,7.0,cell,U4_Q_C_dim_U,4.0,25,25,1.0
5,7.0,cell,U4_Q_C_dim_Q,3.0,25,25,1.0
5,7.0,cell,U4_Q_C_shared_energy,0.3402811748170822,25,25,1.0
5,7.0,cell,U4_Q_C_purity,0.08507029370427052,25,25,1.0
5,7.0,cell,U4_Q_C_capture,0.11342705827236069,25,25,1.0
5,7.0,cell,U4_Q_C_expected_random_purity,0.03,25,25,1.0
5,7.0,cell,U4_Q_C_expected_random_capture,0.04,25,25,1.0
5,7.0,cell,U4_Q_C_excess_purity,0.05507029370427051,25,25,1.0
5,7.0,cell,U4_Q_C_excess_capture,0.0734270582723607,25,25,1.0
5,7.0,cell,U4_Q_C_largest_canonical_correlation,0.5111041212605406,25,25,1.0
5,7.0,cell,U4_Q_C_smallest_principal_angle,1.0297346043757414,25,25,1.0
5,7.0,cell,UMP_Q_C_unique_dim_U,2.16,25,25,1.0
5,7.0,cell,UMP_Q_C_unique_dim_Q,3.0,25,25,1.0
5,7.0,cell,UMP_Q_C_unique_shared_energy,0.18013247707305702,25,25,1.0
5,7.0,cell,UMP_Q_C_unique_purity,0.08427465303940501,25,25,1.0
5,7.0,cell,UMP_Q_C_unique_capture,0.060044159024352284,25,25,1.0
5,7.0,cell,UMP_Q_C_unique_expected_random_purity,0.03,25,25,1.0
5,7.0,cell,UMP_Q_C_unique_expected_random_capture,0.0216,25,25,1.0
5,7.0,cell,UMP_Q_C_unique_excess_purity,0.05427465303940505,25,25,1.0
5,7.0,cell,UMP_Q_C_unique_excess_capture,0.0384441590243523,25,25,1.0
5,7.0,cell,UMP_Q_C_unique_largest_canonical_correlation,0.3572718108655991,25,25,1.0
5,7.0,cell,UMP_Q_C_unique_smallest_principal_angle,1.2029467417118946,25,25,1.0
5,7.0,cell,U4_Q_C_unique_dim_U,4.0,25,25,1.0
5,7.0,cell,U4_Q_C_unique_dim_Q,3.0,25,25,1.0
5,7.0,cell,U4_Q_C_unique_shared_energy,0.34975129864005366,25,25,1.0
5,7.0,cell,U4_Q_C_unique_purity,0.08743782466001339,25,25,1.0
5,7.0,cell,U4_Q_C_unique_capture,0.1165837662133512,25,25,1.0
5,7.0,cell,U4_Q_C_unique_expected_random_purity,0.03,25,25,1.0
5,7.0,cell,U4_Q_C_unique_expected_random_capture,0.04,25,25,1.0
5,7.0,cell,U4_Q_C_unique_excess_purity,0.057437824660013403,25,25,1.0
5,7.0,cell,U4_Q_C_unique_excess_capture,0.07658376621335122,25,25,1.0
5,7.0,cell,U4_Q_C_unique_largest_canonical_correlation,0.5178663688320827,25,25,1.0
5,7.0,cell,U4_Q_C_unique_smallest_principal_angle,1.0215188244461921,25,25,1.0
5,7.0,cell,UMP_Q_C_full_dim_U,2.16,25,25,1.0
5,7.0,cell,UMP_Q_C_full_dim_Q,4.0,25,25,1.0
5,7.0,cell,UMP_Q_C_full_shared_energy,0.23518356053421932,25,25,1.0
5,7.0,cell,UMP_Q_C_full_purity,0.1099198303403867,25,25,1.0
5,7.0,cell,UMP_Q_C_full_capture,0.058795890133554796,25,25,1.0
5,7.0,cell,UMP_Q_C_full_expected_random_purity,0.04,25,25,1.0
5,7.0,cell,UMP_Q_C_full_expected_random_capture,0.0216,25,25,1.0
5,7.0,cell,UMP_Q_C_full_excess_purity,0.06991983034038672,25,25,1.0
5,7.0,cell,UMP_Q_C_full_excess_capture,0.03719589013355482,25,25,1.0
5,7.0,cell,UMP_Q_C_full_largest_canonical_correlation,0.3977649889566973,25,25,1.0
5,7.0,cell,UMP_Q_C_full_smallest_principal_angle,1.1598094040431435,25,25,1.0
5,7.0,cell,U4_Q_C_full_dim_U,4.0,25,25,1.0
5,7.0,cell,U4_Q_C_full_dim_Q,4.0,25,25,1.0
5,7.0,cell,U4_Q_C_full_shared_energy,0.41475811795308404,25,25,1.0
5,7.0,cell,U4_Q_C_full_purity,0.10368952948827097,25,25,1.0
5,7.0,cell,U4_Q_C_full_capture,0.10368952948827097,25,25,1.0
5,7.0,cell,U4_Q_C_full_expected_random_purity,0.04,25,25,1.0
5,7.0,cell,U4_Q_C_full_expected_random_capture,0.04,25,25,1.0
5,7.0,cell,U4_Q_C_full_excess_purity,0.06368952948827095,25,25,1.0
5,7.0,cell,U4_Q_C_full_excess_capture,0.06368952948827095,25,25,1.0
5,7.0,cell,U4_Q_C_full_largest_canonical_correlation,0.5320293031717618,25,25,1.0
5,7.0,cell,U4_Q_C_full_smallest_principal_angle,1.0064253770692457,25,25,1.0
5,7.0,cell,UMP_Q_P4_dim_U,2.16,25,25,1.0
5,7.0,cell,UMP_Q_P4_dim_Q,4.0,25,25,1.0
5,7.0,cell,UMP_Q_P4_shared_energy,0.2625137579016656,25,25,1.0
5,7.0,cell,UMP_Q_P4_purity,0.12286486739797695,25,25,1.0
5,7.0,cell,UMP_Q_P4_capture,0.06562843947541636,25,25,1.0
5,7.0,cell,UMP_Q_P4_expected_random_purity,0.04,25,25,1.0
5,7.0,cell,UMP_Q_P4_expected_random_capture,0.0216,25,25,1.0
5,7.0,cell,UMP_Q_P4_excess_purity,0.08286486739797694,25,25,1.0
5,7.0,cell,UMP_Q_P4_excess_capture,0.04402843947541637,25,25,1.0
5,7.0,cell,UMP_Q_P4_largest_canonical_correlation,0.4210381927997295,25,25,1.0
5,7.0,cell,UMP_Q_P4_smallest_principal_angle,1.1345172148015257,25,25,1.0
5,7.0,cell,U4_Q_P4_dim_U,4.0,25,25,1.0
5,7.0,cell,U4_Q_P4_dim_Q,4.0,25,25,1.0
5,7.0,cell,U4_Q_P4_shared_energy,0.46976840539372966,25,25,1.0
5,7.0,cell,U4_Q_P4_purity,0.11744210134843237,25,25,1.0
5,7.0,cell,U4_Q_P4_capture,0.11744210134843237,25,25,1.0
5,7.0,cell,U4_Q_P4_expected_random_purity,0.04,25,25,1.0
5,7.0,cell,U4_Q_P4_expected_random_capture,0.04,25,25,1.0
5,7.0,cell,U4_Q_P4_excess_purity,0.07744210134843237,25,25,1.0
5,7.0,cell,U4_Q_P4_excess_capture,0.07744210134843237,25,25,1.0
5,7.0,cell,U4_Q_P4_largest_canonical_correlation,0.5668017616244181,25,25,1.0
5,7.0,cell,U4_Q_P4_smallest_principal_angle,0.9641801063781815,25,25,1.0
5,7.0,cell,QR_Q_F_dim_U,7.0,25,25,1.0
5,7.0,cell,QR_Q_F_dim_Q,5.0,25,25,1.0
5,7.0,cell,QR_Q_F_shared_energy,4.985957133764436,25,25,1.0
5,7.0,cell,QR_Q_F_purity,0.7122795905377766,25,25,1.0
5,7.0,cell,QR_Q_F_capture,0.9971914267528872,25,25,1.0
5,7.0,cell,QR_Q_F_expected_random_purity,0.05000000000000001,25,25,1.0
5,7.0,cell,QR_Q_F_expected_random_capture,0.07,25,25,1.0
5,7.0,cell,QR_Q_F_excess_purity,0.6622795905377766,25,25,1.0
5,7.0,cell,QR_Q_F_excess_capture,0.9271914267528872,25,25,1.0
5,7.0,cell,QR_Q_F_largest_canonical_correlation,0.999487353999975,25,25,1.0
5,7.0,cell,QR_Q_F_smallest_principal_angle,0.03195720161288335,25,25,1.0
5,7.0,cell,QR_Q_C_dim_U,7.0,25,25,1.0
5,7.0,cell,QR_Q_C_dim_Q,3.0,25,25,1.0
5,7.0,cell,QR_Q_C_shared_energy,1.455487575197256,25,25,1.0
5,7.0,cell,QR_Q_C_purity,0.20792679645675083,25,25,1.0
5,7.0,cell,QR_Q_C_capture,0.48516252506575197,25,25,1.0
5,7.0,cell,QR_Q_C_expected_random_purity,0.03,25,25,1.0
5,7.0,cell,QR_Q_C_expected_random_capture,0.07,25,25,1.0
5,7.0,cell,QR_Q_C_excess_purity,0.1779267964567508,25,25,1.0
5,7.0,cell,QR_Q_C_excess_capture,0.415162525065752,25,25,1.0
5,7.0,cell,QR_Q_C_largest_canonical_correlation,0.976632457832062,25,25,1.0
5,7.0,cell,QR_Q_C_smallest_principal_angle,0.21637003695702844,25,25,1.0
5,7.0,cell,QR_Q_C_unique_dim_U,7.0,25,25,1.0
5,7.0,cell,QR_Q_C_unique_dim_Q,3.0,25,25,1.0
5,7.0,cell,QR_Q_C_unique_shared_energy,1.4104758402424376,25,25,1.0
5,7.0,cell,QR_Q_C_unique_purity,0.20149654860606245,25,25,1.0
5,7.0,cell,QR_Q_C_unique_capture,0.4701586134141458,25,25,1.0
5,7.0,cell,QR_Q_C_unique_expected_random_purity,0.03,25,25,1.0
5,7.0,cell,QR_Q_C_unique_expected_random_capture,0.07,25,25,1.0
5,7.0,cell,QR_Q_C_unique_excess_purity,0.17149654860606245,25,25,1.0
5,7.0,cell,QR_Q_C_unique_excess_capture,0.40015861341414577,25,25,1.0
5,7.0,cell,QR_Q_C_unique_largest_canonical_correlation,0.9748241553452922,25,25,1.0
5,7.0,cell,QR_Q_C_unique_smallest_principal_angle,0.224606513387845,25,25,1.0
5,7.0,cell,QR_Q_C_full_dim_U,7.0,25,25,1.0
5,7.0,cell,QR_Q_C_full_dim_Q,4.0,25,25,1.0
5,7.0,cell,QR_Q_C_full_shared_energy,1.9453574831214289,25,25,1.0
5,7.0,cell,QR_Q_C_full_purity,0.27790821187448983,25,25,1.0
5,7.0,cell,QR_Q_C_full_capture,0.48633937078035716,25,25,1.0
5,7.0,cell,QR_Q_C_full_expected_random_purity,0.04,25,25,1.0
5,7.0,cell,QR_Q_C_full_expected_random_capture,0.07,25,25,1.0
5,7.0,cell,QR_Q_C_full_excess_purity,0.2379082118744898,25,25,1.0
5,7.0,cell,QR_Q_C_full_excess_capture,0.41633937078035715,25,25,1.0
5,7.0,cell,QR_Q_C_full_largest_canonical_correlation,0.9787086911723053,25,25,1.0
5,7.0,cell,QR_Q_C_full_smallest_principal_angle,0.20657716008126328,25,25,1.0
5,7.0,cell,QR_Q_P4_dim_U,7.0,25,25,1.0
5,7.0,cell,QR_Q_P4_dim_Q,4.0,25,25,1.0
5,7.0,cell,QR_Q_P4_shared_energy,2.011638729761252,25,25,1.0
5,7.0,cell,QR_Q_P4_purity,0.2873769613944645,25,25,1.0
5,7.0,cell,QR_Q_P4_capture,0.502909682440313,25,25,1.0
5,7.0,cell,QR_Q_P4_expected_random_purity,0.04,25,25,1.0
5,7.0,cell,QR_Q_P4_expected_random_capture,0.07,25,25,1.0
5,7.0,cell,QR_Q_P4_excess_purity,0.2473769613944645,25,25,1.0
5,7.0,cell,QR_Q_P4_excess_capture,0.4329096824403129,25,25,1.0
5,7.0,cell,QR_Q_P4_largest_canonical_correlation,0.9895987845350527,25,25,1.0
5,7.0,cell,QR_Q_P4_smallest_principal_angle,0.1441746277501467,25,25,1.0
6,3.0,cell,UMP_Q_F_dim_U,4.0,25,25,1.0
6,3.0,cell,UMP_Q_F_dim_Q,5.0,25,25,1.0
6,3.0,cell,UMP_Q_F_shared_energy,1.969977179770615,25,25,1.0
6,3.0,cell,UMP_Q_F_purity,0.49249429494265373,25,25,1.0
6,3.0,cell,UMP_Q_F_capture,0.39399543595412295,25,25,1.0
6,3.0,cell,UMP_Q_F_expected_random_purity,0.05000000000000001,25,25,1.0
6,3.0,cell,UMP_Q_F_expected_random_capture,0.04,25,25,1.0
6,3.0,cell,UMP_Q_F_excess_purity,0.4424942949426537,25,25,1.0
6,3.0,cell,UMP_Q_F_excess_capture,0.353995435954123,25,25,1.0
6,3.0,cell,UMP_Q_F_largest_canonical_correlation,0.9930728687965279,25,25,1.0
6,3.0,cell,UMP_Q_F_smallest_principal_angle,0.11690395081920478,25,25,1.0
6,3.0,cell,U4_Q_F_dim_U,4.0,25,25,1.0
6,3.0,cell,U4_Q_F_dim_Q,5.0,25,25,1.0
6,3.0,cell,U4_Q_F_shared_energy,1.969977179770615,25,25,1.0
6,3.0,cell,U4_Q_F_purity,0.49249429494265373,25,25,1.0
6,3.0,cell,U4_Q_F_capture,0.39399543595412295,25,25,1.0
6,3.0,cell,U4_Q_F_expected_random_purity,0.05000000000000001,25,25,1.0
6,3.0,cell,U4_Q_F_expected_random_capture,0.04,25,25,1.0
6,3.0,cell,U4_Q_F_excess_purity,0.4424942949426537,25,25,1.0
6,3.0,cell,U4_Q_F_excess_capture,0.353995435954123,25,25,1.0
6,3.0,cell,U4_Q_F_largest_canonical_correlation,0.9930728687965279,25,25,1.0
6,3.0,cell,U4_Q_F_smallest_principal_angle,0.11690395081920478,25,25,1.0
6,3.0,cell,UMP_Q_F_unique_dim_U,4.0,25,25,1.0
6,3.0,cell,UMP_Q_F_unique_dim_Q,5.0,25,25,1.0
6,3.0,cell,UMP_Q_F_unique_shared_energy,2.009461343300388,25,25,1.0
6,3.0,cell,UMP_Q_F_unique_purity,0.502365335825097,25,25,1.0
6,3.0,cell,UMP_Q_F_unique_capture,0.40189226866007766,25,25,1.0
6,3.0,cell,UMP_Q_F_unique_expected_random_purity,0.05000000000000001,25,25,1.0
6,3.0,cell,UMP_Q_F_unique_expected_random_capture,0.04,25,25,1.0
6,3.0,cell,UMP_Q_F_unique_excess_purity,0.452365335825097,25,25,1.0
6,3.0,cell,UMP_Q_F_unique_excess_capture,0.36189226866007757,25,25,1.0
6,3.0,cell,UMP_Q_F_unique_largest_canonical_correlation,0.9884873654341555,25,25,1.0
6,3.0,cell,UMP_Q_F_unique_smallest_principal_angle,0.15129299827706388,25,25,1.0
6,3.0,cell,U4_Q_F_unique_dim_U,4.0,25,25,1.0
6,3.0,cell,U4_Q_F_unique_dim_Q,5.0,25,25,1.0
6,3.0,cell,U4_Q_F_unique_shared_energy,2.009461343300388,25,25,1.0
6,3.0,cell,U4_Q_F_unique_purity,0.502365335825097,25,25,1.0
6,3.0,cell,U4_Q_F_unique_capture,0.40189226866007766,25,25,1.0
6,3.0,cell,U4_Q_F_unique_expected_random_purity,0.05000000000000001,25,25,1.0
6,3.0,cell,U4_Q_F_unique_expected_random_capture,0.04,25,25,1.0
6,3.0,cell,U4_Q_F_unique_excess_purity,0.452365335825097,25,25,1.0
6,3.0,cell,U4_Q_F_unique_excess_capture,0.36189226866007757,25,25,1.0
6,3.0,cell,U4_Q_F_unique_largest_canonical_correlation,0.9884873654341555,25,25,1.0
6,3.0,cell,U4_Q_F_unique_smallest_principal_angle,0.15129299827706388,25,25,1.0
6,3.0,cell,UMP_Q_C_dim_U,4.0,25,25,1.0
6,3.0,cell,UMP_Q_C_dim_Q,3.0,25,25,1.0
6,3.0,cell,UMP_Q_C_shared_energy,1.2993399548073739,25,25,1.0
6,3.0,cell,UMP_Q_C_purity,0.3248349887018434,25,25,1.0
6,3.0,cell,UMP_Q_C_capture,0.43311331826912464,25,25,1.0
6,3.0,cell,UMP_Q_C_expected_random_purity,0.03,25,25,1.0
6,3.0,cell,UMP_Q_C_expected_random_capture,0.04,25,25,1.0
6,3.0,cell,UMP_Q_C_excess_purity,0.29483498870184344,25,25,1.0
6,3.0,cell,UMP_Q_C_excess_capture,0.3931133182691246,25,25,1.0
6,3.0,cell,UMP_Q_C_largest_canonical_correlation,0.8837783298816433,25,25,1.0
6,3.0,cell,UMP_Q_C_smallest_principal_angle,0.48676014169056686,25,25,1.0
6,3.0,cell,U4_Q_C_dim_U,4.0,25,25,1.0
6,3.0,cell,U4_Q_C_dim_Q,3.0,25,25,1.0
6,3.0,cell,U4_Q_C_shared_energy,1.2993399548073739,25,25,1.0
6,3.0,cell,U4_Q_C_purity,0.3248349887018434,25,25,1.0
6,3.0,cell,U4_Q_C_capture,0.43311331826912464,25,25,1.0
6,3.0,cell,U4_Q_C_expected_random_purity,0.03,25,25,1.0
6,3.0,cell,U4_Q_C_expected_random_capture,0.04,25,25,1.0
6,3.0,cell,U4_Q_C_excess_purity,0.29483498870184344,25,25,1.0
6,3.0,cell,U4_Q_C_excess_capture,0.3931133182691246,25,25,1.0
6,3.0,cell,U4_Q_C_largest_canonical_correlation,0.8837783298816433,25,25,1.0
6,3.0,cell,U4_Q_C_smallest_principal_angle,0.48676014169056686,25,25,1.0
6,3.0,cell,UMP_Q_C_unique_dim_U,4.0,25,25,1.0
6,3.0,cell,UMP_Q_C_unique_dim_Q,3.0,25,25,1.0
6,3.0,cell,UMP_Q_C_unique_shared_energy,1.3388241183371477,25,25,1.0
6,3.0,cell,UMP_Q_C_unique_purity,0.3347060295842869,25,25,1.0
6,3.0,cell,UMP_Q_C_unique_capture,0.44627470611238246,25,25,1.0
6,3.0,cell,UMP_Q_C_unique_expected_random_purity,0.03,25,25,1.0
6,3.0,cell,UMP_Q_C_unique_expected_random_capture,0.04,25,25,1.0
6,3.0,cell,UMP_Q_C_unique_excess_purity,0.30470602958428683,25,25,1.0
6,3.0,cell,UMP_Q_C_unique_excess_capture,0.40627470611238253,25,25,1.0
6,3.0,cell,UMP_Q_C_unique_largest_canonical_correlation,0.9541179891864463,25,25,1.0
6,3.0,cell,UMP_Q_C_unique_smallest_principal_angle,0.303766737297483,25,25,1.0
6,3.0,cell,U4_Q_C_unique_dim_U,4.0,25,25,1.0
6,3.0,cell,U4_Q_C_unique_dim_Q,3.0,25,25,1.0
6,3.0,cell,U4_Q_C_unique_shared_energy,1.3388241183371477,25,25,1.0
6,3.0,cell,U4_Q_C_unique_purity,0.3347060295842869,25,25,1.0
6,3.0,cell,U4_Q_C_unique_capture,0.44627470611238246,25,25,1.0
6,3.0,cell,U4_Q_C_unique_expected_random_purity,0.03,25,25,1.0
6,3.0,cell,U4_Q_C_unique_expected_random_capture,0.04,25,25,1.0
6,3.0,cell,U4_Q_C_unique_excess_purity,0.30470602958428683,25,25,1.0
6,3.0,cell,U4_Q_C_unique_excess_capture,0.40627470611238253,25,25,1.0
6,3.0,cell,U4_Q_C_unique_largest_canonical_correlation,0.9541179891864463,25,25,1.0
6,3.0,cell,U4_Q_C_unique_smallest_principal_angle,0.303766737297483,25,25,1.0
6,3.0,cell,UMP_Q_C_full_dim_U,4.0,25,25,1.0
6,3.0,cell,UMP_Q_C_full_dim_Q,4.0,25,25,1.0
6,3.0,cell,UMP_Q_C_full_shared_energy,1.755393676464982,25,25,1.0
6,3.0,cell,UMP_Q_C_full_purity,0.4388484191162454,25,25,1.0
6,3.0,cell,UMP_Q_C_full_capture,0.4388484191162454,25,25,1.0
6,3.0,cell,UMP_Q_C_full_expected_random_purity,0.04,25,25,1.0
6,3.0,cell,UMP_Q_C_full_expected_random_capture,0.04,25,25,1.0
6,3.0,cell,UMP_Q_C_full_excess_purity,0.3988484191162454,25,25,1.0
6,3.0,cell,UMP_Q_C_full_excess_capture,0.3988484191162454,25,25,1.0
6,3.0,cell,UMP_Q_C_full_largest_canonical_correlation,0.9501308517450492,25,25,1.0
6,3.0,cell,UMP_Q_C_full_smallest_principal_angle,0.31677720961282385,25,25,1.0
6,3.0,cell,U4_Q_C_full_dim_U,4.0,25,25,1.0
6,3.0,cell,U4_Q_C_full_dim_Q,4.0,25,25,1.0
6,3.0,cell,U4_Q_C_full_shared_energy,1.755393676464982,25,25,1.0
6,3.0,cell,U4_Q_C_full_purity,0.4388484191162454,25,25,1.0
6,3.0,cell,U4_Q_C_full_capture,0.4388484191162454,25,25,1.0
6,3.0,cell,U4_Q_C_full_expected_random_purity,0.04,25,25,1.0
6,3.0,cell,U4_Q_C_full_expected_random_capture,0.04,25,25,1.0
6,3.0,cell,U4_Q_C_full_excess_purity,0.3988484191162454,25,25,1.0
6,3.0,cell,U4_Q_C_full_excess_capture,0.3988484191162454,25,25,1.0
6,3.0,cell,U4_Q_C_full_largest_canonical_correlation,0.9501308517450492,25,25,1.0
6,3.0,cell,U4_Q_C_full_smallest_principal_angle,0.31677720961282385,25,25,1.0
6,3.0,cell,UMP_Q_P4_dim_U,4.0,25,25,1.0
6,3.0,cell,UMP_Q_P4_dim_Q,4.0,25,25,1.0
6,3.0,cell,UMP_Q_P4_shared_energy,1.8075704293959014,25,25,1.0
6,3.0,cell,UMP_Q_P4_purity,0.45189260734897535,25,25,1.0
6,3.0,cell,UMP_Q_P4_capture,0.45189260734897535,25,25,1.0
6,3.0,cell,UMP_Q_P4_expected_random_purity,0.04,25,25,1.0
6,3.0,cell,UMP_Q_P4_expected_random_capture,0.04,25,25,1.0
6,3.0,cell,UMP_Q_P4_excess_purity,0.4118926073489754,25,25,1.0
6,3.0,cell,UMP_Q_P4_excess_capture,0.4118926073489754,25,25,1.0
6,3.0,cell,UMP_Q_P4_largest_canonical_correlation,0.9657173392514194,25,25,1.0
6,3.0,cell,UMP_Q_P4_smallest_principal_angle,0.26201952680960294,25,25,1.0
6,3.0,cell,U4_Q_P4_dim_U,4.0,25,25,1.0
6,3.0,cell,U4_Q_P4_dim_Q,4.0,25,25,1.0
6,3.0,cell,U4_Q_P4_shared_energy,1.8075704293959014,25,25,1.0
6,3.0,cell,U4_Q_P4_purity,0.45189260734897535,25,25,1.0
6,3.0,cell,U4_Q_P4_capture,0.45189260734897535,25,25,1.0
6,3.0,cell,U4_Q_P4_expected_random_purity,0.04,25,25,1.0
6,3.0,cell,U4_Q_P4_expected_random_capture,0.04,25,25,1.0
6,3.0,cell,U4_Q_P4_excess_purity,0.4118926073489754,25,25,1.0
6,3.0,cell,U4_Q_P4_excess_capture,0.4118926073489754,25,25,1.0
6,3.0,cell,U4_Q_P4_largest_canonical_correlation,0.9657173392514194,25,25,1.0
6,3.0,cell,U4_Q_P4_smallest_principal_angle,0.26201952680960294,25,25,1.0
6,3.0,cell,QR_Q_F_dim_U,3.0,25,25,1.0
6,3.0,cell,QR_Q_F_dim_Q,5.0,25,25,1.0
6,3.0,cell,QR_Q_F_shared_energy,2.9903331646972373,25,25,1.0
6,3.0,cell,QR_Q_F_purity,0.996777721565746,25,25,1.0
6,3.0,cell,QR_Q_F_capture,0.5980666329394475,25,25,1.0
6,3.0,cell,QR_Q_F_expected_random_purity,0.05000000000000001,25,25,1.0
6,3.0,cell,QR_Q_F_expected_random_capture,0.03,25,25,1.0
6,3.0,cell,QR_Q_F_excess_purity,0.9467777215657459,25,25,1.0
6,3.0,cell,QR_Q_F_excess_capture,0.5680666329394475,25,25,1.0
6,3.0,cell,QR_Q_F_largest_canonical_correlation,0.9993149680755181,25,25,1.0
6,3.0,cell,QR_Q_F_smallest_principal_angle,0.03697837532695526,25,25,1.0
6,3.0,cell,QR_Q_C_dim_U,3.0,25,25,1.0
6,3.0,cell,QR_Q_C_dim_Q,3.0,25,25,1.0
6,3.0,cell,QR_Q_C_shared_energy,0.17276657226601966,25,25,1.0
6,3.0,cell,QR_Q_C_purity,0.057588857422006534,25,25,1.0
6,3.0,cell,QR_Q_C_capture,0.057588857422006534,25,25,1.0
6,3.0,cell,QR_Q_C_expected_random_purity,0.03,25,25,1.0
6,3.0,cell,QR_Q_C_expected_random_capture,0.03,25,25,1.0
6,3.0,cell,QR_Q_C_excess_purity,0.02758885742200652,25,25,1.0
6,3.0,cell,QR_Q_C_excess_capture,0.02758885742200652,25,25,1.0
6,3.0,cell,QR_Q_C_largest_canonical_correlation,0.40343623953708907,25,25,1.0
6,3.0,cell,QR_Q_C_smallest_principal_angle,1.155510787755244,25,25,1.0
6,3.0,cell,QR_Q_C_unique_dim_U,3.0,25,25,1.0
6,3.0,cell,QR_Q_C_unique_dim_Q,3.0,25,25,1.0
6,3.0,cell,QR_Q_C_unique_shared_energy,0.004675134748886216,25,25,1.0
6,3.0,cell,QR_Q_C_unique_purity,0.0015583782496287077,25,25,1.0
6,3.0,cell,QR_Q_C_unique_capture,0.0015583782496287077,25,25,1.0
6,3.0,cell,QR_Q_C_unique_expected_random_purity,0.03,25,25,1.0
6,3.0,cell,QR_Q_C_unique_expected_random_capture,0.03,25,25,1.0
6,3.0,cell,QR_Q_C_unique_excess_purity,-0.028441621750371193,25,25,1.0
6,3.0,cell,QR_Q_C_unique_excess_capture,-0.028441621750371193,25,25,1.0
6,3.0,cell,QR_Q_C_unique_largest_canonical_correlation,0.06541757080891847,25,25,1.0
6,3.0,cell,QR_Q_C_unique_smallest_principal_angle,1.5053273776200058,25,25,1.0
6,3.0,cell,QR_Q_C_full_dim_U,3.0,25,25,1.0
6,3.0,cell,QR_Q_C_full_dim_Q,4.0,25,25,1.0
6,3.0,cell,QR_Q_C_full_shared_energy,0.1902513801340378,25,25,1.0
6,3.0,cell,QR_Q_C_full_purity,0.0634171267113459,25,25,1.0
6,3.0,cell,QR_Q_C_full_capture,0.04756284503350941,25,25,1.0
6,3.0,cell,QR_Q_C_full_expected_random_purity,0.04,25,25,1.0
6,3.0,cell,QR_Q_C_full_expected_random_capture,0.03,25,25,1.0
6,3.0,cell,QR_Q_C_full_excess_purity,0.023417126711345902,25,25,1.0
6,3.0,cell,QR_Q_C_full_excess_capture,0.017562845033509425,25,25,1.0
6,3.0,cell,QR_Q_C_full_largest_canonical_correlation,0.42016904302661245,25,25,1.0
6,3.0,cell,QR_Q_C_full_smallest_principal_angle,1.1371479275996965,25,25,1.0
6,3.0,cell,QR_Q_P4_dim_U,3.0,25,25,1.0
6,3.0,cell,QR_Q_P4_dim_Q,4.0,25,25,1.0
6,3.0,cell,QR_Q_P4_shared_energy,0.21089189705796044,25,25,1.0
6,3.0,cell,QR_Q_P4_purity,0.07029729901932011,25,25,1.0
6,3.0,cell,QR_Q_P4_capture,0.052722974264490075,25,25,1.0
6,3.0,cell,QR_Q_P4_expected_random_purity,0.04,25,25,1.0
6,3.0,cell,QR_Q_P4_expected_random_capture,0.03,25,25,1.0
6,3.0,cell,QR_Q_P4_excess_purity,0.030297299019320115,25,25,1.0
6,3.0,cell,QR_Q_P4_excess_capture,0.022722974264490072,25,25,1.0
6,3.0,cell,QR_Q_P4_largest_canonical_correlation,0.421997360821902,25,25,1.0
6,3.0,cell,QR_Q_P4_smallest_principal_angle,1.135134451461746,25,25,1.0
6,5.0,cell,UMP_Q_F_dim_U,2.28,25,25,1.0
6,5.0,cell,UMP_Q_F_dim_Q,5.0,25,25,1.0
6,5.0,cell,UMP_Q_F_shared_energy,0.008520382070768264,25,25,1.0
6,5.0,cell,UMP_Q_F_purity,0.00381154243529704,25,25,1.0
6,5.0,cell,UMP_Q_F_capture,0.001704076414153608,25,25,1.0
6,5.0,cell,UMP_Q_F_expected_random_purity,0.05000000000000001,25,25,1.0
6,5.0,cell,UMP_Q_F_expected_random_capture,0.0228,25,25,1.0
6,5.0,cell,UMP_Q_F_excess_purity,-0.046188457564702856,25,25,1.0
6,5.0,cell,UMP_Q_F_excess_capture,-0.02109592358584629,25,25,1.0
6,5.0,cell,UMP_Q_F_largest_canonical_correlation,0.08712909510761312,25,25,1.0
6,5.0,cell,UMP_Q_F_smallest_principal_angle,1.4835547621419733,25,25,1.0
6,5.0,cell,U4_Q_F_dim_U,4.0,25,25,1.0
6,5.0,cell,U4_Q_F_dim_Q,5.0,25,25,1.0
6,5.0,cell,U4_Q_F_shared_energy,0.008849057401982427,25,25,1.0
6,5.0,cell,U4_Q_F_purity,0.002212264350495568,25,25,1.0
6,5.0,cell,U4_Q_F_capture,0.001769811480396456,25,25,1.0
6,5.0,cell,U4_Q_F_expected_random_purity,0.05000000000000001,25,25,1.0
6,5.0,cell,U4_Q_F_expected_random_capture,0.04,25,25,1.0
6,5.0,cell,U4_Q_F_excess_purity,-0.04778773564950433,25,25,1.0
6,5.0,cell,U4_Q_F_excess_capture,-0.03823018851960345,25,25,1.0
6,5.0,cell,U4_Q_F_largest_canonical_correlation,0.08771142297276971,25,25,1.0
6,5.0,cell,U4_Q_F_smallest_principal_angle,1.4829704391891285,25,25,1.0
6,5.0,cell,UMP_Q_F_unique_dim_U,2.28,25,25,1.0
6,5.0,cell,UMP_Q_F_unique_dim_Q,5.0,25,25,1.0
6,5.0,cell,UMP_Q_F_unique_shared_energy,0.15991397304349803,25,25,1.0
6,5.0,cell,UMP_Q_F_unique_purity,0.07189835264266577,25,25,1.0
6,5.0,cell,UMP_Q_F_unique_capture,0.031982794608699565,25,25,1.0
6,5.0,cell,UMP_Q_F_unique_expected_random_purity,0.05000000000000001,25,25,1.0
6,5.0,cell,UMP_Q_F_unique_expected_random_capture,0.0228,25,25,1.0
6,5.0,cell,UMP_Q_F_unique_excess_purity,0.02189835264266577,25,25,1.0
6,5.0,cell,UMP_Q_F_unique_excess_capture,0.009182794608699559,25,25,1.0
6,5.0,cell,UMP_Q_F_unique_largest_canonical_correlation,0.3914557683551623,25,25,1.0
6,5.0,cell,UMP_Q_F_unique_smallest_principal_angle,1.168553790313531,25,25,1.0
6,5.0,cell,U4_Q_F_unique_dim_U,4.0,25,25,1.0
6,5.0,cell,U4_Q_F_unique_dim_Q,5.0,25,25,1.0
6,5.0,cell,U4_Q_F_unique_shared_energy,0.16415870332314128,25,25,1.0
6,5.0,cell,U4_Q_F_unique_purity,0.041039675830785285,25,25,1.0
6,5.0,cell,U4_Q_F_unique_capture,0.03283174066462822,25,25,1.0
6,5.0,cell,U4_Q_F_unique_expected_random_purity,0.05000000000000001,25,25,1.0
6,5.0,cell,U4_Q_F_unique_expected_random_capture,0.04,25,25,1.0
6,5.0,cell,U4_Q_F_unique_excess_purity,-0.00896032416921462,25,25,1.0
6,5.0,cell,U4_Q_F_unique_excess_capture,-0.00716825933537168,25,25,1.0
6,5.0,cell,U4_Q_F_unique_largest_canonical_correlation,0.39248337650425613,25,25,1.0
6,5.0,cell,U4_Q_F_unique_smallest_principal_angle,1.1674409051715748,25,25,1.0
6,5.0,cell,UMP_Q_C_dim_U,2.28,25,25,1.0
6,5.0,cell,UMP_Q_C_dim_Q,3.0,25,25,1.0
6,5.0,cell,UMP_Q_C_shared_energy,1.261548716135239,25,25,1.0
6,5.0,cell,UMP_Q_C_purity,0.5693991620610945,25,25,1.0
6,5.0,cell,UMP_Q_C_capture,0.4205162387117463,25,25,1.0
6,5.0,cell,UMP_Q_C_expected_random_purity,0.03,25,25,1.0
6,5.0,cell,UMP_Q_C_expected_random_capture,0.0228,25,25,1.0
6,5.0,cell,UMP_Q_C_excess_purity,0.5393991620610945,25,25,1.0
6,5.0,cell,UMP_Q_C_excess_capture,0.39771623871174633,25,25,1.0
6,5.0,cell,UMP_Q_C_largest_canonical_correlation,0.8972802575193173,25,25,1.0
6,5.0,cell,UMP_Q_C_smallest_principal_angle,0.4571450859685959,25,25,1.0
6,5.0,cell,U4_Q_C_dim_U,4.0,25,25,1.0
6,5.0,cell,U4_Q_C_dim_Q,3.0,25,25,1.0
6,5.0,cell,U4_Q_C_shared_energy,1.3443230960817463,25,25,1.0
6,5.0,cell,U4_Q_C_purity,0.33608077402043657,25,25,1.0
6,5.0,cell,U4_Q_C_capture,0.44810769869391537,25,25,1.0
6,5.0,cell,U4_Q_C_expected_random_purity,0.03,25,25,1.0
6,5.0,cell,U4_Q_C_expected_random_capture,0.04,25,25,1.0
6,5.0,cell,U4_Q_C_excess_purity,0.30608077402043654,25,25,1.0
6,5.0,cell,U4_Q_C_excess_capture,0.40810769869391544,25,25,1.0
6,5.0,cell,U4_Q_C_largest_canonical_correlation,0.8976046185231784,25,25,1.0
6,5.0,cell,U4_Q_C_smallest_principal_angle,0.4564072044812841,25,25,1.0
6,5.0,cell,UMP_Q_C_unique_dim_U,2.28,25,25,1.0
6,5.0,cell,UMP_Q_C_unique_dim_Q,3.0,25,25,1.0
6,5.0,cell,UMP_Q_C_unique_shared_energy,1.4129423071079692,25,25,1.0
6,5.0,cell,UMP_Q_C_unique_purity,0.6374859722684635,25,25,1.0
6,5.0,cell,UMP_Q_C_unique_capture,0.47098076903598973,25,25,1.0
6,5.0,cell,UMP_Q_C_unique_expected_random_purity,0.03,25,25,1.0
6,5.0,cell,UMP_Q_C_unique_expected_random_capture,0.0228,25,25,1.0
6,5.0,cell,UMP_Q_C_unique_excess_purity,0.6074859722684633,25,25,1.0
6,5.0,cell,UMP_Q_C_unique_excess_capture,0.44818076903598963,25,25,1.0
6,5.0,cell,UMP_Q_C_unique_largest_canonical_correlation,0.9753872778531837,25,25,1.0
6,5.0,cell,UMP_Q_C_unique_smallest_principal_angle,0.2222675383858504,25,25,1.0
6,5.0,cell,U4_Q_C_unique_dim_U,4.0,25,25,1.0
6,5.0,cell,U4_Q_C_unique_dim_Q,3.0,25,25,1.0
6,5.0,cell,U4_Q_C_unique_shared_energy,1.4996327420029052,25,25,1.0
6,5.0,cell,U4_Q_C_unique_purity,0.3749081855007263,25,25,1.0
6,5.0,cell,U4_Q_C_unique_capture,0.4998775806676351,25,25,1.0
6,5.0,cell,U4_Q_C_unique_expected_random_purity,0.03,25,25,1.0
6,5.0,cell,U4_Q_C_unique_expected_random_capture,0.04,25,25,1.0
6,5.0,cell,U4_Q_C_unique_excess_purity,0.3449081855007263,25,25,1.0
6,5.0,cell,U4_Q_C_unique_excess_capture,0.4598775806676352,25,25,1.0
6,5.0,cell,U4_Q_C_unique_largest_canonical_correlation,0.9756535801675633,25,25,1.0
6,5.0,cell,U4_Q_C_unique_smallest_principal_angle,0.22106114510414174,25,25,1.0
6,5.0,cell,UMP_Q_C_full_dim_U,2.28,25,25,1.0
6,5.0,cell,UMP_Q_C_full_dim_Q,4.0,25,25,1.0
6,5.0,cell,UMP_Q_C_full_shared_energy,1.7545212054030088,25,25,1.0
6,5.0,cell,UMP_Q_C_full_purity,0.7890550598404705,25,25,1.0
6,5.0,cell,UMP_Q_C_full_capture,0.4386303013507522,25,25,1.0
6,5.0,cell,UMP_Q_C_full_expected_random_purity,0.04,25,25,1.0
6,5.0,cell,UMP_Q_C_full_expected_random_capture,0.0228,25,25,1.0
6,5.0,cell,UMP_Q_C_full_excess_purity,0.7490550598404705,25,25,1.0
6,5.0,cell,UMP_Q_C_full_excess_capture,0.4158303013507522,25,25,1.0
6,5.0,cell,UMP_Q_C_full_largest_canonical_correlation,0.9603045314751284,25,25,1.0
6,5.0,cell,UMP_Q_C_full_smallest_principal_angle,0.28257728436516044,25,25,1.0
6,5.0,cell,U4_Q_C_full_dim_U,4.0,25,25,1.0
6,5.0,cell,U4_Q_C_full_dim_Q,4.0,25,25,1.0
6,5.0,cell,U4_Q_C_full_shared_energy,1.8886827860815898,25,25,1.0
6,5.0,cell,U4_Q_C_full_purity,0.47217069652039734,25,25,1.0
6,5.0,cell,U4_Q_C_full_capture,0.47217069652039734,25,25,1.0
6,5.0,cell,U4_Q_C_full_expected_random_purity,0.04,25,25,1.0
6,5.0,cell,U4_Q_C_full_expected_random_capture,0.04,25,25,1.0
6,5.0,cell,U4_Q_C_full_excess_purity,0.4321706965203974,25,25,1.0
6,5.0,cell,U4_Q_C_full_excess_capture,0.4321706965203974,25,25,1.0
6,5.0,cell,U4_Q_C_full_largest_canonical_correlation,0.9605554365660842,25,25,1.0
6,5.0,cell,U4_Q_C_full_smallest_principal_angle,0.2816806307694375,25,25,1.0
6,5.0,cell,UMP_Q_P4_dim_U,2.28,25,25,1.0
6,5.0,cell,UMP_Q_P4_dim_Q,4.0,25,25,1.0
6,5.0,cell,UMP_Q_P4_shared_energy,1.8080311670866904,25,25,1.0
6,5.0,cell,UMP_Q_P4_purity,0.8130906371339313,25,25,1.0
6,5.0,cell,UMP_Q_P4_capture,0.4520077917716726,25,25,1.0
6,5.0,cell,UMP_Q_P4_expected_random_purity,0.04,25,25,1.0
6,5.0,cell,UMP_Q_P4_expected_random_capture,0.0228,25,25,1.0
6,5.0,cell,UMP_Q_P4_excess_purity,0.7730906371339313,25,25,1.0
6,5.0,cell,UMP_Q_P4_excess_capture,0.4292077917716726,25,25,1.0
6,5.0,cell,UMP_Q_P4_largest_canonical_correlation,0.9772549154351186,25,25,1.0
6,5.0,cell,UMP_Q_P4_smallest_principal_angle,0.2135867897441487,25,25,1.0
6,5.0,cell,U4_Q_P4_dim_U,4.0,25,25,1.0
6,5.0,cell,U4_Q_P4_dim_Q,4.0,25,25,1.0
6,5.0,cell,U4_Q_P4_shared_energy,1.9510834383726026,25,25,1.0
6,5.0,cell,U4_Q_P4_purity,0.48777085959315064,25,25,1.0
6,5.0,cell,U4_Q_P4_capture,0.48777085959315064,25,25,1.0
6,5.0,cell,U4_Q_P4_expected_random_purity,0.04,25,25,1.0
6,5.0,cell,U4_Q_P4_expected_random_capture,0.04,25,25,1.0
6,5.0,cell,U4_Q_P4_excess_purity,0.44777085959315066,25,25,1.0
6,5.0,cell,U4_Q_P4_excess_capture,0.44777085959315066,25,25,1.0
6,5.0,cell,U4_Q_P4_largest_canonical_correlation,0.9774352620147094,25,25,1.0
6,5.0,cell,U4_Q_P4_smallest_principal_angle,0.2127374645918962,25,25,1.0
6,5.0,cell,QR_Q_F_dim_U,5.0,25,25,1.0
6,5.0,cell,QR_Q_F_dim_Q,5.0,25,25,1.0
6,5.0,cell,QR_Q_F_shared_energy,4.979724025152155,25,25,1.0
6,5.0,cell,QR_Q_F_purity,0.995944805030431,25,25,1.0
6,5.0,cell,QR_Q_F_capture,0.995944805030431,25,25,1.0
6,5.0,cell,QR_Q_F_expected_random_purity,0.05000000000000001,25,25,1.0
6,5.0,cell,QR_Q_F_expected_random_capture,0.05000000000000001,25,25,1.0
6,5.0,cell,QR_Q_F_excess_purity,0.945944805030431,25,25,1.0
6,5.0,cell,QR_Q_F_excess_capture,0.945944805030431,25,25,1.0
6,5.0,cell,QR_Q_F_largest_canonical_correlation,0.9993645417567556,25,25,1.0
6,5.0,cell,QR_Q_F_smallest_principal_angle,0.03560754202569645,25,25,1.0
6,5.0,cell,QR_Q_C_dim_U,5.0,25,25,1.0
6,5.0,cell,QR_Q_C_dim_Q,3.0,25,25,1.0
6,5.0,cell,QR_Q_C_shared_energy,0.2772301200279346,25,25,1.0
6,5.0,cell,QR_Q_C_purity,0.055446024005586896,25,25,1.0
6,5.0,cell,QR_Q_C_capture,0.09241004000931151,25,25,1.0
6,5.0,cell,QR_Q_C_expected_random_purity,0.03,25,25,1.0
6,5.0,cell,QR_Q_C_expected_random_capture,0.05000000000000001,25,25,1.0
6,5.0,cell,QR_Q_C_excess_purity,0.025446024005586886,25,25,1.0
6,5.0,cell,QR_Q_C_excess_capture,0.042410040009311506,25,25,1.0
6,5.0,cell,QR_Q_C_largest_canonical_correlation,0.4417205087788853,25,25,1.0
6,5.0,cell,QR_Q_C_smallest_principal_angle,1.113236857523162,25,25,1.0
6,5.0,cell,QR_Q_C_unique_dim_U,5.0,25,25,1.0
6,5.0,cell,QR_Q_C_unique_dim_Q,3.0,25,25,1.0
6,5.0,cell,QR_Q_C_unique_shared_energy,0.007125776887671524,25,25,1.0
6,5.0,cell,QR_Q_C_unique_purity,0.001425155377534272,25,25,1.0
6,5.0,cell,QR_Q_C_unique_capture,0.0023752589625571485,25,25,1.0
6,5.0,cell,QR_Q_C_unique_expected_random_purity,0.03,25,25,1.0
6,5.0,cell,QR_Q_C_unique_expected_random_capture,0.05000000000000001,25,25,1.0
6,5.0,cell,QR_Q_C_unique_excess_purity,-0.028574844622465626,25,25,1.0
6,5.0,cell,QR_Q_C_unique_excess_capture,-0.047624741037442755,25,25,1.0
6,5.0,cell,QR_Q_C_unique_largest_canonical_correlation,0.08081485191778924,25,25,1.0
6,5.0,cell,QR_Q_C_unique_smallest_principal_angle,1.489891768056321,25,25,1.0
6,5.0,cell,QR_Q_C_full_dim_U,5.0,25,25,1.0
6,5.0,cell,QR_Q_C_full_dim_Q,4.0,25,25,1.0
6,5.0,cell,QR_Q_C_full_shared_energy,0.31572890565533307,25,25,1.0
6,5.0,cell,QR_Q_C_full_purity,0.06314578113106659,25,25,1.0
6,5.0,cell,QR_Q_C_full_capture,0.07893222641383323,25,25,1.0
6,5.0,cell,QR_Q_C_full_expected_random_purity,0.04,25,25,1.0
6,5.0,cell,QR_Q_C_full_expected_random_capture,0.05000000000000001,25,25,1.0
6,5.0,cell,QR_Q_C_full_excess_purity,0.02314578113106658,25,25,1.0
6,5.0,cell,QR_Q_C_full_excess_capture,0.028932226413833226,25,25,1.0
6,5.0,cell,QR_Q_C_full_largest_canonical_correlation,0.47552835795779946,25,25,1.0
6,5.0,cell,QR_Q_C_full_smallest_principal_angle,1.075209169902876,25,25,1.0
6,5.0,cell,QR_Q_P4_dim_U,5.0,25,25,1.0
6,5.0,cell,QR_Q_P4_dim_Q,4.0,25,25,1.0
6,5.0,cell,QR_Q_P4_shared_energy,0.33257804150558073,25,25,1.0
6,5.0,cell,QR_Q_P4_purity,0.06651560830111611,25,25,1.0
6,5.0,cell,QR_Q_P4_capture,0.08314451037639514,25,25,1.0
6,5.0,cell,QR_Q_P4_expected_random_purity,0.04,25,25,1.0
6,5.0,cell,QR_Q_P4_expected_random_capture,0.05000000000000001,25,25,1.0
6,5.0,cell,QR_Q_P4_excess_purity,0.02651560830111609,25,25,1.0
6,5.0,cell,QR_Q_P4_excess_capture,0.03314451037639515,25,25,1.0
6,5.0,cell,QR_Q_P4_largest_canonical_correlation,0.4859344470453022,25,25,1.0
6,5.0,cell,QR_Q_P4_smallest_principal_angle,1.0633426253557732,25,25,1.0
6,7.0,cell,UMP_Q_F_dim_U,2.72,25,25,1.0
6,7.0,cell,UMP_Q_F_dim_Q,5.0,25,25,1.0
6,7.0,cell,UMP_Q_F_shared_energy,0.00025983590412871605,25,25,1.0
6,7.0,cell,UMP_Q_F_purity,9.770352783009786e-05,25,25,1.0
6,7.0,cell,UMP_Q_F_capture,5.196718082575393e-05,25,25,1.0
6,7.0,cell,UMP_Q_F_expected_random_purity,0.05000000000000001,25,25,1.0
6,7.0,cell,UMP_Q_F_expected_random_capture,0.0272,25,25,1.0
6,7.0,cell,UMP_Q_F_excess_purity,-0.04990229647216984,25,25,1.0
6,7.0,cell,UMP_Q_F_excess_capture,-0.02714803281917419,25,25,1.0
6,7.0,cell,UMP_Q_F_largest_canonical_correlation,0.012352019253751305,25,25,1.0
6,7.0,cell,UMP_Q_F_smallest_principal_angle,1.5584439777201338,25,25,1.0
6,7.0,cell,U4_Q_F_dim_U,4.0,25,25,1.0
6,7.0,cell,U4_Q_F_dim_Q,5.0,25,25,1.0
6,7.0,cell,U4_Q_F_shared_energy,0.000406802067500864,25,25,1.0
6,7.0,cell,U4_Q_F_purity,0.00010170051687519971,25,25,1.0
6,7.0,cell,U4_Q_F_capture,8.136041350017439e-05,25,25,1.0
6,7.0,cell,U4_Q_F_expected_random_purity,0.05000000000000001,25,25,1.0
6,7.0,cell,U4_Q_F_expected_random_capture,0.04,25,25,1.0
6,7.0,cell,U4_Q_F_excess_purity,-0.04989829948312472,25,25,1.0
6,7.0,cell,U4_Q_F_excess_capture,-0.039918639586499764,25,25,1.0
6,7.0,cell,U4_Q_F_largest_canonical_correlation,0.014719104053532885,25,25,1.0
6,7.0,cell,U4_Q_F_smallest_principal_angle,1.5560766520969185,25,25,1.0
6,7.0,cell,UMP_Q_F_unique_dim_U,2.72,25,25,1.0
6,7.0,cell,UMP_Q_F_unique_dim_Q,5.0,25,25,1.0
6,7.0,cell,UMP_Q_F_unique_shared_energy,0.005035442274979408,25,25,1.0
6,7.0,cell,UMP_Q_F_unique_purity,0.0018624762656921881,25,25,1.0
6,7.0,cell,UMP_Q_F_unique_capture,0.001007088454995836,25,25,1.0
6,7.0,cell,UMP_Q_F_unique_expected_random_purity,0.05000000000000001,25,25,1.0
6,7.0,cell,UMP_Q_F_unique_expected_random_capture,0.0272,25,25,1.0
6,7.0,cell,UMP_Q_F_unique_excess_purity,-0.04813752373430771,25,25,1.0
6,7.0,cell,UMP_Q_F_unique_excess_capture,-0.026192911545004062,25,25,1.0
6,7.0,cell,UMP_Q_F_unique_largest_canonical_correlation,0.06413431129992303,25,25,1.0
6,7.0,cell,UMP_Q_F_unique_smallest_principal_angle,1.506606291766215,25,25,1.0
6,7.0,cell,U4_Q_F_unique_dim_U,4.0,25,25,1.0
6,7.0,cell,U4_Q_F_unique_dim_Q,5.0,25,25,1.0
6,7.0,cell,U4_Q_F_unique_shared_energy,0.006015182789948715,25,25,1.0
6,7.0,cell,U4_Q_F_unique_purity,0.0015037956974871358,25,25,1.0
6,7.0,cell,U4_Q_F_unique_capture,0.0012030365579897078,25,25,1.0
6,7.0,cell,U4_Q_F_unique_expected_random_purity,0.05000000000000001,25,25,1.0
6,7.0,cell,U4_Q_F_unique_expected_random_capture,0.04,25,25,1.0
6,7.0,cell,U4_Q_F_unique_excess_purity,-0.04849620430251276,25,25,1.0
6,7.0,cell,U4_Q_F_unique_excess_capture,-0.0387969634420102,25,25,1.0
6,7.0,cell,U4_Q_F_unique_largest_canonical_correlation,0.07050530418470018,25,25,1.0
6,7.0,cell,U4_Q_F_unique_smallest_principal_angle,1.500222531897655,25,25,1.0
6,7.0,cell,UMP_Q_C_dim_U,2.72,25,25,1.0
6,7.0,cell,UMP_Q_C_dim_Q,3.0,25,25,1.0
6,7.0,cell,UMP_Q_C_shared_energy,0.09353372235968754,25,25,1.0
6,7.0,cell,UMP_Q_C_purity,0.0346204293707683,25,25,1.0
6,7.0,cell,UMP_Q_C_capture,0.031177907453229143,25,25,1.0
6,7.0,cell,UMP_Q_C_expected_random_purity,0.03,25,25,1.0
6,7.0,cell,UMP_Q_C_expected_random_capture,0.0272,25,25,1.0
6,7.0,cell,UMP_Q_C_excess_purity,0.004620429370768328,25,25,1.0
6,7.0,cell,UMP_Q_C_excess_capture,0.0039779074532291766,25,25,1.0
6,7.0,cell,UMP_Q_C_largest_canonical_correlation,0.283464909569697,25,25,1.0
6,7.0,cell,UMP_Q_C_smallest_principal_angle,1.28308004767228,25,25,1.0
6,7.0,cell,U4_Q_C_dim_U,4.0,25,25,1.0
6,7.0,cell,U4_Q_C_dim_Q,3.0,25,25,1.0
6,7.0,cell,U4_Q_C_shared_energy,0.11061810563752413,25,25,1.0
6,7.0,cell,U4_Q_C_purity,0.027654526409380993,25,25,1.0
6,7.0,cell,U4_Q_C_capture,0.036872701879174685,25,25,1.0
6,7.0,cell,U4_Q_C_expected_random_purity,0.03,25,25,1.0
6,7.0,cell,U4_Q_C_expected_random_capture,0.04,25,25,1.0
6,7.0,cell,U4_Q_C_excess_purity,-0.0023454735906189624,25,25,1.0
6,7.0,cell,U4_Q_C_excess_capture,-0.0031272981208252805,25,25,1.0
6,7.0,cell,U4_Q_C_largest_canonical_correlation,0.3030035910549754,25,25,1.0
6,7.0,cell,U4_Q_C_smallest_principal_angle,1.262563946276163,25,25,1.0
6,7.0,cell,UMP_Q_C_unique_dim_U,2.72,25,25,1.0
6,7.0,cell,UMP_Q_C_unique_dim_Q,3.0,25,25,1.0
6,7.0,cell,UMP_Q_C_unique_shared_energy,0.09830932873053806,25,25,1.0
6,7.0,cell,UMP_Q_C_unique_purity,0.03638520210863035,25,25,1.0
6,7.0,cell,UMP_Q_C_unique_capture,0.032769776243512655,25,25,1.0
6,7.0,cell,UMP_Q_C_unique_expected_random_purity,0.03,25,25,1.0
6,7.0,cell,UMP_Q_C_unique_expected_random_capture,0.0272,25,25,1.0
6,7.0,cell,UMP_Q_C_unique_excess_purity,0.006385202108630384,25,25,1.0
6,7.0,cell,UMP_Q_C_unique_excess_capture,0.0055697762435126886,25,25,1.0
6,7.0,cell,UMP_Q_C_unique_largest_canonical_correlation,0.28956606650672556,25,25,1.0
6,7.0,cell,UMP_Q_C_unique_smallest_principal_angle,1.27666803993792,25,25,1.0
6,7.0,cell,U4_Q_C_unique_dim_U,4.0,25,25,1.0
6,7.0,cell,U4_Q_C_unique_dim_Q,3.0,25,25,1.0
6,7.0,cell,U4_Q_C_unique_shared_energy,0.1162264863599718,25,25,1.0
6,7.0,cell,U4_Q_C_unique_purity,0.02905662158999291,25,25,1.0
6,7.0,cell,U4_Q_C_unique_capture,0.03874216211999057,25,25,1.0
6,7.0,cell,U4_Q_C_unique_expected_random_purity,0.03,25,25,1.0
6,7.0,cell,U4_Q_C_unique_expected_random_capture,0.04,25,25,1.0
6,7.0,cell,U4_Q_C_unique_excess_purity,-0.0009433784100070478,25,25,1.0
6,7.0,cell,U4_Q_C_unique_excess_capture,-0.0012578378800093921,25,25,1.0
6,7.0,cell,U4_Q_C_unique_largest_canonical_correlation,0.30922731596524133,25,25,1.0
6,7.0,cell,U4_Q_C_unique_smallest_principal_angle,1.2559761519417068,25,25,1.0
6,7.0,cell,UMP_Q_C_full_dim_U,2.72,25,25,1.0
6,7.0,cell,UMP_Q_C_full_dim_Q,4.0,25,25,1.0
6,7.0,cell,UMP_Q_C_full_shared_energy,0.1550451182444986,25,25,1.0
6,7.0,cell,UMP_Q_C_full_purity,0.05716224926181014,25,25,1.0
6,7.0,cell,UMP_Q_C_full_capture,0.0387612795611246,25,25,1.0
6,7.0,cell,UMP_Q_C_full_expected_random_purity,0.04,25,25,1.0
6,7.0,cell,UMP_Q_C_full_expected_random_capture,0.0272,25,25,1.0
6,7.0,cell,UMP_Q_C_full_excess_purity,0.017162249261810147,25,25,1.0
6,7.0,cell,UMP_Q_C_full_excess_capture,0.011561279561124606,25,25,1.0
6,7.0,cell,UMP_Q_C_full_largest_canonical_correlation,0.3737454115849958,25,25,1.0
6,7.0,cell,UMP_Q_C_full_smallest_principal_angle,1.187144518754281,25,25,1.0
6,7.0,cell,U4_Q_C_full_dim_U,4.0,25,25,1.0
6,7.0,cell,U4_Q_C_full_dim_Q,4.0,25,25,1.0
6,7.0,cell,U4_Q_C_full_shared_energy,0.1805433685674033,25,25,1.0
6,7.0,cell,U4_Q_C_full_purity,0.04513584214185079,25,25,1.0
6,7.0,cell,U4_Q_C_full_capture,0.04513584214185079,25,25,1.0
6,7.0,cell,U4_Q_C_full_expected_random_purity,0.04,25,25,1.0
6,7.0,cell,U4_Q_C_full_expected_random_capture,0.04,25,25,1.0
6,7.0,cell,U4_Q_C_full_excess_purity,0.005135842141850825,25,25,1.0
6,7.0,cell,U4_Q_C_full_excess_capture,0.005135842141850825,25,25,1.0
6,7.0,cell,U4_Q_C_full_largest_canonical_correlation,0.39922278725855065,25,25,1.0
6,7.0,cell,U4_Q_C_full_smallest_principal_angle,1.159387528673304,25,25,1.0
6,7.0,cell,UMP_Q_P4_dim_U,2.72,25,25,1.0
6,7.0,cell,UMP_Q_P4_dim_Q,4.0,25,25,1.0
6,7.0,cell,UMP_Q_P4_shared_energy,0.17413251437058364,25,25,1.0
6,7.0,cell,UMP_Q_P4_purity,0.06374578244364208,25,25,1.0
6,7.0,cell,UMP_Q_P4_capture,0.043533128592645874,25,25,1.0
6,7.0,cell,UMP_Q_P4_expected_random_purity,0.04,25,25,1.0
6,7.0,cell,UMP_Q_P4_expected_random_capture,0.0272,25,25,1.0
6,7.0,cell,UMP_Q_P4_excess_purity,0.02374578244364209,25,25,1.0
6,7.0,cell,UMP_Q_P4_excess_capture,0.01633312859264588,25,25,1.0
6,7.0,cell,UMP_Q_P4_largest_canonical_correlation,0.39374926185644715,25,25,1.0
6,7.0,cell,UMP_Q_P4_smallest_principal_angle,1.1652203053603256,25,25,1.0
6,7.0,cell,U4_Q_P4_dim_U,4.0,25,25,1.0
6,7.0,cell,U4_Q_P4_dim_Q,4.0,25,25,1.0
6,7.0,cell,U4_Q_P4_shared_energy,0.20426069449867656,25,25,1.0
6,7.0,cell,U4_Q_P4_purity,0.05106517362466911,25,25,1.0
6,7.0,cell,U4_Q_P4_capture,0.05106517362466911,25,25,1.0
6,7.0,cell,U4_Q_P4_expected_random_purity,0.04,25,25,1.0
6,7.0,cell,U4_Q_P4_expected_random_capture,0.04,25,25,1.0
6,7.0,cell,U4_Q_P4_excess_purity,0.011065173624669113,25,25,1.0
6,7.0,cell,U4_Q_P4_excess_capture,0.011065173624669113,25,25,1.0
6,7.0,cell,U4_Q_P4_largest_canonical_correlation,0.42349522001136947,25,25,1.0
6,7.0,cell,U4_Q_P4_smallest_principal_angle,1.1324802729461474,25,25,1.0
6,7.0,cell,QR_Q_F_dim_U,7.0,25,25,1.0
6,7.0,cell,QR_Q_F_dim_Q,5.0,25,25,1.0
6,7.0,cell,QR_Q_F_shared_energy,4.988239261639608,25,25,1.0
6,7.0,cell,QR_Q_F_purity,0.7126056088056584,25,25,1.0
6,7.0,cell,QR_Q_F_capture,0.9976478523279216,25,25,1.0
6,7.0,cell,QR_Q_F_expected_random_purity,0.05000000000000001,25,25,1.0
6,7.0,cell,QR_Q_F_expected_random_capture,0.07,25,25,1.0
6,7.0,cell,QR_Q_F_excess_purity,0.6626056088056582,25,25,1.0
6,7.0,cell,QR_Q_F_excess_capture,0.9276478523279217,25,25,1.0
6,7.0,cell,QR_Q_F_largest_canonical_correlation,0.9995182754557688,25,25,1.0
6,7.0,cell,QR_Q_F_smallest_principal_angle,0.031002562111988992,25,25,1.0
6,7.0,cell,QR_Q_C_dim_U,7.0,25,25,1.0
6,7.0,cell,QR_Q_C_dim_Q,3.0,25,25,1.0
6,7.0,cell,QR_Q_C_shared_energy,1.5066561880937415,25,25,1.0
6,7.0,cell,QR_Q_C_purity,0.21523659829910585,25,25,1.0
6,7.0,cell,QR_Q_C_capture,0.5022187293645805,25,25,1.0
6,7.0,cell,QR_Q_C_expected_random_purity,0.03,25,25,1.0
6,7.0,cell,QR_Q_C_expected_random_capture,0.07,25,25,1.0
6,7.0,cell,QR_Q_C_excess_purity,0.18523659829910588,25,25,1.0
6,7.0,cell,QR_Q_C_excess_capture,0.4322187293645804,25,25,1.0
6,7.0,cell,QR_Q_C_largest_canonical_correlation,0.9789838294866264,25,25,1.0
6,7.0,cell,QR_Q_C_smallest_principal_angle,0.20521687895575055,25,25,1.0
6,7.0,cell,QR_Q_C_unique_dim_U,7.0,25,25,1.0
6,7.0,cell,QR_Q_C_unique_dim_Q,3.0,25,25,1.0
6,7.0,cell,QR_Q_C_unique_shared_energy,1.3880552942364557,25,25,1.0
6,7.0,cell,QR_Q_C_unique_purity,0.19829361346235075,25,25,1.0
6,7.0,cell,QR_Q_C_unique_capture,0.4626850980788184,25,25,1.0
6,7.0,cell,QR_Q_C_unique_expected_random_purity,0.03,25,25,1.0
6,7.0,cell,QR_Q_C_unique_expected_random_capture,0.07,25,25,1.0
6,7.0,cell,QR_Q_C_unique_excess_purity,0.16829361346235072,25,25,1.0
6,7.0,cell,QR_Q_C_unique_excess_capture,0.3926850980788184,25,25,1.0
6,7.0,cell,QR_Q_C_unique_largest_canonical_correlation,0.9755333370501339,25,25,1.0
6,7.0,cell,QR_Q_C_unique_smallest_principal_angle,0.2214634818242792,25,25,1.0
6,7.0,cell,QR_Q_C_full_dim_U,7.0,25,25,1.0
6,7.0,cell,QR_Q_C_full_dim_Q,4.0,25,25,1.0
6,7.0,cell,QR_Q_C_full_shared_energy,2.0115257642369966,25,25,1.0
6,7.0,cell,QR_Q_C_full_purity,0.28736082346242803,25,25,1.0
6,7.0,cell,QR_Q_C_full_capture,0.502881441059249,25,25,1.0
6,7.0,cell,QR_Q_C_full_expected_random_purity,0.04,25,25,1.0
6,7.0,cell,QR_Q_C_full_expected_random_capture,0.07,25,25,1.0
6,7.0,cell,QR_Q_C_full_excess_purity,0.247360823462428,25,25,1.0
6,7.0,cell,QR_Q_C_full_excess_capture,0.4328814410592491,25,25,1.0
6,7.0,cell,QR_Q_C_full_largest_canonical_correlation,0.9792182855617607,25,25,1.0
6,7.0,cell,QR_Q_C_full_smallest_principal_angle,0.20404860351195264,25,25,1.0
6,7.0,cell,QR_Q_P4_dim_U,7.0,25,25,1.0
6,7.0,cell,QR_Q_P4_dim_Q,4.0,25,25,1.0
6,7.0,cell,QR_Q_P4_shared_energy,2.0825285909501527,25,25,1.0
6,7.0,cell,QR_Q_P4_purity,0.2975040844214503,25,25,1.0
6,7.0,cell,QR_Q_P4_capture,0.5206321477375382,25,25,1.0
6,7.0,cell,QR_Q_P4_expected_random_purity,0.04,25,25,1.0
6,7.0,cell,QR_Q_P4_expected_random_capture,0.07,25,25,1.0
6,7.0,cell,QR_Q_P4_excess_purity,0.25750408442145034,25,25,1.0
6,7.0,cell,QR_Q_P4_excess_capture,0.45063214773753807,25,25,1.0
6,7.0,cell,QR_Q_P4_largest_canonical_correlation,0.9902064670582748,25,25,1.0
6,7.0,cell,QR_Q_P4_smallest_principal_angle,0.13999738608419066,25,25,1.0
7,3.0,cell,UMP_Q_F_dim_U,4.0,25,25,1.0
7,3.0,cell,UMP_Q_F_dim_Q,5.0,25,25,1.0
7,3.0,cell,UMP_Q_F_shared_energy,1.9664169177045216,25,25,1.0
7,3.0,cell,UMP_Q_F_purity,0.4916042294261304,25,25,1.0
7,3.0,cell,UMP_Q_F_capture,0.39328338354090436,25,25,1.0
7,3.0,cell,UMP_Q_F_expected_random_purity,0.05000000000000001,25,25,1.0
7,3.0,cell,UMP_Q_F_expected_random_capture,0.04,25,25,1.0
7,3.0,cell,UMP_Q_F_excess_purity,0.4416042294261305,25,25,1.0
7,3.0,cell,UMP_Q_F_excess_capture,0.3532833835409043,25,25,1.0
7,3.0,cell,UMP_Q_F_largest_canonical_correlation,0.9924731708088115,25,25,1.0
7,3.0,cell,UMP_Q_F_smallest_principal_angle,0.12263327244457789,25,25,1.0
7,3.0,cell,U4_Q_F_dim_U,4.0,25,25,1.0
7,3.0,cell,U4_Q_F_dim_Q,5.0,25,25,1.0
7,3.0,cell,U4_Q_F_shared_energy,1.9664169177045216,25,25,1.0
7,3.0,cell,U4_Q_F_purity,0.4916042294261304,25,25,1.0
7,3.0,cell,U4_Q_F_capture,0.39328338354090436,25,25,1.0
7,3.0,cell,U4_Q_F_expected_random_purity,0.05000000000000001,25,25,1.0
7,3.0,cell,U4_Q_F_expected_random_capture,0.04,25,25,1.0
7,3.0,cell,U4_Q_F_excess_purity,0.4416042294261305,25,25,1.0
7,3.0,cell,U4_Q_F_excess_capture,0.3532833835409043,25,25,1.0
7,3.0,cell,U4_Q_F_largest_canonical_correlation,0.9924731708088115,25,25,1.0
7,3.0,cell,U4_Q_F_smallest_principal_angle,0.12263327244457789,25,25,1.0
7,3.0,cell,UMP_Q_F_unique_dim_U,4.0,25,25,1.0
7,3.0,cell,UMP_Q_F_unique_dim_Q,5.0,25,25,1.0
7,3.0,cell,UMP_Q_F_unique_shared_energy,1.9868333338030215,25,25,1.0
7,3.0,cell,UMP_Q_F_unique_purity,0.4967083334507554,25,25,1.0
7,3.0,cell,UMP_Q_F_unique_capture,0.3973666667606043,25,25,1.0
7,3.0,cell,UMP_Q_F_unique_expected_random_purity,0.05000000000000001,25,25,1.0
7,3.0,cell,UMP_Q_F_unique_expected_random_capture,0.04,25,25,1.0
7,3.0,cell,UMP_Q_F_unique_excess_purity,0.44670833345075545,25,25,1.0
7,3.0,cell,UMP_Q_F_unique_excess_capture,0.3573666667606043,25,25,1.0
7,3.0,cell,UMP_Q_F_unique_largest_canonical_correlation,0.9906498997920297,25,25,1.0
7,3.0,cell,UMP_Q_F_unique_smallest_principal_angle,0.13676281731744122,25,25,1.0
7,3.0,cell,U4_Q_F_unique_dim_U,4.0,25,25,1.0
7,3.0,cell,U4_Q_F_unique_dim_Q,5.0,25,25,1.0
7,3.0,cell,U4_Q_F_unique_shared_energy,1.9868333338030215,25,25,1.0
7,3.0,cell,U4_Q_F_unique_purity,0.4967083334507554,25,25,1.0
7,3.0,cell,U4_Q_F_unique_capture,0.3973666667606043,25,25,1.0
7,3.0,cell,U4_Q_F_unique_expected_random_purity,0.05000000000000001,25,25,1.0
7,3.0,cell,U4_Q_F_unique_expected_random_capture,0.04,25,25,1.0
7,3.0,cell,U4_Q_F_unique_excess_purity,0.44670833345075545,25,25,1.0
7,3.0,cell,U4_Q_F_unique_excess_capture,0.3573666667606043,25,25,1.0
7,3.0,cell,U4_Q_F_unique_largest_canonical_correlation,0.9906498997920297,25,25,1.0
7,3.0,cell,U4_Q_F_unique_smallest_principal_angle,0.13676281731744122,25,25,1.0
7,3.0,cell,UMP_Q_C_dim_U,4.0,25,25,1.0
7,3.0,cell,UMP_Q_C_dim_Q,3.0,25,25,1.0
7,3.0,cell,UMP_Q_C_shared_energy,1.3011534120828037,25,25,1.0
7,3.0,cell,UMP_Q_C_purity,0.32528835302070086,25,25,1.0
7,3.0,cell,UMP_Q_C_capture,0.43371780402760124,25,25,1.0
7,3.0,cell,UMP_Q_C_expected_random_purity,0.03,25,25,1.0
7,3.0,cell,UMP_Q_C_expected_random_capture,0.04,25,25,1.0
7,3.0,cell,UMP_Q_C_excess_purity,0.2952883530207009,25,25,1.0
7,3.0,cell,UMP_Q_C_excess_capture,0.39371780402760115,25,25,1.0
7,3.0,cell,UMP_Q_C_largest_canonical_correlation,0.9369670406030558,25,25,1.0
7,3.0,cell,UMP_Q_C_smallest_principal_angle,0.35688220944752375,25,25,1.0
7,3.0,cell,U4_Q_C_dim_U,4.0,25,25,1.0
7,3.0,cell,U4_Q_C_dim_Q,3.0,25,25,1.0
7,3.0,cell,U4_Q_C_shared_energy,1.3011534120828037,25,25,1.0
7,3.0,cell,U4_Q_C_purity,0.32528835302070086,25,25,1.0
7,3.0,cell,U4_Q_C_capture,0.43371780402760124,25,25,1.0
7,3.0,cell,U4_Q_C_expected_random_purity,0.03,25,25,1.0
7,3.0,cell,U4_Q_C_expected_random_capture,0.04,25,25,1.0
7,3.0,cell,U4_Q_C_excess_purity,0.2952883530207009,25,25,1.0
7,3.0,cell,U4_Q_C_excess_capture,0.39371780402760115,25,25,1.0
7,3.0,cell,U4_Q_C_largest_canonical_correlation,0.9369670406030558,25,25,1.0
7,3.0,cell,U4_Q_C_smallest_principal_angle,0.35688220944752375,25,25,1.0
7,3.0,cell,UMP_Q_C_unique_dim_U,4.0,25,25,1.0
7,3.0,cell,UMP_Q_C_unique_dim_Q,3.0,25,25,1.0
7,3.0,cell,UMP_Q_C_unique_shared_energy,1.3215698281813013,25,25,1.0
7,3.0,cell,UMP_Q_C_unique_purity,0.3303924570453253,25,25,1.0
7,3.0,cell,UMP_Q_C_unique_capture,0.4405232760604337,25,25,1.0
7,3.0,cell,UMP_Q_C_unique_expected_random_purity,0.03,25,25,1.0
7,3.0,cell,UMP_Q_C_unique_expected_random_capture,0.04,25,25,1.0
7,3.0,cell,UMP_Q_C_unique_excess_purity,0.30039245704532525,25,25,1.0
7,3.0,cell,UMP_Q_C_unique_excess_capture,0.40052327606043386,25,25,1.0
7,3.0,cell,UMP_Q_C_unique_largest_canonical_correlation,0.9508437908627744,25,25,1.0
7,3.0,cell,UMP_Q_C_unique_smallest_principal_angle,0.3147882807317407,25,25,1.0
7,3.0,cell,U4_Q_C_unique_dim_U,4.0,25,25,1.0
7,3.0,cell,U4_Q_C_unique_dim_Q,3.0,25,25,1.0
7,3.0,cell,U4_Q_C_unique_shared_energy,1.3215698281813013,25,25,1.0
7,3.0,cell,U4_Q_C_unique_purity,0.3303924570453253,25,25,1.0
7,3.0,cell,U4_Q_C_unique_capture,0.4405232760604337,25,25,1.0
7,3.0,cell,U4_Q_C_unique_expected_random_purity,0.03,25,25,1.0
7,3.0,cell,U4_Q_C_unique_expected_random_capture,0.04,25,25,1.0
7,3.0,cell,U4_Q_C_unique_excess_purity,0.30039245704532525,25,25,1.0
7,3.0,cell,U4_Q_C_unique_excess_capture,0.40052327606043386,25,25,1.0
7,3.0,cell,U4_Q_C_unique_largest_canonical_correlation,0.9508437908627744,25,25,1.0
7,3.0,cell,U4_Q_C_unique_smallest_principal_angle,0.3147882807317407,25,25,1.0
7,3.0,cell,UMP_Q_C_full_dim_U,4.0,25,25,1.0
7,3.0,cell,UMP_Q_C_full_dim_Q,4.0,25,25,1.0
7,3.0,cell,UMP_Q_C_full_shared_energy,1.7395666122021338,25,25,1.0
7,3.0,cell,UMP_Q_C_full_purity,0.43489165305053346,25,25,1.0
7,3.0,cell,UMP_Q_C_full_capture,0.43489165305053346,25,25,1.0
7,3.0,cell,UMP_Q_C_full_expected_random_purity,0.04,25,25,1.0
7,3.0,cell,UMP_Q_C_full_expected_random_capture,0.04,25,25,1.0
7,3.0,cell,UMP_Q_C_full_excess_purity,0.3948916530505335,25,25,1.0
7,3.0,cell,UMP_Q_C_full_excess_capture,0.3948916530505335,25,25,1.0
7,3.0,cell,UMP_Q_C_full_largest_canonical_correlation,0.9396379909315469,25,25,1.0
7,3.0,cell,UMP_Q_C_full_smallest_principal_angle,0.34906590294972406,25,25,1.0
7,3.0,cell,U4_Q_C_full_dim_U,4.0,25,25,1.0
7,3.0,cell,U4_Q_C_full_dim_Q,4.0,25,25,1.0
7,3.0,cell,U4_Q_C_full_shared_energy,1.7395666122021338,25,25,1.0
7,3.0,cell,U4_Q_C_full_purity,0.43489165305053346,25,25,1.0
7,3.0,cell,U4_Q_C_full_capture,0.43489165305053346,25,25,1.0
7,3.0,cell,U4_Q_C_full_expected_random_purity,0.04,25,25,1.0
7,3.0,cell,U4_Q_C_full_expected_random_capture,0.04,25,25,1.0
7,3.0,cell,U4_Q_C_full_excess_purity,0.3948916530505335,25,25,1.0
7,3.0,cell,U4_Q_C_full_excess_capture,0.3948916530505335,25,25,1.0
7,3.0,cell,U4_Q_C_full_largest_canonical_correlation,0.9396379909315469,25,25,1.0
7,3.0,cell,U4_Q_C_full_smallest_principal_angle,0.34906590294972406,25,25,1.0
7,3.0,cell,UMP_Q_P4_dim_U,4.0,25,25,1.0
7,3.0,cell,UMP_Q_P4_dim_Q,4.0,25,25,1.0
7,3.0,cell,UMP_Q_P4_shared_energy,1.7604964128908245,25,25,1.0
7,3.0,cell,UMP_Q_P4_purity,0.4401241032227061,25,25,1.0
7,3.0,cell,UMP_Q_P4_capture,0.4401241032227061,25,25,1.0
7,3.0,cell,UMP_Q_P4_expected_random_purity,0.04,25,25,1.0
7,3.0,cell,UMP_Q_P4_expected_random_capture,0.04,25,25,1.0
7,3.0,cell,UMP_Q_P4_excess_purity,0.4001241032227061,25,25,1.0
7,3.0,cell,UMP_Q_P4_excess_capture,0.4001241032227061,25,25,1.0
7,3.0,cell,UMP_Q_P4_largest_canonical_correlation,0.9456273338833511,25,25,1.0
7,3.0,cell,UMP_Q_P4_smallest_principal_angle,0.33114854921252224,25,25,1.0
7,3.0,cell,U4_Q_P4_dim_U,4.0,25,25,1.0
7,3.0,cell,U4_Q_P4_dim_Q,4.0,25,25,1.0
7,3.0,cell,U4_Q_P4_shared_energy,1.7604964128908245,25,25,1.0
7,3.0,cell,U4_Q_P4_purity,0.4401241032227061,25,25,1.0
7,3.0,cell,U4_Q_P4_capture,0.4401241032227061,25,25,1.0
7,3.0,cell,U4_Q_P4_expected_random_purity,0.04,25,25,1.0
7,3.0,cell,U4_Q_P4_expected_random_capture,0.04,25,25,1.0
7,3.0,cell,U4_Q_P4_excess_purity,0.4001241032227061,25,25,1.0
7,3.0,cell,U4_Q_P4_excess_capture,0.4001241032227061,25,25,1.0
7,3.0,cell,U4_Q_P4_largest_canonical_correlation,0.9456273338833511,25,25,1.0
7,3.0,cell,U4_Q_P4_smallest_principal_angle,0.33114854921252224,25,25,1.0
7,3.0,cell,QR_Q_F_dim_U,3.0,25,25,1.0
7,3.0,cell,QR_Q_F_dim_Q,5.0,25,25,1.0
7,3.0,cell,QR_Q_F_shared_energy,2.989889455723834,25,25,1.0
7,3.0,cell,QR_Q_F_purity,0.9966298185746113,25,25,1.0
7,3.0,cell,QR_Q_F_capture,0.5979778911447667,25,25,1.0
7,3.0,cell,QR_Q_F_expected_random_purity,0.05000000000000001,25,25,1.0
7,3.0,cell,QR_Q_F_expected_random_capture,0.03,25,25,1.0
7,3.0,cell,QR_Q_F_excess_purity,0.9466298185746111,25,25,1.0
7,3.0,cell,QR_Q_F_excess_capture,0.5679778911447668,25,25,1.0
7,3.0,cell,QR_Q_F_largest_canonical_correlation,0.9993819750798896,25,25,1.0
7,3.0,cell,QR_Q_F_smallest_principal_angle,0.03504354760167309,25,25,1.0
7,3.0,cell,QR_Q_C_dim_U,3.0,25,25,1.0
7,3.0,cell,QR_Q_C_dim_Q,3.0,25,25,1.0
7,3.0,cell,QR_Q_C_shared_energy,0.0354364388492294,25,25,1.0
7,3.0,cell,QR_Q_C_purity,0.011812146283076428,25,25,1.0
7,3.0,cell,QR_Q_C_capture,0.011812146283076428,25,25,1.0
7,3.0,cell,QR_Q_C_expected_random_purity,0.03,25,25,1.0
7,3.0,cell,QR_Q_C_expected_random_capture,0.03,25,25,1.0
7,3.0,cell,QR_Q_C_excess_purity,-0.018187853716923472,25,25,1.0
7,3.0,cell,QR_Q_C_excess_capture,-0.018187853716923472,25,25,1.0
7,3.0,cell,QR_Q_C_largest_canonical_correlation,0.17501905296622605,25,25,1.0
7,3.0,cell,QR_Q_C_smallest_principal_angle,1.394858449473233,25,25,1.0
7,3.0,cell,QR_Q_C_unique_dim_U,3.0,25,25,1.0
7,3.0,cell,QR_Q_C_unique_dim_Q,3.0,25,25,1.0
7,3.0,cell,QR_Q_C_unique_shared_energy,0.004381329340193512,25,25,1.0
7,3.0,cell,QR_Q_C_unique_purity,0.001460443113397808,25,25,1.0
7,3.0,cell,QR_Q_C_unique_capture,0.001460443113397808,25,25,1.0
7,3.0,cell,QR_Q_C_unique_expected_random_purity,0.03,25,25,1.0
7,3.0,cell,QR_Q_C_unique_expected_random_capture,0.03,25,25,1.0
7,3.0,cell,QR_Q_C_unique_excess_purity,-0.028539556886602094,25,25,1.0
7,3.0,cell,QR_Q_C_unique_excess_capture,-0.028539556886602094,25,25,1.0
7,3.0,cell,QR_Q_C_unique_largest_canonical_correlation,0.06540681113234684,25,25,1.0
7,3.0,cell,QR_Q_C_unique_smallest_principal_angle,1.5053417443762322,25,25,1.0
7,3.0,cell,QR_Q_C_full_dim_U,3.0,25,25,1.0
7,3.0,cell,QR_Q_C_full_dim_Q,4.0,25,25,1.0
7,3.0,cell,QR_Q_C_full_shared_energy,0.11314926345454347,25,25,1.0
7,3.0,cell,QR_Q_C_full_purity,0.03771642115151446,25,25,1.0
7,3.0,cell,QR_Q_C_full_capture,0.02828731586363583,25,25,1.0
7,3.0,cell,QR_Q_C_full_expected_random_purity,0.04,25,25,1.0
7,3.0,cell,QR_Q_C_full_expected_random_capture,0.03,25,25,1.0
7,3.0,cell,QR_Q_C_full_excess_purity,-0.002283578848485488,25,25,1.0
7,3.0,cell,QR_Q_C_full_excess_capture,-0.001712684136364116,25,25,1.0
7,3.0,cell,QR_Q_C_full_largest_canonical_correlation,0.3257341692401303,25,25,1.0
7,3.0,cell,QR_Q_C_full_smallest_principal_angle,1.2388863049602665,25,25,1.0
7,3.0,cell,QR_Q_P4_dim_U,3.0,25,25,1.0
7,3.0,cell,QR_Q_P4_dim_Q,4.0,25,25,1.0
7,3.0,cell,QR_Q_P4_shared_energy,0.10524048045385527,25,25,1.0
7,3.0,cell,QR_Q_P4_purity,0.03508016015128506,25,25,1.0
7,3.0,cell,QR_Q_P4_capture,0.026310120113463786,25,25,1.0
7,3.0,cell,QR_Q_P4_expected_random_purity,0.04,25,25,1.0
7,3.0,cell,QR_Q_P4_expected_random_capture,0.03,25,25,1.0
7,3.0,cell,QR_Q_P4_excess_purity,-0.00491983984871484,25,25,1.0
7,3.0,cell,QR_Q_P4_excess_capture,-0.003689879886536116,25,25,1.0
7,3.0,cell,QR_Q_P4_largest_canonical_correlation,0.3024644531482069,25,25,1.0
7,3.0,cell,QR_Q_P4_smallest_principal_angle,1.2634479163960621,25,25,1.0
7,5.0,cell,UMP_Q_F_dim_U,2.0,25,25,1.0
7,5.0,cell,UMP_Q_F_dim_Q,5.0,25,25,1.0
7,5.0,cell,UMP_Q_F_shared_energy,0.0068488221498125565,25,25,1.0
7,5.0,cell,UMP_Q_F_purity,0.0034244110749062436,25,25,1.0
7,5.0,cell,UMP_Q_F_capture,0.0013697644299624679,25,25,1.0
7,5.0,cell,UMP_Q_F_expected_random_purity,0.05000000000000001,25,25,1.0
7,5.0,cell,UMP_Q_F_expected_random_capture,0.02,25,25,1.0
7,5.0,cell,UMP_Q_F_excess_purity,-0.04657558892509367,25,25,1.0
7,5.0,cell,UMP_Q_F_excess_capture,-0.018630235570037432,25,25,1.0
7,5.0,cell,UMP_Q_F_largest_canonical_correlation,0.0789546845109801,25,25,1.0
7,5.0,cell,UMP_Q_F_smallest_principal_angle,1.4917546505735484,25,25,1.0
7,5.0,cell,U4_Q_F_dim_U,4.0,25,25,1.0
7,5.0,cell,U4_Q_F_dim_Q,5.0,25,25,1.0
7,5.0,cell,U4_Q_F_shared_energy,0.007366532990475964,25,25,1.0
7,5.0,cell,U4_Q_F_purity,0.001841633247618952,25,25,1.0
7,5.0,cell,U4_Q_F_capture,0.001473306598095156,25,25,1.0
7,5.0,cell,U4_Q_F_expected_random_purity,0.05000000000000001,25,25,1.0
7,5.0,cell,U4_Q_F_expected_random_capture,0.04,25,25,1.0
7,5.0,cell,U4_Q_F_excess_purity,-0.048158366752380964,25,25,1.0
7,5.0,cell,U4_Q_F_excess_capture,-0.03852669340190475,25,25,1.0
7,5.0,cell,U4_Q_F_largest_canonical_correlation,0.07918606691806017,25,25,1.0
7,5.0,cell,U4_Q_F_smallest_principal_angle,1.4915223631945635,25,25,1.0
7,5.0,cell,UMP_Q_F_unique_dim_U,2.0,25,25,1.0
7,5.0,cell,UMP_Q_F_unique_dim_Q,5.0,25,25,1.0
7,5.0,cell,UMP_Q_F_unique_shared_energy,0.04915560747559503,25,25,1.0
7,5.0,cell,UMP_Q_F_unique_purity,0.0245778037377975,25,25,1.0
7,5.0,cell,UMP_Q_F_unique_capture,0.009831121495118972,25,25,1.0
7,5.0,cell,UMP_Q_F_unique_expected_random_purity,0.05000000000000001,25,25,1.0
7,5.0,cell,UMP_Q_F_unique_expected_random_capture,0.02,25,25,1.0
7,5.0,cell,UMP_Q_F_unique_excess_purity,-0.025422196262202407,25,25,1.0
7,5.0,cell,UMP_Q_F_unique_excess_capture,-0.010168878504880931,25,25,1.0
7,5.0,cell,UMP_Q_F_unique_largest_canonical_correlation,0.2093626039925339,25,25,1.0
7,5.0,cell,UMP_Q_F_unique_smallest_principal_angle,1.3598628554136802,25,25,1.0
7,5.0,cell,U4_Q_F_unique_dim_U,4.0,25,25,1.0
7,5.0,cell,U4_Q_F_unique_dim_Q,5.0,25,25,1.0
7,5.0,cell,U4_Q_F_unique_shared_energy,0.05034560534840879,25,25,1.0
7,5.0,cell,U4_Q_F_unique_purity,0.012586401337102156,25,25,1.0
7,5.0,cell,U4_Q_F_unique_capture,0.010069121069681712,25,25,1.0
7,5.0,cell,U4_Q_F_unique_expected_random_purity,0.05000000000000001,25,25,1.0
7,5.0,cell,U4_Q_F_unique_expected_random_capture,0.04,25,25,1.0
7,5.0,cell,U4_Q_F_unique_excess_purity,-0.03741359866289774,25,25,1.0
7,5.0,cell,U4_Q_F_unique_excess_capture,-0.02993087893031819,25,25,1.0
7,5.0,cell,U4_Q_F_unique_largest_canonical_correlation,0.20976998374261188,25,25,1.0
7,5.0,cell,U4_Q_F_unique_smallest_principal_angle,1.359446163970364,25,25,1.0
7,5.0,cell,UMP_Q_C_dim_U,2.0,25,25,1.0
7,5.0,cell,UMP_Q_C_dim_Q,3.0,25,25,1.0
7,5.0,cell,UMP_Q_C_shared_energy,1.3424477390334035,25,25,1.0
7,5.0,cell,UMP_Q_C_purity,0.6712238695167018,25,25,1.0
7,5.0,cell,UMP_Q_C_capture,0.4474825796778012,25,25,1.0
7,5.0,cell,UMP_Q_C_expected_random_purity,0.03,25,25,1.0
7,5.0,cell,UMP_Q_C_expected_random_capture,0.02,25,25,1.0
7,5.0,cell,UMP_Q_C_excess_purity,0.6412238695167018,25,25,1.0
7,5.0,cell,UMP_Q_C_excess_capture,0.4274825796778012,25,25,1.0
7,5.0,cell,UMP_Q_C_largest_canonical_correlation,0.9539364346533321,25,25,1.0
7,5.0,cell,UMP_Q_C_smallest_principal_angle,0.3046451467600285,25,25,1.0
7,5.0,cell,U4_Q_C_dim_U,4.0,25,25,1.0
7,5.0,cell,U4_Q_C_dim_Q,3.0,25,25,1.0
7,5.0,cell,U4_Q_C_shared_energy,1.5666362747247558,25,25,1.0
7,5.0,cell,U4_Q_C_purity,0.39165906868118894,25,25,1.0
7,5.0,cell,U4_Q_C_capture,0.5222120915749187,25,25,1.0
7,5.0,cell,U4_Q_C_expected_random_purity,0.03,25,25,1.0
7,5.0,cell,U4_Q_C_expected_random_capture,0.04,25,25,1.0
7,5.0,cell,U4_Q_C_excess_purity,0.3616590686811889,25,25,1.0
7,5.0,cell,U4_Q_C_excess_capture,0.48221209157491857,25,25,1.0
7,5.0,cell,U4_Q_C_largest_canonical_correlation,0.9545462609106675,25,25,1.0
7,5.0,cell,U4_Q_C_smallest_principal_angle,0.3025899921312072,25,25,1.0
7,5.0,cell,UMP_Q_C_unique_dim_U,2.0,25,25,1.0
7,5.0,cell,UMP_Q_C_unique_dim_Q,3.0,25,25,1.0
7,5.0,cell,UMP_Q_C_unique_shared_energy,1.3847545243591863,25,25,1.0
7,5.0,cell,UMP_Q_C_unique_purity,0.6923772621795932,25,25,1.0
7,5.0,cell,UMP_Q_C_unique_capture,0.46158484145306206,25,25,1.0
7,5.0,cell,UMP_Q_C_unique_expected_random_purity,0.03,25,25,1.0
7,5.0,cell,UMP_Q_C_unique_expected_random_capture,0.02,25,25,1.0
7,5.0,cell,UMP_Q_C_unique_excess_purity,0.6623772621795933,25,25,1.0
7,5.0,cell,UMP_Q_C_unique_excess_capture,0.441584841453062,25,25,1.0
7,5.0,cell,UMP_Q_C_unique_largest_canonical_correlation,0.974266032492466,25,25,1.0
7,5.0,cell,UMP_Q_C_unique_smallest_principal_angle,0.22731747449972403,25,25,1.0
7,5.0,cell,U4_Q_C_unique_dim_U,4.0,25,25,1.0
7,5.0,cell,U4_Q_C_unique_dim_Q,3.0,25,25,1.0
7,5.0,cell,U4_Q_C_unique_shared_energy,1.6096153470826886,25,25,1.0
7,5.0,cell,U4_Q_C_unique_purity,0.40240383677067215,25,25,1.0
7,5.0,cell,U4_Q_C_unique_capture,0.5365384490275629,25,25,1.0
7,5.0,cell,U4_Q_C_unique_expected_random_purity,0.03,25,25,1.0
7,5.0,cell,U4_Q_C_unique_expected_random_capture,0.04,25,25,1.0
7,5.0,cell,U4_Q_C_unique_excess_purity,0.37240383677067224,25,25,1.0
7,5.0,cell,U4_Q_C_unique_excess_capture,0.4965384490275629,25,25,1.0
7,5.0,cell,U4_Q_C_unique_largest_canonical_correlation,0.9748352461743552,25,25,1.0
7,5.0,cell,U4_Q_C_unique_smallest_principal_angle,0.2247649417123366,25,25,1.0
7,5.0,cell,UMP_Q_C_full_dim_U,2.0,25,25,1.0
7,5.0,cell,UMP_Q_C_full_dim_Q,4.0,25,25,1.0
7,5.0,cell,UMP_Q_C_full_shared_energy,1.7904512216815152,25,25,1.0
7,5.0,cell,UMP_Q_C_full_purity,0.8952256108407576,25,25,1.0
7,5.0,cell,UMP_Q_C_full_capture,0.44761280542037873,25,25,1.0
7,5.0,cell,UMP_Q_C_full_expected_random_purity,0.04,25,25,1.0
7,5.0,cell,UMP_Q_C_full_expected_random_capture,0.02,25,25,1.0
7,5.0,cell,UMP_Q_C_full_excess_purity,0.8552256108407577,25,25,1.0
7,5.0,cell,UMP_Q_C_full_excess_capture,0.4276128054203787,25,25,1.0
7,5.0,cell,UMP_Q_C_full_largest_canonical_correlation,0.9578321776103863,25,25,1.0
7,5.0,cell,UMP_Q_C_full_smallest_principal_angle,0.29126112091850404,25,25,1.0
7,5.0,cell,U4_Q_C_full_dim_U,4.0,25,25,1.0
7,5.0,cell,U4_Q_C_full_dim_Q,4.0,25,25,1.0
7,5.0,cell,U4_Q_C_full_shared_energy,2.0737035829107744,25,25,1.0
7,5.0,cell,U4_Q_C_full_purity,0.5184258957276936,25,25,1.0
7,5.0,cell,U4_Q_C_full_capture,0.5184258957276936,25,25,1.0
7,5.0,cell,U4_Q_C_full_expected_random_purity,0.04,25,25,1.0
7,5.0,cell,U4_Q_C_full_expected_random_capture,0.04,25,25,1.0
7,5.0,cell,U4_Q_C_full_excess_purity,0.4784258957276937,25,25,1.0
7,5.0,cell,U4_Q_C_full_excess_capture,0.4784258957276937,25,25,1.0
7,5.0,cell,U4_Q_C_full_largest_canonical_correlation,0.9591086425272488,25,25,1.0
7,5.0,cell,U4_Q_C_full_smallest_principal_angle,0.28670978665450675,25,25,1.0
7,5.0,cell,UMP_Q_P4_dim_U,2.0,25,25,1.0
7,5.0,cell,UMP_Q_P4_dim_Q,4.0,25,25,1.0
7,5.0,cell,UMP_Q_P4_shared_energy,1.8227642235499695,25,25,1.0
7,5.0,cell,UMP_Q_P4_purity,0.9113821117749847,25,25,1.0
7,5.0,cell,UMP_Q_P4_capture,0.45569105588749237,25,25,1.0
7,5.0,cell,UMP_Q_P4_expected_random_purity,0.04,25,25,1.0
7,5.0,cell,UMP_Q_P4_expected_random_capture,0.02,25,25,1.0
7,5.0,cell,UMP_Q_P4_excess_purity,0.8713821117749848,25,25,1.0
7,5.0,cell,UMP_Q_P4_excess_capture,0.4356910558874924,25,25,1.0
7,5.0,cell,UMP_Q_P4_largest_canonical_correlation,0.9662445268178409,25,25,1.0
7,5.0,cell,UMP_Q_P4_smallest_principal_angle,0.26007415083188895,25,25,1.0
7,5.0,cell,U4_Q_P4_dim_U,4.0,25,25,1.0
7,5.0,cell,U4_Q_P4_dim_Q,4.0,25,25,1.0
7,5.0,cell,U4_Q_P4_shared_energy,2.0823690132737798,25,25,1.0
7,5.0,cell,U4_Q_P4_purity,0.5205922533184449,25,25,1.0
7,5.0,cell,U4_Q_P4_capture,0.5205922533184449,25,25,1.0
7,5.0,cell,U4_Q_P4_expected_random_purity,0.04,25,25,1.0
7,5.0,cell,U4_Q_P4_expected_random_capture,0.04,25,25,1.0
7,5.0,cell,U4_Q_P4_excess_purity,0.48059225331844485,25,25,1.0
7,5.0,cell,U4_Q_P4_excess_capture,0.48059225331844485,25,25,1.0
7,5.0,cell,U4_Q_P4_largest_canonical_correlation,0.9672621361758007,25,25,1.0
7,5.0,cell,U4_Q_P4_smallest_principal_angle,0.25600412865654787,25,25,1.0
7,5.0,cell,QR_Q_F_dim_U,5.0,25,25,1.0
7,5.0,cell,QR_Q_F_dim_Q,5.0,25,25,1.0
7,5.0,cell,QR_Q_F_shared_energy,4.978960212936845,25,25,1.0
7,5.0,cell,QR_Q_F_purity,0.9957920425873692,25,25,1.0
7,5.0,cell,QR_Q_F_capture,0.9957920425873692,25,25,1.0
7,5.0,cell,QR_Q_F_expected_random_purity,0.05000000000000001,25,25,1.0
7,5.0,cell,QR_Q_F_expected_random_capture,0.05000000000000001,25,25,1.0
7,5.0,cell,QR_Q_F_excess_purity,0.945792042587369,25,25,1.0
7,5.0,cell,QR_Q_F_excess_capture,0.945792042587369,25,25,1.0
7,5.0,cell,QR_Q_F_largest_canonical_correlation,0.9993998594957318,25,25,1.0
7,5.0,cell,QR_Q_F_smallest_principal_angle,0.03453295730332152,25,25,1.0
7,5.0,cell,QR_Q_C_dim_U,5.0,25,25,1.0
7,5.0,cell,QR_Q_C_dim_Q,3.0,25,25,1.0
7,5.0,cell,QR_Q_C_shared_energy,0.053958044421677995,25,25,1.0
7,5.0,cell,QR_Q_C_purity,0.010791608884335566,25,25,1.0
7,5.0,cell,QR_Q_C_capture,0.01798601480722596,25,25,1.0
7,5.0,cell,QR_Q_C_expected_random_purity,0.03,25,25,1.0
7,5.0,cell,QR_Q_C_expected_random_capture,0.05000000000000001,25,25,1.0
7,5.0,cell,QR_Q_C_excess_purity,-0.01920839111566434,25,25,1.0
7,5.0,cell,QR_Q_C_excess_capture,-0.032013985192773944,25,25,1.0
7,5.0,cell,QR_Q_C_largest_canonical_correlation,0.20383370464520856,25,25,1.0
7,5.0,cell,QR_Q_C_smallest_principal_angle,1.3655168734643894,25,25,1.0
7,5.0,cell,QR_Q_C_unique_dim_U,5.0,25,25,1.0
7,5.0,cell,QR_Q_C_unique_dim_Q,3.0,25,25,1.0
7,5.0,cell,QR_Q_C_unique_shared_energy,0.005308930535736321,25,25,1.0
7,5.0,cell,QR_Q_C_unique_purity,0.0010617861071472241,25,25,1.0
7,5.0,cell,QR_Q_C_unique_capture,0.0017696435119120722,25,25,1.0
7,5.0,cell,QR_Q_C_unique_expected_random_purity,0.03,25,25,1.0
7,5.0,cell,QR_Q_C_unique_expected_random_capture,0.05000000000000001,25,25,1.0
7,5.0,cell,QR_Q_C_unique_excess_purity,-0.02893821389285268,25,25,1.0
7,5.0,cell,QR_Q_C_unique_excess_capture,-0.048230356488087836,25,25,1.0
7,5.0,cell,QR_Q_C_unique_largest_canonical_correlation,0.0688636129727611,25,25,1.0
7,5.0,cell,QR_Q_C_unique_smallest_principal_angle,1.5018761317951632,25,25,1.0
7,5.0,cell,QR_Q_C_full_dim_U,5.0,25,25,1.0
7,5.0,cell,QR_Q_C_full_dim_Q,4.0,25,25,1.0
7,5.0,cell,QR_Q_C_full_shared_energy,0.14734738029433586,25,25,1.0
7,5.0,cell,QR_Q_C_full_purity,0.029469476058867135,25,25,1.0
7,5.0,cell,QR_Q_C_full_capture,0.03683684507358392,25,25,1.0
7,5.0,cell,QR_Q_C_full_expected_random_purity,0.04,25,25,1.0
7,5.0,cell,QR_Q_C_full_expected_random_capture,0.05000000000000001,25,25,1.0
7,5.0,cell,QR_Q_C_full_excess_purity,-0.010530523941132767,25,25,1.0
7,5.0,cell,QR_Q_C_full_excess_capture,-0.013163154926415984,25,25,1.0
7,5.0,cell,QR_Q_C_full_largest_canonical_correlation,0.3523967398143477,25,25,1.0
7,5.0,cell,QR_Q_C_full_smallest_principal_angle,1.210651603423152,25,25,1.0
7,5.0,cell,QR_Q_P4_dim_U,5.0,25,25,1.0
7,5.0,cell,QR_Q_P4_dim_Q,4.0,25,25,1.0
7,5.0,cell,QR_Q_P4_shared_energy,0.134506499724388,25,25,1.0
7,5.0,cell,QR_Q_P4_purity,0.02690129994487755,25,25,1.0
7,5.0,cell,QR_Q_P4_capture,0.03362662493109696,25,25,1.0
7,5.0,cell,QR_Q_P4_expected_random_purity,0.04,25,25,1.0
7,5.0,cell,QR_Q_P4_expected_random_capture,0.05000000000000001,25,25,1.0
7,5.0,cell,QR_Q_P4_excess_purity,-0.013098700055122347,25,25,1.0
7,5.0,cell,QR_Q_P4_excess_capture,-0.016373375068902952,25,25,1.0
7,5.0,cell,QR_Q_P4_largest_canonical_correlation,0.3244332531735106,25,25,1.0
7,5.0,cell,QR_Q_P4_smallest_principal_angle,1.240369546399773,25,25,1.0
7,7.0,cell,UMP_Q_F_dim_U,2.56,25,25,1.0
7,7.0,cell,UMP_Q_F_dim_Q,5.0,25,25,1.0
7,7.0,cell,UMP_Q_F_shared_energy,0.000465467938317068,25,25,1.0
7,7.0,cell,UMP_Q_F_purity,0.00017904390878788833,25,25,1.0
7,7.0,cell,UMP_Q_F_capture,9.30935876634107e-05,25,25,1.0
7,7.0,cell,UMP_Q_F_expected_random_purity,0.05000000000000001,25,25,1.0
7,7.0,cell,UMP_Q_F_expected_random_capture,0.025600000000000005,25,25,1.0
7,7.0,cell,UMP_Q_F_excess_purity,-0.049820956091212024,25,25,1.0
7,7.0,cell,UMP_Q_F_excess_capture,-0.025506906412336522,25,25,1.0
7,7.0,cell,UMP_Q_F_largest_canonical_correlation,0.018775212962714064,25,25,1.0
7,7.0,cell,UMP_Q_F_smallest_principal_angle,1.5520198797658753,25,25,1.0
7,7.0,cell,U4_Q_F_dim_U,4.0,25,25,1.0
7,7.0,cell,U4_Q_F_dim_Q,5.0,25,25,1.0
7,7.0,cell,U4_Q_F_shared_energy,0.000905036965083988,25,25,1.0
7,7.0,cell,U4_Q_F_purity,0.00022625924127096003,25,25,1.0
7,7.0,cell,U4_Q_F_capture,0.00018100739301676283,25,25,1.0
7,7.0,cell,U4_Q_F_expected_random_purity,0.05000000000000001,25,25,1.0
7,7.0,cell,U4_Q_F_expected_random_capture,0.04,25,25,1.0
7,7.0,cell,U4_Q_F_excess_purity,-0.04977374075872896,25,25,1.0
7,7.0,cell,U4_Q_F_excess_capture,-0.03981899260698314,25,25,1.0
7,7.0,cell,U4_Q_F_largest_canonical_correlation,0.024572829544027296,25,25,1.0
7,7.0,cell,U4_Q_F_smallest_principal_angle,1.5462209229373391,25,25,1.0
7,7.0,cell,UMP_Q_F_unique_dim_U,2.56,25,25,1.0
7,7.0,cell,UMP_Q_F_unique_dim_Q,5.0,25,25,1.0
7,7.0,cell,UMP_Q_F_unique_shared_energy,0.000929657159517316,25,25,1.0
7,7.0,cell,UMP_Q_F_unique_purity,0.00036144405667867195,25,25,1.0
7,7.0,cell,UMP_Q_F_unique_capture,0.00018593143190343044,25,25,1.0
7,7.0,cell,UMP_Q_F_unique_expected_random_purity,0.05000000000000001,25,25,1.0
7,7.0,cell,UMP_Q_F_unique_expected_random_capture,0.025600000000000005,25,25,1.0
7,7.0,cell,UMP_Q_F_unique_excess_purity,-0.049638555943321234,25,25,1.0
7,7.0,cell,UMP_Q_F_unique_excess_capture,-0.025414068568096474,25,25,1.0
7,7.0,cell,UMP_Q_F_unique_largest_canonical_correlation,0.02623821366471998,25,25,1.0
7,7.0,cell,UMP_Q_F_unique_smallest_principal_angle,1.5445546342012497,25,25,1.0
7,7.0,cell,U4_Q_F_unique_dim_U,4.0,25,25,1.0
7,7.0,cell,U4_Q_F_unique_dim_Q,5.0,25,25,1.0
7,7.0,cell,U4_Q_F_unique_shared_energy,0.0019027588072766041,25,25,1.0
7,7.0,cell,U4_Q_F_unique_purity,0.00047568970181911607,25,25,1.0
7,7.0,cell,U4_Q_F_unique_capture,0.00038055176145527207,25,25,1.0
7,7.0,cell,U4_Q_F_unique_expected_random_purity,0.05000000000000001,25,25,1.0
7,7.0,cell,U4_Q_F_unique_expected_random_capture,0.04,25,25,1.0
7,7.0,cell,U4_Q_F_unique_excess_purity,-0.04952431029818079,25,25,1.0
7,7.0,cell,U4_Q_F_unique_excess_capture,-0.03961944823854463,25,25,1.0
7,7.0,cell,U4_Q_F_unique_largest_canonical_correlation,0.03589878123286132,25,25,1.0
7,7.0,cell,U4_Q_F_unique_smallest_principal_angle,1.5348888342278693,25,25,1.0
7,7.0,cell,UMP_Q_C_dim_U,2.56,25,25,1.0
7,7.0,cell,UMP_Q_C_dim_Q,3.0,25,25,1.0
7,7.0,cell,UMP_Q_C_shared_energy,0.14129508168999233,25,25,1.0
7,7.0,cell,UMP_Q_C_purity,0.055404887470659706,25,25,1.0
7,7.0,cell,UMP_Q_C_capture,0.04709836056333074,25,25,1.0
7,7.0,cell,UMP_Q_C_expected_random_purity,0.03,25,25,1.0
7,7.0,cell,UMP_Q_C_expected_random_capture,0.025600000000000005,25,25,1.0
7,7.0,cell,UMP_Q_C_excess_purity,0.02540488747065972,25,25,1.0
7,7.0,cell,UMP_Q_C_excess_capture,0.02149836056333075,25,25,1.0
7,7.0,cell,UMP_Q_C_largest_canonical_correlation,0.3299979356481464,25,25,1.0
7,7.0,cell,UMP_Q_C_smallest_principal_angle,1.2323582683925667,25,25,1.0
7,7.0,cell,U4_Q_C_dim_U,4.0,25,25,1.0
7,7.0,cell,U4_Q_C_dim_Q,3.0,25,25,1.0
7,7.0,cell,U4_Q_C_shared_energy,0.28659536648722866,25,25,1.0
7,7.0,cell,U4_Q_C_purity,0.07164884162180712,25,25,1.0
7,7.0,cell,U4_Q_C_capture,0.09553178882907618,25,25,1.0
7,7.0,cell,U4_Q_C_expected_random_purity,0.03,25,25,1.0
7,7.0,cell,U4_Q_C_expected_random_capture,0.04,25,25,1.0
7,7.0,cell,U4_Q_C_excess_purity,0.04164884162180714,25,25,1.0
7,7.0,cell,U4_Q_C_excess_capture,0.05553178882907618,25,25,1.0
7,7.0,cell,U4_Q_C_largest_canonical_correlation,0.4630452361705405,25,25,1.0
7,7.0,cell,U4_Q_C_smallest_principal_angle,1.0861303891712175,25,25,1.0
7,7.0,cell,UMP_Q_C_unique_dim_U,2.56,25,25,1.0
7,7.0,cell,UMP_Q_C_unique_dim_Q,3.0,25,25,1.0
7,7.0,cell,UMP_Q_C_unique_shared_energy,0.14175927091119245,25,25,1.0
7,7.0,cell,UMP_Q_C_unique_purity,0.055587287618550446,25,25,1.0
7,7.0,cell,UMP_Q_C_unique_capture,0.047253090303730795,25,25,1.0
7,7.0,cell,UMP_Q_C_unique_expected_random_purity,0.03,25,25,1.0
7,7.0,cell,UMP_Q_C_unique_expected_random_capture,0.025600000000000005,25,25,1.0
7,7.0,cell,UMP_Q_C_unique_excess_purity,0.02558728761855046,25,25,1.0
7,7.0,cell,UMP_Q_C_unique_excess_capture,0.0216530903037308,25,25,1.0
7,7.0,cell,UMP_Q_C_unique_largest_canonical_correlation,0.3306138947215544,25,25,1.0
7,7.0,cell,UMP_Q_C_unique_smallest_principal_angle,1.2316933569802817,25,25,1.0
7,7.0,cell,U4_Q_C_unique_dim_U,4.0,25,25,1.0
7,7.0,cell,U4_Q_C_unique_dim_Q,3.0,25,25,1.0
7,7.0,cell,U4_Q_C_unique_shared_energy,0.2875930883294211,25,25,1.0
7,7.0,cell,U4_Q_C_unique_purity,0.07189827208235523,25,25,1.0
7,7.0,cell,U4_Q_C_unique_capture,0.09586436277647367,25,25,1.0
7,7.0,cell,U4_Q_C_unique_expected_random_purity,0.03,25,25,1.0
7,7.0,cell,U4_Q_C_unique_expected_random_capture,0.04,25,25,1.0
7,7.0,cell,U4_Q_C_unique_excess_purity,0.041898272082355234,25,25,1.0
7,7.0,cell,U4_Q_C_unique_excess_capture,0.05586436277647366,25,25,1.0
7,7.0,cell,U4_Q_C_unique_largest_canonical_correlation,0.46394500745989964,25,25,1.0
7,7.0,cell,U4_Q_C_unique_smallest_principal_angle,1.0850758305421768,25,25,1.0
7,7.0,cell,UMP_Q_C_full_dim_U,2.56,25,25,1.0
7,7.0,cell,UMP_Q_C_full_dim_Q,4.0,25,25,1.0
7,7.0,cell,UMP_Q_C_full_shared_energy,0.19023802175481044,25,25,1.0
7,7.0,cell,UMP_Q_C_full_purity,0.07503105094610053,25,25,1.0
7,7.0,cell,UMP_Q_C_full_capture,0.047559505438702555,25,25,1.0
7,7.0,cell,UMP_Q_C_full_expected_random_purity,0.04,25,25,1.0
7,7.0,cell,UMP_Q_C_full_expected_random_capture,0.025600000000000005,25,25,1.0
7,7.0,cell,UMP_Q_C_full_excess_purity,0.03503105094610054,25,25,1.0
7,7.0,cell,UMP_Q_C_full_excess_capture,0.021959505438702558,25,25,1.0
7,7.0,cell,UMP_Q_C_full_largest_canonical_correlation,0.39149132603703257,25,25,1.0
7,7.0,cell,UMP_Q_C_full_smallest_principal_angle,1.1665098512838619,25,25,1.0
7,7.0,cell,U4_Q_C_full_dim_U,4.0,25,25,1.0
7,7.0,cell,U4_Q_C_full_dim_Q,4.0,25,25,1.0
7,7.0,cell,U4_Q_C_full_shared_energy,0.3433432840741952,25,25,1.0
7,7.0,cell,U4_Q_C_full_purity,0.08583582101854877,25,25,1.0
7,7.0,cell,U4_Q_C_full_capture,0.08583582101854877,25,25,1.0
7,7.0,cell,U4_Q_C_full_expected_random_purity,0.04,25,25,1.0
7,7.0,cell,U4_Q_C_full_expected_random_capture,0.04,25,25,1.0
7,7.0,cell,U4_Q_C_full_excess_purity,0.04583582101854874,25,25,1.0
7,7.0,cell,U4_Q_C_full_excess_capture,0.04583582101854874,25,25,1.0
7,7.0,cell,U4_Q_C_full_largest_canonical_correlation,0.4939142603662217,25,25,1.0
7,7.0,cell,U4_Q_C_full_smallest_principal_angle,1.0515483099459522,25,25,1.0
7,7.0,cell,UMP_Q_P4_dim_U,2.56,25,25,1.0
7,7.0,cell,UMP_Q_P4_dim_Q,4.0,25,25,1.0
7,7.0,cell,UMP_Q_P4_shared_energy,0.16756252740549393,25,25,1.0
7,7.0,cell,UMP_Q_P4_purity,0.06611395669083316,25,25,1.0
7,7.0,cell,UMP_Q_P4_capture,0.041890631851373435,25,25,1.0
7,7.0,cell,UMP_Q_P4_expected_random_purity,0.04,25,25,1.0
7,7.0,cell,UMP_Q_P4_expected_random_capture,0.025600000000000005,25,25,1.0
7,7.0,cell,UMP_Q_P4_excess_purity,0.026113956690833176,25,25,1.0
7,7.0,cell,UMP_Q_P4_excess_capture,0.01629063185137345,25,25,1.0
7,7.0,cell,UMP_Q_P4_largest_canonical_correlation,0.3639401828831874,25,25,1.0
7,7.0,cell,UMP_Q_P4_smallest_principal_angle,1.1959623412630815,25,25,1.0
7,7.0,cell,U4_Q_P4_dim_U,4.0,25,25,1.0
7,7.0,cell,U4_Q_P4_dim_Q,4.0,25,25,1.0
7,7.0,cell,U4_Q_P4_shared_energy,0.3185386889301366,25,25,1.0
7,7.0,cell,U4_Q_P4_purity,0.07963467223253412,25,25,1.0
7,7.0,cell,U4_Q_P4_capture,0.07963467223253412,25,25,1.0
7,7.0,cell,U4_Q_P4_expected_random_purity,0.04,25,25,1.0
7,7.0,cell,U4_Q_P4_expected_random_capture,0.04,25,25,1.0
7,7.0,cell,U4_Q_P4_excess_purity,0.03963467223253411,25,25,1.0
7,7.0,cell,U4_Q_P4_excess_capture,0.03963467223253411,25,25,1.0
7,7.0,cell,U4_Q_P4_largest_canonical_correlation,0.4793049641986377,25,25,1.0
7,7.0,cell,U4_Q_P4_smallest_principal_angle,1.067901413760397,25,25,1.0
7,7.0,cell,QR_Q_F_dim_U,7.0,25,25,1.0
7,7.0,cell,QR_Q_F_dim_Q,5.0,25,25,1.0
7,7.0,cell,QR_Q_F_shared_energy,4.985861044138063,25,25,1.0
7,7.0,cell,QR_Q_F_purity,0.7122658634482946,25,25,1.0
7,7.0,cell,QR_Q_F_capture,0.9971722088276125,25,25,1.0
7,7.0,cell,QR_Q_F_expected_random_purity,0.05000000000000001,25,25,1.0
7,7.0,cell,QR_Q_F_expected_random_capture,0.07,25,25,1.0
7,7.0,cell,QR_Q_F_excess_purity,0.6622658634482945,25,25,1.0
7,7.0,cell,QR_Q_F_excess_capture,0.9271722088276125,25,25,1.0
7,7.0,cell,QR_Q_F_largest_canonical_correlation,0.999443265311949,25,25,1.0
7,7.0,cell,QR_Q_F_smallest_principal_angle,0.0333071932787573,25,25,1.0
7,7.0,cell,QR_Q_C_dim_U,7.0,25,25,1.0
7,7.0,cell,QR_Q_C_dim_Q,3.0,25,25,1.0
7,7.0,cell,QR_Q_C_shared_energy,1.3944152898204953,25,25,1.0
7,7.0,cell,QR_Q_C_purity,0.19920218426007075,25,25,1.0
7,7.0,cell,QR_Q_C_capture,0.46480509660683184,25,25,1.0
7,7.0,cell,QR_Q_C_expected_random_purity,0.03,25,25,1.0
7,7.0,cell,QR_Q_C_expected_random_capture,0.07,25,25,1.0
7,7.0,cell,QR_Q_C_excess_purity,0.16920218426007072,25,25,1.0
7,7.0,cell,QR_Q_C_excess_capture,0.39480509660683183,25,25,1.0
7,7.0,cell,QR_Q_C_largest_canonical_correlation,0.974262379901254,25,25,1.0
7,7.0,cell,QR_Q_C_smallest_principal_angle,0.2272763880802139,25,25,1.0
7,7.0,cell,QR_Q_C_unique_dim_U,7.0,25,25,1.0
7,7.0,cell,QR_Q_C_unique_dim_Q,3.0,25,25,1.0
7,7.0,cell,QR_Q_C_unique_shared_energy,1.3859532244287438,25,25,1.0
7,7.0,cell,QR_Q_C_unique_purity,0.19799331777553483,25,25,1.0
7,7.0,cell,QR_Q_C_unique_capture,0.46198440814291475,25,25,1.0
7,7.0,cell,QR_Q_C_unique_expected_random_purity,0.03,25,25,1.0
7,7.0,cell,QR_Q_C_unique_expected_random_capture,0.07,25,25,1.0
7,7.0,cell,QR_Q_C_unique_excess_purity,0.1679933177755348,25,25,1.0
7,7.0,cell,QR_Q_C_unique_excess_capture,0.39198440814291474,25,25,1.0
7,7.0,cell,QR_Q_C_unique_largest_canonical_correlation,0.9739711265179465,25,25,1.0
7,7.0,cell,QR_Q_C_unique_smallest_principal_angle,0.2285559519363857,25,25,1.0
7,7.0,cell,QR_Q_C_full_dim_U,7.0,25,25,1.0
7,7.0,cell,QR_Q_C_full_dim_Q,4.0,25,25,1.0
7,7.0,cell,QR_Q_C_full_shared_energy,1.9311875705153716,25,25,1.0
7,7.0,cell,QR_Q_C_full_purity,0.2758839386450531,25,25,1.0
7,7.0,cell,QR_Q_C_full_capture,0.4827968926288429,25,25,1.0
7,7.0,cell,QR_Q_C_full_expected_random_purity,0.04,25,25,1.0
7,7.0,cell,QR_Q_C_full_expected_random_capture,0.07,25,25,1.0
7,7.0,cell,QR_Q_C_full_excess_purity,0.23588393864505305,25,25,1.0
7,7.0,cell,QR_Q_C_full_excess_capture,0.41279689262884295,25,25,1.0
7,7.0,cell,QR_Q_C_full_largest_canonical_correlation,0.9827504914867455,25,25,1.0
7,7.0,cell,QR_Q_C_full_smallest_principal_angle,0.18589739196578378,25,25,1.0
7,7.0,cell,QR_Q_P4_dim_U,7.0,25,25,1.0
7,7.0,cell,QR_Q_P4_dim_Q,4.0,25,25,1.0
7,7.0,cell,QR_Q_P4_shared_energy,1.9593351475434093,25,25,1.0
7,7.0,cell,QR_Q_P4_purity,0.2799050210776299,25,25,1.0
7,7.0,cell,QR_Q_P4_capture,0.48983378688585233,25,25,1.0
7,7.0,cell,QR_Q_P4_expected_random_purity,0.04,25,25,1.0
7,7.0,cell,QR_Q_P4_expected_random_capture,0.07,25,25,1.0
7,7.0,cell,QR_Q_P4_excess_purity,0.2399050210776299,25,25,1.0
7,7.0,cell,QR_Q_P4_excess_capture,0.41983378688585227,25,25,1.0
7,7.0,cell,QR_Q_P4_largest_canonical_correlation,0.9890280721146217,25,25,1.0
7,7.0,cell,QR_Q_P4_smallest_principal_angle,0.14791290506535965,25,25,1.0
8,3.0,cell,UMP_Q_F_dim_U,4.0,25,25,1.0
8,3.0,cell,UMP_Q_F_dim_Q,5.0,25,25,1.0
8,3.0,cell,UMP_Q_F_shared_energy,1.965204326419014,25,25,1.0
8,3.0,cell,UMP_Q_F_purity,0.4913010816047535,25,25,1.0
8,3.0,cell,UMP_Q_F_capture,0.39304086528380283,25,25,1.0
8,3.0,cell,UMP_Q_F_expected_random_purity,0.05000000000000001,25,25,1.0
8,3.0,cell,UMP_Q_F_expected_random_capture,0.04,25,25,1.0
8,3.0,cell,UMP_Q_F_excess_purity,0.44130108160475345,25,25,1.0
8,3.0,cell,UMP_Q_F_excess_capture,0.3530408652838028,25,25,1.0
8,3.0,cell,UMP_Q_F_largest_canonical_correlation,0.9913172615717616,25,25,1.0
8,3.0,cell,UMP_Q_F_smallest_principal_angle,0.13116546353122235,25,25,1.0
8,3.0,cell,U4_Q_F_dim_U,4.0,25,25,1.0
8,3.0,cell,U4_Q_F_dim_Q,5.0,25,25,1.0
8,3.0,cell,U4_Q_F_shared_energy,1.965204326419014,25,25,1.0
8,3.0,cell,U4_Q_F_purity,0.4913010816047535,25,25,1.0
8,3.0,cell,U4_Q_F_capture,0.39304086528380283,25,25,1.0
8,3.0,cell,U4_Q_F_expected_random_purity,0.05000000000000001,25,25,1.0
8,3.0,cell,U4_Q_F_expected_random_capture,0.04,25,25,1.0
8,3.0,cell,U4_Q_F_excess_purity,0.44130108160475345,25,25,1.0
8,3.0,cell,U4_Q_F_excess_capture,0.3530408652838028,25,25,1.0
8,3.0,cell,U4_Q_F_largest_canonical_correlation,0.9913172615717616,25,25,1.0
8,3.0,cell,U4_Q_F_smallest_principal_angle,0.13116546353122235,25,25,1.0
8,3.0,cell,UMP_Q_F_unique_dim_U,4.0,25,25,1.0
8,3.0,cell,UMP_Q_F_unique_dim_Q,5.0,25,25,1.0
8,3.0,cell,UMP_Q_F_unique_shared_energy,2.0168783543881856,25,25,1.0
8,3.0,cell,UMP_Q_F_unique_purity,0.5042195885970464,25,25,1.0
8,3.0,cell,UMP_Q_F_unique_capture,0.40337567087763715,25,25,1.0
8,3.0,cell,UMP_Q_F_unique_expected_random_purity,0.05000000000000001,25,25,1.0
8,3.0,cell,UMP_Q_F_unique_expected_random_capture,0.04,25,25,1.0
8,3.0,cell,UMP_Q_F_unique_excess_purity,0.4542195885970465,25,25,1.0
8,3.0,cell,UMP_Q_F_unique_excess_capture,0.36337567087763717,25,25,1.0
8,3.0,cell,UMP_Q_F_unique_largest_canonical_correlation,0.9901303931055224,25,25,1.0
8,3.0,cell,UMP_Q_F_unique_smallest_principal_angle,0.1400595386431137,25,25,1.0
8,3.0,cell,U4_Q_F_unique_dim_U,4.0,25,25,1.0
8,3.0,cell,U4_Q_F_unique_dim_Q,5.0,25,25,1.0
8,3.0,cell,U4_Q_F_unique_shared_energy,2.0168783543881856,25,25,1.0
8,3.0,cell,U4_Q_F_unique_purity,0.5042195885970464,25,25,1.0
8,3.0,cell,U4_Q_F_unique_capture,0.40337567087763715,25,25,1.0
8,3.0,cell,U4_Q_F_unique_expected_random_purity,0.05000000000000001,25,25,1.0
8,3.0,cell,U4_Q_F_unique_expected_random_capture,0.04,25,25,1.0
8,3.0,cell,U4_Q_F_unique_excess_purity,0.4542195885970465,25,25,1.0
8,3.0,cell,U4_Q_F_unique_excess_capture,0.36337567087763717,25,25,1.0
8,3.0,cell,U4_Q_F_unique_largest_canonical_correlation,0.9901303931055224,25,25,1.0
8,3.0,cell,U4_Q_F_unique_smallest_principal_angle,0.1400595386431137,25,25,1.0
8,3.0,cell,UMP_Q_C_dim_U,4.0,25,25,1.0
8,3.0,cell,UMP_Q_C_dim_Q,3.0,25,25,1.0
8,3.0,cell,UMP_Q_C_shared_energy,1.2161479351427253,25,25,1.0
8,3.0,cell,UMP_Q_C_purity,0.30403698378568134,25,25,1.0
8,3.0,cell,UMP_Q_C_capture,0.4053826450475752,25,25,1.0
8,3.0,cell,UMP_Q_C_expected_random_purity,0.03,25,25,1.0
8,3.0,cell,UMP_Q_C_expected_random_capture,0.04,25,25,1.0
8,3.0,cell,UMP_Q_C_excess_purity,0.2740369837856813,25,25,1.0
8,3.0,cell,UMP_Q_C_excess_capture,0.3653826450475751,25,25,1.0
8,3.0,cell,UMP_Q_C_largest_canonical_correlation,0.9320859186390524,25,25,1.0
8,3.0,cell,UMP_Q_C_smallest_principal_angle,0.37064821381702656,25,25,1.0
8,3.0,cell,U4_Q_C_dim_U,4.0,25,25,1.0
8,3.0,cell,U4_Q_C_dim_Q,3.0,25,25,1.0
8,3.0,cell,U4_Q_C_shared_energy,1.2161479351427253,25,25,1.0
8,3.0,cell,U4_Q_C_purity,0.30403698378568134,25,25,1.0
8,3.0,cell,U4_Q_C_capture,0.4053826450475752,25,25,1.0
8,3.0,cell,U4_Q_C_expected_random_purity,0.03,25,25,1.0
8,3.0,cell,U4_Q_C_expected_random_capture,0.04,25,25,1.0
8,3.0,cell,U4_Q_C_excess_purity,0.2740369837856813,25,25,1.0
8,3.0,cell,U4_Q_C_excess_capture,0.3653826450475751,25,25,1.0
8,3.0,cell,U4_Q_C_largest_canonical_correlation,0.9320859186390524,25,25,1.0
8,3.0,cell,U4_Q_C_smallest_principal_angle,0.37064821381702656,25,25,1.0
8,3.0,cell,UMP_Q_C_unique_dim_U,4.0,25,25,1.0
8,3.0,cell,UMP_Q_C_unique_dim_Q,3.0,25,25,1.0
8,3.0,cell,UMP_Q_C_unique_shared_energy,1.267821963111897,25,25,1.0
8,3.0,cell,UMP_Q_C_unique_purity,0.3169554907779742,25,25,1.0
8,3.0,cell,UMP_Q_C_unique_capture,0.4226073210372989,25,25,1.0
8,3.0,cell,UMP_Q_C_unique_expected_random_purity,0.03,25,25,1.0
8,3.0,cell,UMP_Q_C_unique_expected_random_capture,0.04,25,25,1.0
8,3.0,cell,UMP_Q_C_unique_excess_purity,0.2869554907779742,25,25,1.0
8,3.0,cell,UMP_Q_C_unique_excess_capture,0.38260732103729894,25,25,1.0
8,3.0,cell,UMP_Q_C_unique_largest_canonical_correlation,0.9630244664976942,25,25,1.0
8,3.0,cell,UMP_Q_C_unique_smallest_principal_angle,0.2725502363836499,25,25,1.0
8,3.0,cell,U4_Q_C_unique_dim_U,4.0,25,25,1.0
8,3.0,cell,U4_Q_C_unique_dim_Q,3.0,25,25,1.0
8,3.0,cell,U4_Q_C_unique_shared_energy,1.267821963111897,25,25,1.0
8,3.0,cell,U4_Q_C_unique_purity,0.3169554907779742,25,25,1.0
8,3.0,cell,U4_Q_C_unique_capture,0.4226073210372989,25,25,1.0
8,3.0,cell,U4_Q_C_unique_expected_random_purity,0.03,25,25,1.0
8,3.0,cell,U4_Q_C_unique_expected_random_capture,0.04,25,25,1.0
8,3.0,cell,U4_Q_C_unique_excess_purity,0.2869554907779742,25,25,1.0
8,3.0,cell,U4_Q_C_unique_excess_capture,0.38260732103729894,25,25,1.0
8,3.0,cell,U4_Q_C_unique_largest_canonical_correlation,0.9630244664976942,25,25,1.0
8,3.0,cell,U4_Q_C_unique_smallest_principal_angle,0.2725502363836499,25,25,1.0
8,3.0,cell,UMP_Q_C_full_dim_U,4.0,25,25,1.0
8,3.0,cell,UMP_Q_C_full_dim_Q,4.0,25,25,1.0
8,3.0,cell,UMP_Q_C_full_shared_energy,1.7693114290814835,25,25,1.0
8,3.0,cell,UMP_Q_C_full_purity,0.4423278572703709,25,25,1.0
8,3.0,cell,UMP_Q_C_full_capture,0.4423278572703709,25,25,1.0
8,3.0,cell,UMP_Q_C_full_expected_random_purity,0.04,25,25,1.0
8,3.0,cell,UMP_Q_C_full_expected_random_capture,0.04,25,25,1.0
8,3.0,cell,UMP_Q_C_full_excess_purity,0.4023278572703709,25,25,1.0
8,3.0,cell,UMP_Q_C_full_excess_capture,0.4023278572703709,25,25,1.0
8,3.0,cell,UMP_Q_C_full_largest_canonical_correlation,0.9398714312076676,25,25,1.0
8,3.0,cell,UMP_Q_C_full_smallest_principal_angle,0.3484749319213526,25,25,1.0
8,3.0,cell,U4_Q_C_full_dim_U,4.0,25,25,1.0
8,3.0,cell,U4_Q_C_full_dim_Q,4.0,25,25,1.0
8,3.0,cell,U4_Q_C_full_shared_energy,1.7693114290814835,25,25,1.0
8,3.0,cell,U4_Q_C_full_purity,0.4423278572703709,25,25,1.0
8,3.0,cell,U4_Q_C_full_capture,0.4423278572703709,25,25,1.0
8,3.0,cell,U4_Q_C_full_expected_random_purity,0.04,25,25,1.0
8,3.0,cell,U4_Q_C_full_expected_random_capture,0.04,25,25,1.0
8,3.0,cell,U4_Q_C_full_excess_purity,0.4023278572703709,25,25,1.0
8,3.0,cell,U4_Q_C_full_excess_capture,0.4023278572703709,25,25,1.0
8,3.0,cell,U4_Q_C_full_largest_canonical_correlation,0.9398714312076676,25,25,1.0
8,3.0,cell,U4_Q_C_full_smallest_principal_angle,0.3484749319213526,25,25,1.0
8,3.0,cell,UMP_Q_P4_dim_U,4.0,25,25,1.0
8,3.0,cell,UMP_Q_P4_dim_Q,4.0,25,25,1.0
8,3.0,cell,UMP_Q_P4_shared_energy,1.7888968462267725,25,25,1.0
8,3.0,cell,UMP_Q_P4_purity,0.4472242115566931,25,25,1.0
8,3.0,cell,UMP_Q_P4_capture,0.4472242115566931,25,25,1.0
8,3.0,cell,UMP_Q_P4_expected_random_purity,0.04,25,25,1.0
8,3.0,cell,UMP_Q_P4_expected_random_capture,0.04,25,25,1.0
8,3.0,cell,UMP_Q_P4_excess_purity,0.407224211556693,25,25,1.0
8,3.0,cell,UMP_Q_P4_excess_capture,0.407224211556693,25,25,1.0
8,3.0,cell,UMP_Q_P4_largest_canonical_correlation,0.9452125071951777,25,25,1.0
8,3.0,cell,UMP_Q_P4_smallest_principal_angle,0.33251104050687075,25,25,1.0
8,3.0,cell,U4_Q_P4_dim_U,4.0,25,25,1.0
8,3.0,cell,U4_Q_P4_dim_Q,4.0,25,25,1.0
8,3.0,cell,U4_Q_P4_shared_energy,1.7888968462267725,25,25,1.0
8,3.0,cell,U4_Q_P4_purity,0.4472242115566931,25,25,1.0
8,3.0,cell,U4_Q_P4_capture,0.4472242115566931,25,25,1.0
8,3.0,cell,U4_Q_P4_expected_random_purity,0.04,25,25,1.0
8,3.0,cell,U4_Q_P4_expected_random_capture,0.04,25,25,1.0
8,3.0,cell,U4_Q_P4_excess_purity,0.407224211556693,25,25,1.0
8,3.0,cell,U4_Q_P4_excess_capture,0.407224211556693,25,25,1.0
8,3.0,cell,U4_Q_P4_largest_canonical_correlation,0.9452125071951777,25,25,1.0
8,3.0,cell,U4_Q_P4_smallest_principal_angle,0.33251104050687075,25,25,1.0
8,3.0,cell,QR_Q_F_dim_U,3.0,25,25,1.0
8,3.0,cell,QR_Q_F_dim_Q,5.0,25,25,1.0
8,3.0,cell,QR_Q_F_shared_energy,2.987950186075362,25,25,1.0
8,3.0,cell,QR_Q_F_purity,0.9959833953584539,25,25,1.0
8,3.0,cell,QR_Q_F_capture,0.5975900372150724,25,25,1.0
8,3.0,cell,QR_Q_F_expected_random_purity,0.05000000000000001,25,25,1.0
8,3.0,cell,QR_Q_F_expected_random_capture,0.03,25,25,1.0
8,3.0,cell,QR_Q_F_excess_purity,0.945983395358454,25,25,1.0
8,3.0,cell,QR_Q_F_excess_capture,0.5675900372150724,25,25,1.0
8,3.0,cell,QR_Q_F_largest_canonical_correlation,0.9995284641909908,25,25,1.0
8,3.0,cell,QR_Q_F_smallest_principal_angle,0.030693661659640607,25,25,1.0
8,3.0,cell,QR_Q_C_dim_U,3.0,25,25,1.0
8,3.0,cell,QR_Q_C_dim_Q,3.0,25,25,1.0
8,3.0,cell,QR_Q_C_shared_energy,0.1645843290265878,25,25,1.0
8,3.0,cell,QR_Q_C_purity,0.05486144300886255,25,25,1.0
8,3.0,cell,QR_Q_C_capture,0.05486144300886255,25,25,1.0
8,3.0,cell,QR_Q_C_expected_random_purity,0.03,25,25,1.0
8,3.0,cell,QR_Q_C_expected_random_capture,0.03,25,25,1.0
8,3.0,cell,QR_Q_C_excess_purity,0.024861443008862553,25,25,1.0
8,3.0,cell,QR_Q_C_excess_capture,0.024861443008862553,25,25,1.0
8,3.0,cell,QR_Q_C_largest_canonical_correlation,0.31110492423522373,25,25,1.0
8,3.0,cell,QR_Q_C_smallest_principal_angle,1.2544388595838054,25,25,1.0
8,3.0,cell,QR_Q_C_unique_dim_U,3.0,25,25,1.0
8,3.0,cell,QR_Q_C_unique_dim_Q,3.0,25,25,1.0
8,3.0,cell,QR_Q_C_unique_shared_energy,0.006579620312825281,25,25,1.0
8,3.0,cell,QR_Q_C_unique_purity,0.0021932067709417237,25,25,1.0
8,3.0,cell,QR_Q_C_unique_capture,0.0021932067709417237,25,25,1.0
8,3.0,cell,QR_Q_C_unique_expected_random_purity,0.03,25,25,1.0
8,3.0,cell,QR_Q_C_unique_expected_random_capture,0.03,25,25,1.0
8,3.0,cell,QR_Q_C_unique_excess_purity,-0.02780679322905818,25,25,1.0
8,3.0,cell,QR_Q_C_unique_excess_capture,-0.02780679322905818,25,25,1.0
8,3.0,cell,QR_Q_C_unique_largest_canonical_correlation,0.07958189466093463,25,25,1.0
8,3.0,cell,QR_Q_C_unique_smallest_principal_angle,1.4911238211294904,25,25,1.0
8,3.0,cell,QR_Q_C_full_dim_U,3.0,25,25,1.0
8,3.0,cell,QR_Q_C_full_dim_Q,4.0,25,25,1.0
8,3.0,cell,QR_Q_C_full_shared_energy,0.17317475608578248,25,25,1.0
8,3.0,cell,QR_Q_C_full_purity,0.05772491869526081,25,25,1.0
8,3.0,cell,QR_Q_C_full_capture,0.043293689021445585,25,25,1.0
8,3.0,cell,QR_Q_C_full_expected_random_purity,0.04,25,25,1.0
8,3.0,cell,QR_Q_C_full_expected_random_capture,0.03,25,25,1.0
8,3.0,cell,QR_Q_C_full_excess_purity,0.017724918695260796,25,25,1.0
8,3.0,cell,QR_Q_C_full_excess_capture,0.01329368902144559,25,25,1.0
8,3.0,cell,QR_Q_C_full_largest_canonical_correlation,0.31458792473913066,25,25,1.0
8,3.0,cell,QR_Q_C_full_smallest_principal_angle,1.2507721195345705,25,25,1.0
8,3.0,cell,QR_Q_P4_dim_U,3.0,25,25,1.0
8,3.0,cell,QR_Q_P4_dim_Q,4.0,25,25,1.0
8,3.0,cell,QR_Q_P4_shared_energy,0.1648407677719408,25,25,1.0
8,3.0,cell,QR_Q_P4_purity,0.05494692259064689,25,25,1.0
8,3.0,cell,QR_Q_P4_capture,0.041210191942985155,25,25,1.0
8,3.0,cell,QR_Q_P4_expected_random_purity,0.04,25,25,1.0
8,3.0,cell,QR_Q_P4_expected_random_capture,0.03,25,25,1.0
8,3.0,cell,QR_Q_P4_excess_purity,0.014946922590646892,25,25,1.0
8,3.0,cell,QR_Q_P4_excess_capture,0.011210191942985155,25,25,1.0
8,3.0,cell,QR_Q_P4_largest_canonical_correlation,0.2971389556127921,25,25,1.0
8,3.0,cell,QR_Q_P4_smallest_principal_angle,1.269100361338897,25,25,1.0
8,5.0,cell,UMP_Q_F_dim_U,2.0,25,25,1.0
8,5.0,cell,UMP_Q_F_dim_Q,5.0,25,25,1.0
8,5.0,cell,UMP_Q_F_shared_energy,0.019940387891535287,25,25,1.0
8,5.0,cell,UMP_Q_F_purity,0.009970193945767614,25,25,1.0
8,5.0,cell,UMP_Q_F_capture,0.003988077578307012,25,25,1.0
8,5.0,cell,UMP_Q_F_expected_random_purity,0.05000000000000001,25,25,1.0
8,5.0,cell,UMP_Q_F_expected_random_capture,0.02,25,25,1.0
8,5.0,cell,UMP_Q_F_excess_purity,-0.0400298060542323,25,25,1.0
8,5.0,cell,UMP_Q_F_excess_capture,-0.0160119224216929,25,25,1.0
8,5.0,cell,UMP_Q_F_largest_canonical_correlation,0.13849667879673389,25,25,1.0
8,5.0,cell,UMP_Q_F_smallest_principal_angle,1.4318145080581337,25,25,1.0
8,5.0,cell,U4_Q_F_dim_U,4.0,25,25,1.0
8,5.0,cell,U4_Q_F_dim_Q,5.0,25,25,1.0
8,5.0,cell,U4_Q_F_shared_energy,0.020383085284428802,25,25,1.0
8,5.0,cell,U4_Q_F_purity,0.005095771321107172,25,25,1.0
8,5.0,cell,U4_Q_F_capture,0.004076617056885724,25,25,1.0
8,5.0,cell,U4_Q_F_expected_random_purity,0.05000000000000001,25,25,1.0
8,5.0,cell,U4_Q_F_expected_random_capture,0.04,25,25,1.0
8,5.0,cell,U4_Q_F_excess_purity,-0.04490422867889274,25,25,1.0
8,5.0,cell,U4_Q_F_excess_capture,-0.03592338294311418,25,25,1.0
8,5.0,cell,U4_Q_F_largest_canonical_correlation,0.13864830265744257,25,25,1.0
8,5.0,cell,U4_Q_F_smallest_principal_angle,1.4316613047049338,25,25,1.0
8,5.0,cell,UMP_Q_F_unique_dim_U,2.0,25,25,1.0
8,5.0,cell,UMP_Q_F_unique_dim_Q,5.0,25,25,1.0
8,5.0,cell,UMP_Q_F_unique_shared_energy,0.1564563747420758,25,25,1.0
8,5.0,cell,UMP_Q_F_unique_purity,0.07822818737103787,25,25,1.0
8,5.0,cell,UMP_Q_F_unique_capture,0.03129127494841512,25,25,1.0
8,5.0,cell,UMP_Q_F_unique_expected_random_purity,0.05000000000000001,25,25,1.0
8,5.0,cell,UMP_Q_F_unique_expected_random_capture,0.02,25,25,1.0
8,5.0,cell,UMP_Q_F_unique_excess_purity,0.028228187371037855,25,25,1.0
8,5.0,cell,UMP_Q_F_unique_excess_capture,0.011291274948415116,25,25,1.0
8,5.0,cell,UMP_Q_F_unique_largest_canonical_correlation,0.357711555269961,25,25,1.0
8,5.0,cell,UMP_Q_F_unique_smallest_principal_angle,1.2048492857977315,25,25,1.0
8,5.0,cell,U4_Q_F_unique_dim_U,4.0,25,25,1.0
8,5.0,cell,U4_Q_F_unique_dim_Q,5.0,25,25,1.0
8,5.0,cell,U4_Q_F_unique_shared_energy,0.17017831992292595,25,25,1.0
8,5.0,cell,U4_Q_F_unique_purity,0.042544579980731446,25,25,1.0
8,5.0,cell,U4_Q_F_unique_capture,0.03403566398458515,25,25,1.0
8,5.0,cell,U4_Q_F_unique_expected_random_purity,0.05000000000000001,25,25,1.0
8,5.0,cell,U4_Q_F_unique_expected_random_capture,0.04,25,25,1.0
8,5.0,cell,U4_Q_F_unique_excess_purity,-0.007455420019268471,25,25,1.0
8,5.0,cell,U4_Q_F_unique_excess_capture,-0.005964336015414765,25,25,1.0
8,5.0,cell,U4_Q_F_unique_largest_canonical_correlation,0.36048818489894324,25,25,1.0
8,5.0,cell,U4_Q_F_unique_smallest_principal_angle,1.2018587299468242,25,25,1.0
8,5.0,cell,UMP_Q_C_dim_U,2.0,25,25,1.0
8,5.0,cell,UMP_Q_C_dim_Q,3.0,25,25,1.0
8,5.0,cell,UMP_Q_C_shared_energy,1.1620431127520012,25,25,1.0
8,5.0,cell,UMP_Q_C_purity,0.5810215563760006,25,25,1.0
8,5.0,cell,UMP_Q_C_capture,0.38734770425066706,25,25,1.0
8,5.0,cell,UMP_Q_C_expected_random_purity,0.03,25,25,1.0
8,5.0,cell,UMP_Q_C_expected_random_capture,0.02,25,25,1.0
8,5.0,cell,UMP_Q_C_excess_purity,0.5510215563760006,25,25,1.0
8,5.0,cell,UMP_Q_C_excess_capture,0.36734770425066704,25,25,1.0
8,5.0,cell,UMP_Q_C_largest_canonical_correlation,0.9195078178768007,25,25,1.0
8,5.0,cell,UMP_Q_C_smallest_principal_angle,0.40369878156130595,25,25,1.0
8,5.0,cell,U4_Q_C_dim_U,4.0,25,25,1.0
8,5.0,cell,U4_Q_C_dim_Q,3.0,25,25,1.0
8,5.0,cell,U4_Q_C_shared_energy,1.446552370079908,25,25,1.0
8,5.0,cell,U4_Q_C_purity,0.361638092519977,25,25,1.0
8,5.0,cell,U4_Q_C_capture,0.4821841233599693,25,25,1.0
8,5.0,cell,U4_Q_C_expected_random_purity,0.03,25,25,1.0
8,5.0,cell,U4_Q_C_expected_random_capture,0.04,25,25,1.0
8,5.0,cell,U4_Q_C_excess_purity,0.3316380925199769,25,25,1.0
8,5.0,cell,U4_Q_C_excess_capture,0.4421841233599693,25,25,1.0
8,5.0,cell,U4_Q_C_largest_canonical_correlation,0.9209372234721697,25,25,1.0
8,5.0,cell,U4_Q_C_smallest_principal_angle,0.40012901890349845,25,25,1.0
8,5.0,cell,UMP_Q_C_unique_dim_U,2.0,25,25,1.0
8,5.0,cell,UMP_Q_C_unique_dim_Q,3.0,25,25,1.0
8,5.0,cell,UMP_Q_C_unique_shared_energy,1.2985590996025422,25,25,1.0
8,5.0,cell,UMP_Q_C_unique_purity,0.6492795498012711,25,25,1.0
8,5.0,cell,UMP_Q_C_unique_capture,0.43285303320084745,25,25,1.0
8,5.0,cell,UMP_Q_C_unique_expected_random_purity,0.03,25,25,1.0
8,5.0,cell,UMP_Q_C_unique_expected_random_capture,0.02,25,25,1.0
8,5.0,cell,UMP_Q_C_unique_excess_purity,0.6192795498012711,25,25,1.0
8,5.0,cell,UMP_Q_C_unique_excess_capture,0.41285303320084743,25,25,1.0
8,5.0,cell,UMP_Q_C_unique_largest_canonical_correlation,0.9743727189514676,25,25,1.0
8,5.0,cell,UMP_Q_C_unique_smallest_principal_angle,0.22683543161274589,25,25,1.0
8,5.0,cell,U4_Q_C_unique_dim_U,4.0,25,25,1.0
8,5.0,cell,U4_Q_C_unique_dim_Q,3.0,25,25,1.0
8,5.0,cell,U4_Q_C_unique_shared_energy,1.5963476047184053,25,25,1.0
8,5.0,cell,U4_Q_C_unique_purity,0.3990869011796013,25,25,1.0
8,5.0,cell,U4_Q_C_unique_capture,0.5321158682394685,25,25,1.0
8,5.0,cell,U4_Q_C_unique_expected_random_purity,0.03,25,25,1.0
8,5.0,cell,U4_Q_C_unique_expected_random_capture,0.04,25,25,1.0
8,5.0,cell,U4_Q_C_unique_excess_purity,0.36908690117960136,25,25,1.0
8,5.0,cell,U4_Q_C_unique_excess_capture,0.4921158682394685,25,25,1.0
8,5.0,cell,U4_Q_C_unique_largest_canonical_correlation,0.9753177993218631,25,25,1.0
8,5.0,cell,U4_Q_C_unique_smallest_principal_angle,0.22260290705567687,25,25,1.0
8,5.0,cell,UMP_Q_C_full_dim_U,2.0,25,25,1.0
8,5.0,cell,UMP_Q_C_full_dim_Q,4.0,25,25,1.0
8,5.0,cell,UMP_Q_C_full_shared_energy,1.7218196998943818,25,25,1.0
8,5.0,cell,UMP_Q_C_full_purity,0.8609098499471909,25,25,1.0
8,5.0,cell,UMP_Q_C_full_capture,0.43045492497359544,25,25,1.0
8,5.0,cell,UMP_Q_C_full_expected_random_purity,0.04,25,25,1.0
8,5.0,cell,UMP_Q_C_full_expected_random_capture,0.02,25,25,1.0
8,5.0,cell,UMP_Q_C_full_excess_purity,0.820909849947191,25,25,1.0
8,5.0,cell,UMP_Q_C_full_excess_capture,0.4104549249735955,25,25,1.0
8,5.0,cell,UMP_Q_C_full_largest_canonical_correlation,0.9464237957193113,25,25,1.0
8,5.0,cell,UMP_Q_C_full_smallest_principal_angle,0.32878829226054274,25,25,1.0
8,5.0,cell,U4_Q_C_full_dim_U,4.0,25,25,1.0
8,5.0,cell,U4_Q_C_full_dim_Q,4.0,25,25,1.0
8,5.0,cell,U4_Q_C_full_shared_energy,2.0865189704539335,25,25,1.0
8,5.0,cell,U4_Q_C_full_purity,0.5216297426134834,25,25,1.0
8,5.0,cell,U4_Q_C_full_capture,0.5216297426134834,25,25,1.0
8,5.0,cell,U4_Q_C_full_expected_random_purity,0.04,25,25,1.0
8,5.0,cell,U4_Q_C_full_expected_random_capture,0.04,25,25,1.0
8,5.0,cell,U4_Q_C_full_excess_purity,0.4816297426134834,25,25,1.0
8,5.0,cell,U4_Q_C_full_excess_capture,0.4816297426134834,25,25,1.0
8,5.0,cell,U4_Q_C_full_largest_canonical_correlation,0.9472223455885198,25,25,1.0
8,5.0,cell,U4_Q_C_full_smallest_principal_angle,0.3262999819247146,25,25,1.0
8,5.0,cell,UMP_Q_P4_dim_U,2.0,25,25,1.0
8,5.0,cell,UMP_Q_P4_dim_Q,4.0,25,25,1.0
8,5.0,cell,UMP_Q_P4_shared_energy,1.7486924788408522,25,25,1.0
8,5.0,cell,UMP_Q_P4_purity,0.8743462394204261,25,25,1.0
8,5.0,cell,UMP_Q_P4_capture,0.43717311971021294,25,25,1.0
8,5.0,cell,UMP_Q_P4_expected_random_purity,0.04,25,25,1.0
8,5.0,cell,UMP_Q_P4_expected_random_capture,0.02,25,25,1.0
8,5.0,cell,UMP_Q_P4_excess_purity,0.834346239420426,25,25,1.0
8,5.0,cell,UMP_Q_P4_excess_capture,0.41717311971021287,25,25,1.0
8,5.0,cell,UMP_Q_P4_largest_canonical_correlation,0.9532213817936355,25,25,1.0
8,5.0,cell,UMP_Q_P4_smallest_principal_angle,0.3070395931760558,25,25,1.0
8,5.0,cell,U4_Q_P4_dim_U,4.0,25,25,1.0
8,5.0,cell,U4_Q_P4_dim_Q,4.0,25,25,1.0
8,5.0,cell,U4_Q_P4_shared_energy,2.121704931803352,25,25,1.0
8,5.0,cell,U4_Q_P4_purity,0.530426232950838,25,25,1.0
8,5.0,cell,U4_Q_P4_capture,0.530426232950838,25,25,1.0
8,5.0,cell,U4_Q_P4_expected_random_purity,0.04,25,25,1.0
8,5.0,cell,U4_Q_P4_expected_random_capture,0.04,25,25,1.0
8,5.0,cell,U4_Q_P4_excess_purity,0.490426232950838,25,25,1.0
8,5.0,cell,U4_Q_P4_excess_capture,0.490426232950838,25,25,1.0
8,5.0,cell,U4_Q_P4_largest_canonical_correlation,0.9539455413834859,25,25,1.0
8,5.0,cell,U4_Q_P4_smallest_principal_angle,0.304636254588314,25,25,1.0
8,5.0,cell,QR_Q_F_dim_U,5.0,25,25,1.0
8,5.0,cell,QR_Q_F_dim_Q,5.0,25,25,1.0
8,5.0,cell,QR_Q_F_shared_energy,4.9676937658715286,25,25,1.0
8,5.0,cell,QR_Q_F_purity,0.9935387531743057,25,25,1.0
8,5.0,cell,QR_Q_F_capture,0.9935387531743057,25,25,1.0
8,5.0,cell,QR_Q_F_expected_random_purity,0.05000000000000001,25,25,1.0
8,5.0,cell,QR_Q_F_expected_random_capture,0.05000000000000001,25,25,1.0
8,5.0,cell,QR_Q_F_excess_purity,0.9435387531743058,25,25,1.0
8,5.0,cell,QR_Q_F_excess_capture,0.9435387531743058,25,25,1.0
8,5.0,cell,QR_Q_F_largest_canonical_correlation,0.9995443981570657,25,25,1.0
8,5.0,cell,QR_Q_F_smallest_principal_angle,0.030168706397491488,25,25,1.0
8,5.0,cell,QR_Q_C_dim_U,5.0,25,25,1.0
8,5.0,cell,QR_Q_C_dim_Q,3.0,25,25,1.0
8,5.0,cell,QR_Q_C_shared_energy,0.26067190514951283,25,25,1.0
8,5.0,cell,QR_Q_C_purity,0.05213438102990252,25,25,1.0
8,5.0,cell,QR_Q_C_capture,0.08689063504983757,25,25,1.0
8,5.0,cell,QR_Q_C_expected_random_purity,0.03,25,25,1.0
8,5.0,cell,QR_Q_C_expected_random_capture,0.05000000000000001,25,25,1.0
8,5.0,cell,QR_Q_C_excess_purity,0.022134381029902516,25,25,1.0
8,5.0,cell,QR_Q_C_excess_capture,0.03689063504983756,25,25,1.0
8,5.0,cell,QR_Q_C_largest_canonical_correlation,0.40324863725117455,25,25,1.0
8,5.0,cell,QR_Q_C_smallest_principal_angle,1.1556774361509192,25,25,1.0
8,5.0,cell,QR_Q_C_unique_dim_U,5.0,25,25,1.0
8,5.0,cell,QR_Q_C_unique_dim_Q,3.0,25,25,1.0
8,5.0,cell,QR_Q_C_unique_shared_energy,0.01599592974142449,25,25,1.0
8,5.0,cell,QR_Q_C_unique_purity,0.0031991859482848562,25,25,1.0
8,5.0,cell,QR_Q_C_unique_capture,0.005331976580474796,25,25,1.0
8,5.0,cell,QR_Q_C_unique_expected_random_purity,0.03,25,25,1.0
8,5.0,cell,QR_Q_C_unique_expected_random_capture,0.05000000000000001,25,25,1.0
8,5.0,cell,QR_Q_C_unique_excess_purity,-0.02680081405171504,25,25,1.0
8,5.0,cell,QR_Q_C_unique_excess_capture,-0.0446680234195251,25,25,1.0
8,5.0,cell,QR_Q_C_unique_largest_canonical_correlation,0.122939671808536,25,25,1.0
8,5.0,cell,QR_Q_C_unique_smallest_principal_angle,1.447512659079828,25,25,1.0
8,5.0,cell,QR_Q_C_full_dim_U,5.0,25,25,1.0
8,5.0,cell,QR_Q_C_full_dim_Q,4.0,25,25,1.0
8,5.0,cell,QR_Q_C_full_shared_energy,0.2762229372708737,25,25,1.0
8,5.0,cell,QR_Q_C_full_purity,0.0552445874541747,25,25,1.0
8,5.0,cell,QR_Q_C_full_capture,0.06905573431771839,25,25,1.0
8,5.0,cell,QR_Q_C_full_expected_random_purity,0.04,25,25,1.0
8,5.0,cell,QR_Q_C_full_expected_random_capture,0.05000000000000001,25,25,1.0
8,5.0,cell,QR_Q_C_full_excess_purity,0.015244587454174688,25,25,1.0
8,5.0,cell,QR_Q_C_full_excess_capture,0.019055734317718377,25,25,1.0
8,5.0,cell,QR_Q_C_full_largest_canonical_correlation,0.4042819030210619,25,25,1.0
8,5.0,cell,QR_Q_C_full_smallest_principal_angle,1.1545442447745504,25,25,1.0
8,5.0,cell,QR_Q_P4_dim_U,5.0,25,25,1.0
8,5.0,cell,QR_Q_P4_dim_Q,4.0,25,25,1.0
8,5.0,cell,QR_Q_P4_shared_energy,0.2704482968769828,25,25,1.0
8,5.0,cell,QR_Q_P4_purity,0.05408965937539652,25,25,1.0
8,5.0,cell,QR_Q_P4_capture,0.06761207421924566,25,25,1.0
8,5.0,cell,QR_Q_P4_expected_random_purity,0.04,25,25,1.0
8,5.0,cell,QR_Q_P4_expected_random_capture,0.05000000000000001,25,25,1.0
8,5.0,cell,QR_Q_P4_excess_purity,0.014089659375396515,25,25,1.0
8,5.0,cell,QR_Q_P4_excess_capture,0.017612074219245658,25,25,1.0
8,5.0,cell,QR_Q_P4_largest_canonical_correlation,0.3899166740109436,25,25,1.0
8,5.0,cell,QR_Q_P4_smallest_principal_angle,1.1701738609049592,25,25,1.0
8,7.0,cell,UMP_Q_F_dim_U,2.4,25,25,1.0
8,7.0,cell,UMP_Q_F_dim_Q,5.0,25,25,1.0
8,7.0,cell,UMP_Q_F_shared_energy,0.00029392653160660603,25,25,1.0
8,7.0,cell,UMP_Q_F_purity,0.00011925632831786457,25,25,1.0
8,7.0,cell,UMP_Q_F_capture,5.8785306321329996e-05,25,25,1.0
8,7.0,cell,UMP_Q_F_expected_random_purity,0.05000000000000001,25,25,1.0
8,7.0,cell,UMP_Q_F_expected_random_capture,0.024000000000000004,25,25,1.0
8,7.0,cell,UMP_Q_F_excess_purity,-0.04988074367168207,25,25,1.0
8,7.0,cell,UMP_Q_F_excess_capture,-0.02394121469367862,25,25,1.0
8,7.0,cell,UMP_Q_F_largest_canonical_correlation,0.014202514211125828,25,25,1.0
8,7.0,cell,UMP_Q_F_smallest_principal_angle,1.5565932719078568,25,25,1.0
8,7.0,cell,U4_Q_F_dim_U,4.0,25,25,1.0
8,7.0,cell,U4_Q_F_dim_Q,5.0,25,25,1.0
8,7.0,cell,U4_Q_F_shared_energy,0.000525715445816664,25,25,1.0
8,7.0,cell,U4_Q_F_purity,0.00013142886145413454,25,25,1.0
8,7.0,cell,U4_Q_F_capture,0.00010514308916331208,25,25,1.0
8,7.0,cell,U4_Q_F_expected_random_purity,0.05000000000000001,25,25,1.0
8,7.0,cell,U4_Q_F_expected_random_capture,0.04,25,25,1.0
8,7.0,cell,U4_Q_F_excess_purity,-0.049868571138545786,25,25,1.0
8,7.0,cell,U4_Q_F_excess_capture,-0.03989485691083661,25,25,1.0
8,7.0,cell,U4_Q_F_largest_canonical_correlation,0.017339202784628895,25,25,1.0
8,7.0,cell,U4_Q_F_smallest_principal_angle,1.5534562227142716,25,25,1.0
8,7.0,cell,UMP_Q_F_unique_dim_U,2.4,25,25,1.0
8,7.0,cell,UMP_Q_F_unique_dim_Q,5.0,25,25,1.0
8,7.0,cell,UMP_Q_F_unique_shared_energy,0.011758122530812884,25,25,1.0
8,7.0,cell,UMP_Q_F_unique_purity,0.004775873093544664,25,25,1.0
8,7.0,cell,UMP_Q_F_unique_capture,0.002351624506162544,25,25,1.0
8,7.0,cell,UMP_Q_F_unique_expected_random_purity,0.05000000000000001,25,25,1.0
8,7.0,cell,UMP_Q_F_unique_expected_random_capture,0.024000000000000004,25,25,1.0
8,7.0,cell,UMP_Q_F_unique_excess_purity,-0.04522412690645524,25,25,1.0
8,7.0,cell,UMP_Q_F_unique_excess_capture,-0.021648375493837357,25,25,1.0
8,7.0,cell,UMP_Q_F_unique_largest_canonical_correlation,0.09408413258775793,25,25,1.0
8,7.0,cell,UMP_Q_F_unique_smallest_principal_angle,1.4765030837601874,25,25,1.0
8,7.0,cell,U4_Q_F_unique_dim_U,4.0,25,25,1.0
8,7.0,cell,U4_Q_F_unique_dim_Q,5.0,25,25,1.0
8,7.0,cell,U4_Q_F_unique_shared_energy,0.019860058341085694,25,25,1.0
8,7.0,cell,U4_Q_F_unique_purity,0.004965014585271388,25,25,1.0
8,7.0,cell,U4_Q_F_unique_capture,0.003972011668217096,25,25,1.0
8,7.0,cell,U4_Q_F_unique_expected_random_purity,0.05000000000000001,25,25,1.0
8,7.0,cell,U4_Q_F_unique_expected_random_capture,0.04,25,25,1.0
8,7.0,cell,U4_Q_F_unique_excess_purity,-0.04503498541472852,25,25,1.0
8,7.0,cell,U4_Q_F_unique_excess_capture,-0.036027988331782806,25,25,1.0
8,7.0,cell,U4_Q_F_unique_largest_canonical_correlation,0.13145222881431415,25,25,1.0
8,7.0,cell,U4_Q_F_unique_smallest_principal_angle,1.4389248231833511,25,25,1.0
8,7.0,cell,UMP_Q_C_dim_U,2.4,25,25,1.0
8,7.0,cell,UMP_Q_C_dim_Q,3.0,25,25,1.0
8,7.0,cell,UMP_Q_C_shared_energy,0.19389037377482296,25,25,1.0
8,7.0,cell,UMP_Q_C_purity,0.08087666609861661,25,25,1.0
8,7.0,cell,UMP_Q_C_capture,0.06463012459160762,25,25,1.0
8,7.0,cell,UMP_Q_C_expected_random_purity,0.03,25,25,1.0
8,7.0,cell,UMP_Q_C_expected_random_capture,0.024000000000000004,25,25,1.0
8,7.0,cell,UMP_Q_C_excess_purity,0.05087666609861663,25,25,1.0
8,7.0,cell,UMP_Q_C_excess_capture,0.04063012459160762,25,25,1.0
8,7.0,cell,UMP_Q_C_largest_canonical_correlation,0.3678171141675615,25,25,1.0
8,7.0,cell,UMP_Q_C_smallest_principal_angle,1.1936281378466491,25,25,1.0
8,7.0,cell,U4_Q_C_dim_U,4.0,25,25,1.0
8,7.0,cell,U4_Q_C_dim_Q,3.0,25,25,1.0
8,7.0,cell,U4_Q_C_shared_energy,0.2770656211392888,25,25,1.0
8,7.0,cell,U4_Q_C_purity,0.06926640528482216,25,25,1.0
8,7.0,cell,U4_Q_C_capture,0.09235520704642956,25,25,1.0
8,7.0,cell,U4_Q_C_expected_random_purity,0.03,25,25,1.0
8,7.0,cell,U4_Q_C_expected_random_capture,0.04,25,25,1.0
8,7.0,cell,U4_Q_C_excess_purity,0.03926640528482216,25,25,1.0
8,7.0,cell,U4_Q_C_excess_capture,0.052355207046429555,25,25,1.0
8,7.0,cell,U4_Q_C_largest_canonical_correlation,0.41493108292132846,25,25,1.0
8,7.0,cell,U4_Q_C_smallest_principal_angle,1.1425179815787772,25,25,1.0
8,7.0,cell,UMP_Q_C_unique_dim_U,2.4,25,25,1.0
8,7.0,cell,UMP_Q_C_unique_dim_Q,3.0,25,25,1.0
8,7.0,cell,UMP_Q_C_unique_shared_energy,0.2053545697740292,25,25,1.0
8,7.0,cell,UMP_Q_C_unique_purity,0.08553328286384343,25,25,1.0
8,7.0,cell,UMP_Q_C_unique_capture,0.0684515232580097,25,25,1.0
8,7.0,cell,UMP_Q_C_unique_expected_random_purity,0.03,25,25,1.0
8,7.0,cell,UMP_Q_C_unique_expected_random_capture,0.024000000000000004,25,25,1.0
8,7.0,cell,UMP_Q_C_unique_excess_purity,0.055533282863843424,25,25,1.0
8,7.0,cell,UMP_Q_C_unique_excess_capture,0.04445152325800969,25,25,1.0
8,7.0,cell,UMP_Q_C_unique_largest_canonical_correlation,0.3776244142112416,25,25,1.0
8,7.0,cell,UMP_Q_C_unique_smallest_principal_angle,1.1830108301521012,25,25,1.0
8,7.0,cell,U4_Q_C_unique_dim_U,4.0,25,25,1.0
8,7.0,cell,U4_Q_C_unique_dim_Q,3.0,25,25,1.0
8,7.0,cell,U4_Q_C_unique_shared_energy,0.29639996403455776,25,25,1.0
8,7.0,cell,U4_Q_C_unique_purity,0.0740999910086394,25,25,1.0
8,7.0,cell,U4_Q_C_unique_capture,0.09879998801151922,25,25,1.0
8,7.0,cell,U4_Q_C_unique_expected_random_purity,0.03,25,25,1.0
8,7.0,cell,U4_Q_C_unique_expected_random_capture,0.04,25,25,1.0
8,7.0,cell,U4_Q_C_unique_excess_purity,0.044099991008639414,25,25,1.0
8,7.0,cell,U4_Q_C_unique_excess_capture,0.058799988011519214,25,25,1.0
8,7.0,cell,U4_Q_C_unique_largest_canonical_correlation,0.428073833345835,25,25,1.0
8,7.0,cell,U4_Q_C_unique_smallest_principal_angle,1.1279298567305616,25,25,1.0
8,7.0,cell,UMP_Q_C_full_dim_U,2.4,25,25,1.0
8,7.0,cell,UMP_Q_C_full_dim_Q,4.0,25,25,1.0
8,7.0,cell,UMP_Q_C_full_shared_energy,0.2537563797315963,25,25,1.0
8,7.0,cell,UMP_Q_C_full_purity,0.10636498670442053,25,25,1.0
8,7.0,cell,UMP_Q_C_full_capture,0.06343909493289904,25,25,1.0
8,7.0,cell,UMP_Q_C_full_expected_random_purity,0.04,25,25,1.0
8,7.0,cell,UMP_Q_C_full_expected_random_capture,0.024000000000000004,25,25,1.0
8,7.0,cell,UMP_Q_C_full_excess_purity,0.06636498670442052,25,25,1.0
8,7.0,cell,UMP_Q_C_full_excess_capture,0.039439094932899044,25,25,1.0
8,7.0,cell,UMP_Q_C_full_largest_canonical_correlation,0.4247825396885235,25,25,1.0
8,7.0,cell,UMP_Q_C_full_smallest_principal_angle,1.1313394279969076,25,25,1.0
8,7.0,cell,U4_Q_C_full_dim_U,4.0,25,25,1.0
8,7.0,cell,U4_Q_C_full_dim_Q,4.0,25,25,1.0
8,7.0,cell,U4_Q_C_full_shared_energy,0.35415300585813897,25,25,1.0
8,7.0,cell,U4_Q_C_full_purity,0.0885382514645347,25,25,1.0
8,7.0,cell,U4_Q_C_full_capture,0.0885382514645347,25,25,1.0
8,7.0,cell,U4_Q_C_full_expected_random_purity,0.04,25,25,1.0
8,7.0,cell,U4_Q_C_full_expected_random_capture,0.04,25,25,1.0
8,7.0,cell,U4_Q_C_full_excess_purity,0.0485382514645347,25,25,1.0
8,7.0,cell,U4_Q_C_full_excess_capture,0.0485382514645347,25,25,1.0
8,7.0,cell,U4_Q_C_full_largest_canonical_correlation,0.4609296794547798,25,25,1.0
8,7.0,cell,U4_Q_C_full_smallest_principal_angle,1.091402233936101,25,25,1.0
8,7.0,cell,UMP_Q_P4_dim_U,2.4,25,25,1.0
8,7.0,cell,UMP_Q_P4_dim_Q,4.0,25,25,1.0
8,7.0,cell,UMP_Q_P4_shared_energy,0.2569591326499047,25,25,1.0
8,7.0,cell,UMP_Q_P4_purity,0.10825474213439996,25,25,1.0
8,7.0,cell,UMP_Q_P4_capture,0.06423978316247612,25,25,1.0
8,7.0,cell,UMP_Q_P4_expected_random_purity,0.04,25,25,1.0
8,7.0,cell,UMP_Q_P4_expected_random_capture,0.024000000000000004,25,25,1.0
8,7.0,cell,UMP_Q_P4_excess_purity,0.06825474213439994,25,25,1.0
8,7.0,cell,UMP_Q_P4_excess_capture,0.040239783162476124,25,25,1.0
8,7.0,cell,UMP_Q_P4_largest_canonical_correlation,0.4357928736392323,25,25,1.0
8,7.0,cell,UMP_Q_P4_smallest_principal_angle,1.119066219951619,25,25,1.0
8,7.0,cell,U4_Q_P4_dim_U,4.0,25,25,1.0
8,7.0,cell,U4_Q_P4_dim_Q,4.0,25,25,1.0
8,7.0,cell,U4_Q_P4_shared_energy,0.3515427644239167,25,25,1.0
8,7.0,cell,U4_Q_P4_purity,0.08788569110597914,25,25,1.0
8,7.0,cell,U4_Q_P4_capture,0.08788569110597914,25,25,1.0
8,7.0,cell,U4_Q_P4_expected_random_purity,0.04,25,25,1.0
8,7.0,cell,U4_Q_P4_expected_random_capture,0.04,25,25,1.0
8,7.0,cell,U4_Q_P4_excess_purity,0.047885691105979136,25,25,1.0
8,7.0,cell,U4_Q_P4_excess_capture,0.047885691105979136,25,25,1.0
8,7.0,cell,U4_Q_P4_largest_canonical_correlation,0.4689457677298608,25,25,1.0
8,7.0,cell,U4_Q_P4_smallest_principal_angle,1.0823162150210404,25,25,1.0
8,7.0,cell,QR_Q_F_dim_U,7.0,25,25,1.0
8,7.0,cell,QR_Q_F_dim_Q,5.0,25,25,1.0
8,7.0,cell,QR_Q_F_shared_energy,4.986487645667739,25,25,1.0
8,7.0,cell,QR_Q_F_purity,0.7123553779525341,25,25,1.0
8,7.0,cell,QR_Q_F_capture,0.9972975291335479,25,25,1.0
8,7.0,cell,QR_Q_F_expected_random_purity,0.05000000000000001,25,25,1.0
8,7.0,cell,QR_Q_F_expected_random_capture,0.07,25,25,1.0
8,7.0,cell,QR_Q_F_excess_purity,0.6623553779525341,25,25,1.0
8,7.0,cell,QR_Q_F_excess_capture,0.9272975291335479,25,25,1.0
8,7.0,cell,QR_Q_F_largest_canonical_correlation,0.9995735728088454,25,25,1.0
8,7.0,cell,QR_Q_F_smallest_principal_angle,0.029195748794924495,25,25,1.0
8,7.0,cell,QR_Q_C_dim_U,7.0,25,25,1.0
8,7.0,cell,QR_Q_C_dim_Q,3.0,25,25,1.0
8,7.0,cell,QR_Q_C_shared_energy,1.4343265104441902,25,25,1.0
8,7.0,cell,QR_Q_C_purity,0.2049037872063129,25,25,1.0
8,7.0,cell,QR_Q_C_capture,0.47810883681473015,25,25,1.0
8,7.0,cell,QR_Q_C_expected_random_purity,0.03,25,25,1.0
8,7.0,cell,QR_Q_C_expected_random_capture,0.07,25,25,1.0
8,7.0,cell,QR_Q_C_excess_purity,0.17490378720631292,25,25,1.0
8,7.0,cell,QR_Q_C_excess_capture,0.4081088368147301,25,25,1.0
8,7.0,cell,QR_Q_C_largest_canonical_correlation,0.9821851321230884,25,25,1.0
8,7.0,cell,QR_Q_C_smallest_principal_angle,0.18891904413719435,25,25,1.0
8,7.0,cell,QR_Q_C_unique_dim_U,7.0,25,25,1.0
8,7.0,cell,QR_Q_C_unique_dim_Q,3.0,25,25,1.0
8,7.0,cell,QR_Q_C_unique_shared_energy,1.3271911205453184,25,25,1.0
8,7.0,cell,QR_Q_C_unique_purity,0.18959873150647405,25,25,1.0
8,7.0,cell,QR_Q_C_unique_capture,0.44239704018177284,25,25,1.0
8,7.0,cell,QR_Q_C_unique_expected_random_purity,0.03,25,25,1.0
8,7.0,cell,QR_Q_C_unique_expected_random_capture,0.07,25,25,1.0
8,7.0,cell,QR_Q_C_unique_excess_purity,0.15959873150647405,25,25,1.0
8,7.0,cell,QR_Q_C_unique_excess_capture,0.37239704018177283,25,25,1.0
8,7.0,cell,QR_Q_C_unique_largest_canonical_correlation,0.9807969080657213,25,25,1.0
8,7.0,cell,QR_Q_C_unique_smallest_principal_angle,0.19615866232673432,25,25,1.0
8,7.0,cell,QR_Q_C_full_dim_U,7.0,25,25,1.0
8,7.0,cell,QR_Q_C_full_dim_Q,4.0,25,25,1.0
8,7.0,cell,QR_Q_C_full_shared_energy,1.9997868398666596,25,25,1.0
8,7.0,cell,QR_Q_C_full_purity,0.28568383426666566,25,25,1.0
8,7.0,cell,QR_Q_C_full_capture,0.4999467099666648,25,25,1.0
8,7.0,cell,QR_Q_C_full_expected_random_purity,0.04,25,25,1.0
8,7.0,cell,QR_Q_C_full_expected_random_capture,0.07,25,25,1.0
8,7.0,cell,QR_Q_C_full_excess_purity,0.24568383426666565,25,25,1.0
8,7.0,cell,QR_Q_C_full_excess_capture,0.42994670996666484,25,25,1.0
8,7.0,cell,QR_Q_C_full_largest_canonical_correlation,0.9822769726031457,25,25,1.0
8,7.0,cell,QR_Q_C_full_smallest_principal_angle,0.1884385499347303,25,25,1.0
8,7.0,cell,QR_Q_P4_dim_U,7.0,25,25,1.0
8,7.0,cell,QR_Q_P4_dim_Q,4.0,25,25,1.0
8,7.0,cell,QR_Q_P4_shared_energy,2.0244847075428947,25,25,1.0
8,7.0,cell,QR_Q_P4_purity,0.2892121010775564,25,25,1.0
8,7.0,cell,QR_Q_P4_capture,0.5061211768857237,25,25,1.0
8,7.0,cell,QR_Q_P4_expected_random_purity,0.04,25,25,1.0
8,7.0,cell,QR_Q_P4_expected_random_capture,0.07,25,25,1.0
8,7.0,cell,QR_Q_P4_excess_purity,0.24921210107755637,25,25,1.0
8,7.0,cell,QR_Q_P4_excess_capture,0.43612117688572366,25,25,1.0
8,7.0,cell,QR_Q_P4_largest_canonical_correlation,0.9876635512015689,25,25,1.0
8,7.0,cell,QR_Q_P4_smallest_principal_angle,0.1569411224229094,25,25,1.0
9,3.0,cell,UMP_Q_F_dim_U,4.0,25,25,1.0
9,3.0,cell,UMP_Q_F_dim_Q,5.0,25,25,1.0
9,3.0,cell,UMP_Q_F_shared_energy,1.9681669922770275,25,25,1.0
9,3.0,cell,UMP_Q_F_purity,0.49204174806925677,25,25,1.0
9,3.0,cell,UMP_Q_F_capture,0.39363339845540546,25,25,1.0
9,3.0,cell,UMP_Q_F_expected_random_purity,0.05000000000000001,25,25,1.0
9,3.0,cell,UMP_Q_F_expected_random_capture,0.04,25,25,1.0
9,3.0,cell,UMP_Q_F_excess_purity,0.44204174806925683,25,25,1.0
9,3.0,cell,UMP_Q_F_excess_capture,0.3536333984554054,25,25,1.0
9,3.0,cell,UMP_Q_F_largest_canonical_correlation,0.9949590359641891,25,25,1.0
9,3.0,cell,UMP_Q_F_smallest_principal_angle,0.098983826500031,25,25,1.0
9,3.0,cell,U4_Q_F_dim_U,4.0,25,25,1.0
9,3.0,cell,U4_Q_F_dim_Q,5.0,25,25,1.0
9,3.0,cell,U4_Q_F_shared_energy,1.9681669922770275,25,25,1.0
9,3.0,cell,U4_Q_F_purity,0.49204174806925677,25,25,1.0
9,3.0,cell,U4_Q_F_capture,0.39363339845540546,25,25,1.0
9,3.0,cell,U4_Q_F_expected_random_purity,0.05000000000000001,25,25,1.0
9,3.0,cell,U4_Q_F_expected_random_capture,0.04,25,25,1.0
9,3.0,cell,U4_Q_F_excess_purity,0.44204174806925683,25,25,1.0
9,3.0,cell,U4_Q_F_excess_capture,0.3536333984554054,25,25,1.0
9,3.0,cell,U4_Q_F_largest_canonical_correlation,0.9949590359641891,25,25,1.0
9,3.0,cell,U4_Q_F_smallest_principal_angle,0.098983826500031,25,25,1.0
9,3.0,cell,UMP_Q_F_unique_dim_U,4.0,25,25,1.0
9,3.0,cell,UMP_Q_F_unique_dim_Q,5.0,25,25,1.0
9,3.0,cell,UMP_Q_F_unique_shared_energy,2.0148901659048364,25,25,1.0
9,3.0,cell,UMP_Q_F_unique_purity,0.5037225414762091,25,25,1.0
9,3.0,cell,UMP_Q_F_unique_capture,0.4029780331809672,25,25,1.0
9,3.0,cell,UMP_Q_F_unique_expected_random_purity,0.05000000000000001,25,25,1.0
9,3.0,cell,UMP_Q_F_unique_expected_random_capture,0.04,25,25,1.0
9,3.0,cell,UMP_Q_F_unique_excess_purity,0.453722541476209,25,25,1.0
9,3.0,cell,UMP_Q_F_unique_excess_capture,0.3629780331809671,25,25,1.0
9,3.0,cell,UMP_Q_F_unique_largest_canonical_correlation,0.9924060352346509,25,25,1.0
9,3.0,cell,UMP_Q_F_unique_smallest_principal_angle,0.12240180391287703,25,25,1.0
9,3.0,cell,U4_Q_F_unique_dim_U,4.0,25,25,1.0
9,3.0,cell,U4_Q_F_unique_dim_Q,5.0,25,25,1.0
9,3.0,cell,U4_Q_F_unique_shared_energy,2.0148901659048364,25,25,1.0
9,3.0,cell,U4_Q_F_unique_purity,0.5037225414762091,25,25,1.0
9,3.0,cell,U4_Q_F_unique_capture,0.4029780331809672,25,25,1.0
9,3.0,cell,U4_Q_F_unique_expected_random_purity,0.05000000000000001,25,25,1.0
9,3.0,cell,U4_Q_F_unique_expected_random_capture,0.04,25,25,1.0
9,3.0,cell,U4_Q_F_unique_excess_purity,0.453722541476209,25,25,1.0
9,3.0,cell,U4_Q_F_unique_excess_capture,0.3629780331809671,25,25,1.0
9,3.0,cell,U4_Q_F_unique_largest_canonical_correlation,0.9924060352346509,25,25,1.0
9,3.0,cell,U4_Q_F_unique_smallest_principal_angle,0.12240180391287703,25,25,1.0
9,3.0,cell,UMP_Q_C_dim_U,4.0,25,25,1.0
9,3.0,cell,UMP_Q_C_dim_Q,3.0,25,25,1.0
9,3.0,cell,UMP_Q_C_shared_energy,1.2601169696882994,25,25,1.0
9,3.0,cell,UMP_Q_C_purity,0.3150292424220748,25,25,1.0
9,3.0,cell,UMP_Q_C_capture,0.4200389898960998,25,25,1.0
9,3.0,cell,UMP_Q_C_expected_random_purity,0.03,25,25,1.0
9,3.0,cell,UMP_Q_C_expected_random_capture,0.04,25,25,1.0
9,3.0,cell,UMP_Q_C_excess_purity,0.28502924242207484,25,25,1.0
9,3.0,cell,UMP_Q_C_excess_capture,0.38003898989609974,25,25,1.0
9,3.0,cell,UMP_Q_C_largest_canonical_correlation,0.9402475065079056,25,25,1.0
9,3.0,cell,UMP_Q_C_smallest_principal_angle,0.3471302064818604,25,25,1.0
9,3.0,cell,U4_Q_C_dim_U,4.0,25,25,1.0
9,3.0,cell,U4_Q_C_dim_Q,3.0,25,25,1.0
9,3.0,cell,U4_Q_C_shared_energy,1.2601169696882994,25,25,1.0
9,3.0,cell,U4_Q_C_purity,0.3150292424220748,25,25,1.0
9,3.0,cell,U4_Q_C_capture,0.4200389898960998,25,25,1.0
9,3.0,cell,U4_Q_C_expected_random_purity,0.03,25,25,1.0
9,3.0,cell,U4_Q_C_expected_random_capture,0.04,25,25,1.0
9,3.0,cell,U4_Q_C_excess_purity,0.28502924242207484,25,25,1.0
9,3.0,cell,U4_Q_C_excess_capture,0.38003898989609974,25,25,1.0
9,3.0,cell,U4_Q_C_largest_canonical_correlation,0.9402475065079056,25,25,1.0
9,3.0,cell,U4_Q_C_smallest_principal_angle,0.3471302064818604,25,25,1.0
9,3.0,cell,UMP_Q_C_unique_dim_U,4.0,25,25,1.0
9,3.0,cell,UMP_Q_C_unique_dim_Q,3.0,25,25,1.0
9,3.0,cell,UMP_Q_C_unique_shared_energy,1.3068401433161085,25,25,1.0
9,3.0,cell,UMP_Q_C_unique_purity,0.32671003582902713,25,25,1.0
9,3.0,cell,UMP_Q_C_unique_capture,0.4356133811053695,25,25,1.0
9,3.0,cell,UMP_Q_C_unique_expected_random_purity,0.03,25,25,1.0
9,3.0,cell,UMP_Q_C_unique_expected_random_capture,0.04,25,25,1.0
9,3.0,cell,UMP_Q_C_unique_excess_purity,0.29671003582902705,25,25,1.0
9,3.0,cell,UMP_Q_C_unique_excess_capture,0.39561338110536953,25,25,1.0
9,3.0,cell,UMP_Q_C_unique_largest_canonical_correlation,0.9617474002851074,25,25,1.0
9,3.0,cell,UMP_Q_C_unique_smallest_principal_angle,0.27712629864900745,25,25,1.0
9,3.0,cell,U4_Q_C_unique_dim_U,4.0,25,25,1.0
9,3.0,cell,U4_Q_C_unique_dim_Q,3.0,25,25,1.0
9,3.0,cell,U4_Q_C_unique_shared_energy,1.3068401433161085,25,25,1.0
9,3.0,cell,U4_Q_C_unique_purity,0.32671003582902713,25,25,1.0
9,3.0,cell,U4_Q_C_unique_capture,0.4356133811053695,25,25,1.0
9,3.0,cell,U4_Q_C_unique_expected_random_purity,0.03,25,25,1.0
9,3.0,cell,U4_Q_C_unique_expected_random_capture,0.04,25,25,1.0
9,3.0,cell,U4_Q_C_unique_excess_purity,0.29671003582902705,25,25,1.0
9,3.0,cell,U4_Q_C_unique_excess_capture,0.39561338110536953,25,25,1.0
9,3.0,cell,U4_Q_C_unique_largest_canonical_correlation,0.9617474002851074,25,25,1.0
9,3.0,cell,U4_Q_C_unique_smallest_principal_angle,0.27712629864900745,25,25,1.0
9,3.0,cell,UMP_Q_C_full_dim_U,4.0,25,25,1.0
9,3.0,cell,UMP_Q_C_full_dim_Q,4.0,25,25,1.0
9,3.0,cell,UMP_Q_C_full_shared_energy,1.8225143703602262,25,25,1.0
9,3.0,cell,UMP_Q_C_full_purity,0.45562859259005656,25,25,1.0
9,3.0,cell,UMP_Q_C_full_capture,0.45562859259005656,25,25,1.0
9,3.0,cell,UMP_Q_C_full_expected_random_purity,0.04,25,25,1.0
9,3.0,cell,UMP_Q_C_full_expected_random_capture,0.04,25,25,1.0
9,3.0,cell,UMP_Q_C_full_excess_purity,0.4156285925900566,25,25,1.0
9,3.0,cell,UMP_Q_C_full_excess_capture,0.4156285925900566,25,25,1.0
9,3.0,cell,UMP_Q_C_full_largest_canonical_correlation,0.9555694810280819,25,25,1.0
9,3.0,cell,UMP_Q_C_full_smallest_principal_angle,0.2991585043453819,25,25,1.0
9,3.0,cell,U4_Q_C_full_dim_U,4.0,25,25,1.0
9,3.0,cell,U4_Q_C_full_dim_Q,4.0,25,25,1.0
9,3.0,cell,U4_Q_C_full_shared_energy,1.8225143703602262,25,25,1.0
9,3.0,cell,U4_Q_C_full_purity,0.45562859259005656,25,25,1.0
9,3.0,cell,U4_Q_C_full_capture,0.45562859259005656,25,25,1.0
9,3.0,cell,U4_Q_C_full_expected_random_purity,0.04,25,25,1.0
9,3.0,cell,U4_Q_C_full_expected_random_capture,0.04,25,25,1.0
9,3.0,cell,U4_Q_C_full_excess_purity,0.4156285925900566,25,25,1.0
9,3.0,cell,U4_Q_C_full_excess_capture,0.4156285925900566,25,25,1.0
9,3.0,cell,U4_Q_C_full_largest_canonical_correlation,0.9555694810280819,25,25,1.0
9,3.0,cell,U4_Q_C_full_smallest_principal_angle,0.2991585043453819,25,25,1.0
9,3.0,cell,UMP_Q_P4_dim_U,4.0,25,25,1.0
9,3.0,cell,UMP_Q_P4_dim_Q,4.0,25,25,1.0
9,3.0,cell,UMP_Q_P4_shared_energy,1.8459923755504526,25,25,1.0
9,3.0,cell,UMP_Q_P4_purity,0.46149809388761315,25,25,1.0
9,3.0,cell,UMP_Q_P4_capture,0.46149809388761315,25,25,1.0
9,3.0,cell,UMP_Q_P4_expected_random_purity,0.04,25,25,1.0
9,3.0,cell,UMP_Q_P4_expected_random_capture,0.04,25,25,1.0
9,3.0,cell,UMP_Q_P4_excess_purity,0.42149809388761317,25,25,1.0
9,3.0,cell,UMP_Q_P4_excess_capture,0.42149809388761317,25,25,1.0
9,3.0,cell,UMP_Q_P4_largest_canonical_correlation,0.9616614618459113,25,25,1.0
9,3.0,cell,UMP_Q_P4_smallest_principal_angle,0.27774157086484874,25,25,1.0
9,3.0,cell,U4_Q_P4_dim_U,4.0,25,25,1.0
9,3.0,cell,U4_Q_P4_dim_Q,4.0,25,25,1.0
9,3.0,cell,U4_Q_P4_shared_energy,1.8459923755504526,25,25,1.0
9,3.0,cell,U4_Q_P4_purity,0.46149809388761315,25,25,1.0
9,3.0,cell,U4_Q_P4_capture,0.46149809388761315,25,25,1.0
9,3.0,cell,U4_Q_P4_expected_random_purity,0.04,25,25,1.0
9,3.0,cell,U4_Q_P4_expected_random_capture,0.04,25,25,1.0
9,3.0,cell,U4_Q_P4_excess_purity,0.42149809388761317,25,25,1.0
9,3.0,cell,U4_Q_P4_excess_capture,0.42149809388761317,25,25,1.0
9,3.0,cell,U4_Q_P4_largest_canonical_correlation,0.9616614618459113,25,25,1.0
9,3.0,cell,U4_Q_P4_smallest_principal_angle,0.27774157086484874,25,25,1.0
9,3.0,cell,QR_Q_F_dim_U,3.0,25,25,1.0
9,3.0,cell,QR_Q_F_dim_Q,5.0,25,25,1.0
9,3.0,cell,QR_Q_F_shared_energy,2.9930645314277213,25,25,1.0
9,3.0,cell,QR_Q_F_purity,0.9976881771425735,25,25,1.0
9,3.0,cell,QR_Q_F_capture,0.5986129062855442,25,25,1.0
9,3.0,cell,QR_Q_F_expected_random_purity,0.05000000000000001,25,25,1.0
9,3.0,cell,QR_Q_F_expected_random_capture,0.03,25,25,1.0
9,3.0,cell,QR_Q_F_excess_purity,0.9476881771425737,25,25,1.0
9,3.0,cell,QR_Q_F_excess_capture,0.5686129062855442,25,25,1.0
9,3.0,cell,QR_Q_F_largest_canonical_correlation,0.9992543497344013,25,25,1.0
9,3.0,cell,QR_Q_F_smallest_principal_angle,0.038573644894557495,25,25,1.0
9,3.0,cell,QR_Q_C_dim_U,3.0,25,25,1.0
9,3.0,cell,QR_Q_C_dim_Q,3.0,25,25,1.0
9,3.0,cell,QR_Q_C_shared_energy,0.14635776204321663,25,25,1.0
9,3.0,cell,QR_Q_C_purity,0.04878592068107217,25,25,1.0
9,3.0,cell,QR_Q_C_capture,0.04878592068107217,25,25,1.0
9,3.0,cell,QR_Q_C_expected_random_purity,0.03,25,25,1.0
9,3.0,cell,QR_Q_C_expected_random_capture,0.03,25,25,1.0
9,3.0,cell,QR_Q_C_excess_purity,0.018785920681072175,25,25,1.0
9,3.0,cell,QR_Q_C_excess_capture,0.018785920681072175,25,25,1.0
9,3.0,cell,QR_Q_C_largest_canonical_correlation,0.3036429859387037,25,25,1.0
9,3.0,cell,QR_Q_C_smallest_principal_angle,1.2622792076453049,25,25,1.0
9,3.0,cell,QR_Q_C_unique_dim_U,3.0,25,25,1.0
9,3.0,cell,QR_Q_C_unique_dim_Q,3.0,25,25,1.0
9,3.0,cell,QR_Q_C_unique_shared_energy,0.0016698204910300801,25,25,1.0
9,3.0,cell,QR_Q_C_unique_purity,0.000556606830343328,25,25,1.0
9,3.0,cell,QR_Q_C_unique_capture,0.000556606830343328,25,25,1.0
9,3.0,cell,QR_Q_C_unique_expected_random_purity,0.03,25,25,1.0
9,3.0,cell,QR_Q_C_unique_expected_random_capture,0.03,25,25,1.0
9,3.0,cell,QR_Q_C_unique_excess_purity,-0.029443393169656575,25,25,1.0
9,3.0,cell,QR_Q_C_unique_excess_capture,-0.029443393169656575,25,25,1.0
9,3.0,cell,QR_Q_C_unique_largest_canonical_correlation,0.0384808441951586,25,25,1.0
9,3.0,cell,QR_Q_C_unique_smallest_principal_angle,1.532305117090439,25,25,1.0
9,3.0,cell,QR_Q_C_full_dim_U,3.0,25,25,1.0
9,3.0,cell,QR_Q_C_full_dim_Q,4.0,25,25,1.0
9,3.0,cell,QR_Q_C_full_shared_energy,0.16311037121628824,25,25,1.0
9,3.0,cell,QR_Q_C_full_purity,0.05437012373876269,25,25,1.0
9,3.0,cell,QR_Q_C_full_capture,0.04077759280407202,25,25,1.0
9,3.0,cell,QR_Q_C_full_expected_random_purity,0.04,25,25,1.0
9,3.0,cell,QR_Q_C_full_expected_random_capture,0.03,25,25,1.0
9,3.0,cell,QR_Q_C_full_excess_purity,0.014370123738762697,25,25,1.0
9,3.0,cell,QR_Q_C_full_excess_capture,0.010777592804072013,25,25,1.0
9,3.0,cell,QR_Q_C_full_largest_canonical_correlation,0.3148757395856423,25,25,1.0
9,3.0,cell,QR_Q_C_full_smallest_principal_angle,1.2504687621018595,25,25,1.0
9,3.0,cell,QR_Q_P4_dim_U,3.0,25,25,1.0
9,3.0,cell,QR_Q_P4_dim_Q,4.0,25,25,1.0
9,3.0,cell,QR_Q_P4_shared_energy,0.19260733617110254,25,25,1.0
9,3.0,cell,QR_Q_P4_purity,0.06420244539036749,25,25,1.0
9,3.0,cell,QR_Q_P4_capture,0.0481518340427756,25,25,1.0
9,3.0,cell,QR_Q_P4_expected_random_purity,0.04,25,25,1.0
9,3.0,cell,QR_Q_P4_expected_random_capture,0.03,25,25,1.0
9,3.0,cell,QR_Q_P4_excess_purity,0.02420244539036747,25,25,1.0
9,3.0,cell,QR_Q_P4_excess_capture,0.01815183404277559,25,25,1.0
9,3.0,cell,QR_Q_P4_largest_canonical_correlation,0.3609131481677189,25,25,1.0
9,3.0,cell,QR_Q_P4_smallest_principal_angle,1.2015469200883315,25,25,1.0
9,5.0,cell,UMP_Q_F_dim_U,2.04,25,25,1.0
9,5.0,cell,UMP_Q_F_dim_Q,5.0,25,25,1.0
9,5.0,cell,UMP_Q_F_shared_energy,0.007658275204638481,25,25,1.0
9,5.0,cell,UMP_Q_F_purity,0.003782423704791244,25,25,1.0
9,5.0,cell,UMP_Q_F_capture,0.0015316550409276558,25,25,1.0
9,5.0,cell,UMP_Q_F_expected_random_purity,0.05000000000000001,25,25,1.0
9,5.0,cell,UMP_Q_F_expected_random_capture,0.0204,25,25,1.0
9,5.0,cell,UMP_Q_F_excess_purity,-0.04621757629520866,25,25,1.0
9,5.0,cell,UMP_Q_F_excess_capture,-0.01886834495907225,25,25,1.0
9,5.0,cell,UMP_Q_F_largest_canonical_correlation,0.0783528545601889,25,25,1.0
9,5.0,cell,UMP_Q_F_smallest_principal_angle,1.4923526236572593,25,25,1.0
9,5.0,cell,U4_Q_F_dim_U,4.0,25,25,1.0
9,5.0,cell,U4_Q_F_dim_Q,5.0,25,25,1.0
9,5.0,cell,U4_Q_F_shared_energy,0.008029853536866097,25,25,1.0
9,5.0,cell,U4_Q_F_purity,0.0020074633842165003,25,25,1.0
9,5.0,cell,U4_Q_F_capture,0.001605970707373172,25,25,1.0
9,5.0,cell,U4_Q_F_expected_random_purity,0.05000000000000001,25,25,1.0
9,5.0,cell,U4_Q_F_expected_random_capture,0.04,25,25,1.0
9,5.0,cell,U4_Q_F_excess_purity,-0.047992536615783406,25,25,1.0
9,5.0,cell,U4_Q_F_excess_capture,-0.038394029292626725,25,25,1.0
9,5.0,cell,U4_Q_F_largest_canonical_correlation,0.07878610667154151,25,25,1.0
9,5.0,cell,U4_Q_F_smallest_principal_angle,1.491918052895698,25,25,1.0
9,5.0,cell,UMP_Q_F_unique_dim_U,2.04,25,25,1.0
9,5.0,cell,UMP_Q_F_unique_dim_Q,5.0,25,25,1.0
9,5.0,cell,UMP_Q_F_unique_shared_energy,0.08540066330214532,25,25,1.0
9,5.0,cell,UMP_Q_F_unique_purity,0.042062447686483366,25,25,1.0
9,5.0,cell,UMP_Q_F_unique_capture,0.017080132660429025,25,25,1.0
9,5.0,cell,UMP_Q_F_unique_expected_random_purity,0.05000000000000001,25,25,1.0
9,5.0,cell,UMP_Q_F_unique_expected_random_capture,0.0204,25,25,1.0
9,5.0,cell,UMP_Q_F_unique_excess_purity,-0.00793755231351654,25,25,1.0
9,5.0,cell,UMP_Q_F_unique_excess_capture,-0.00331986733957088,25,25,1.0
9,5.0,cell,UMP_Q_F_unique_largest_canonical_correlation,0.22902519710082006,25,25,1.0
9,5.0,cell,UMP_Q_F_unique_smallest_principal_angle,1.3397182461919324,25,25,1.0
9,5.0,cell,U4_Q_F_unique_dim_U,4.0,25,25,1.0
9,5.0,cell,U4_Q_F_unique_dim_Q,5.0,25,25,1.0
9,5.0,cell,U4_Q_F_unique_shared_energy,0.10447059421229293,25,25,1.0
9,5.0,cell,U4_Q_F_unique_purity,0.026117648553073195,25,25,1.0
9,5.0,cell,U4_Q_F_unique_capture,0.020894118842458544,25,25,1.0
9,5.0,cell,U4_Q_F_unique_expected_random_purity,0.05000000000000001,25,25,1.0
9,5.0,cell,U4_Q_F_unique_expected_random_capture,0.04,25,25,1.0
9,5.0,cell,U4_Q_F_unique_excess_purity,-0.02388235144692671,25,25,1.0
9,5.0,cell,U4_Q_F_unique_excess_capture,-0.019105881157541357,25,25,1.0
9,5.0,cell,U4_Q_F_unique_largest_canonical_correlation,0.2382111792698648,25,25,1.0
9,5.0,cell,U4_Q_F_unique_smallest_principal_angle,1.33027082706475,25,25,1.0
9,5.0,cell,UMP_Q_C_dim_U,2.04,25,25,1.0
9,5.0,cell,UMP_Q_C_dim_Q,3.0,25,25,1.0
9,5.0,cell,UMP_Q_C_shared_energy,1.2965019629979664,25,25,1.0
9,5.0,cell,UMP_Q_C_purity,0.6382569262012148,25,25,1.0
9,5.0,cell,UMP_Q_C_capture,0.4321673209993221,25,25,1.0
9,5.0,cell,UMP_Q_C_expected_random_purity,0.03,25,25,1.0
9,5.0,cell,UMP_Q_C_expected_random_capture,0.0204,25,25,1.0
9,5.0,cell,UMP_Q_C_excess_purity,0.6082569262012147,25,25,1.0
9,5.0,cell,UMP_Q_C_excess_capture,0.4117673209993221,25,25,1.0
9,5.0,cell,UMP_Q_C_largest_canonical_correlation,0.9571347956488292,25,25,1.0
9,5.0,cell,UMP_Q_C_smallest_principal_angle,0.2935370287331616,25,25,1.0
9,5.0,cell,U4_Q_C_dim_U,4.0,25,25,1.0
9,5.0,cell,U4_Q_C_dim_Q,3.0,25,25,1.0
9,5.0,cell,U4_Q_C_shared_energy,1.679481727811553,25,25,1.0
9,5.0,cell,U4_Q_C_purity,0.4198704319528882,25,25,1.0
9,5.0,cell,U4_Q_C_capture,0.5598272426038511,25,25,1.0
9,5.0,cell,U4_Q_C_expected_random_purity,0.03,25,25,1.0
9,5.0,cell,U4_Q_C_expected_random_capture,0.04,25,25,1.0
9,5.0,cell,U4_Q_C_excess_purity,0.3898704319528883,25,25,1.0
9,5.0,cell,U4_Q_C_excess_capture,0.5198272426038509,25,25,1.0
9,5.0,cell,U4_Q_C_largest_canonical_correlation,0.9573383045339297,25,25,1.0
9,5.0,cell,U4_Q_C_smallest_principal_angle,0.2928472407515264,25,25,1.0
9,5.0,cell,UMP_Q_C_unique_dim_U,2.04,25,25,1.0
9,5.0,cell,UMP_Q_C_unique_dim_Q,3.0,25,25,1.0
9,5.0,cell,UMP_Q_C_unique_shared_energy,1.3742443510954732,25,25,1.0
9,5.0,cell,UMP_Q_C_unique_purity,0.6765369501829069,25,25,1.0
9,5.0,cell,UMP_Q_C_unique_capture,0.45808145036515774,25,25,1.0
9,5.0,cell,UMP_Q_C_unique_expected_random_purity,0.03,25,25,1.0
9,5.0,cell,UMP_Q_C_unique_expected_random_capture,0.0204,25,25,1.0
9,5.0,cell,UMP_Q_C_unique_excess_purity,0.6465369501829069,25,25,1.0
9,5.0,cell,UMP_Q_C_unique_excess_capture,0.4376814503651577,25,25,1.0
9,5.0,cell,UMP_Q_C_unique_largest_canonical_correlation,0.9801399438899692,25,25,1.0
9,5.0,cell,UMP_Q_C_unique_smallest_principal_angle,0.19944987278017096,25,25,1.0
9,5.0,cell,U4_Q_C_unique_dim_U,4.0,25,25,1.0
9,5.0,cell,U4_Q_C_unique_dim_Q,3.0,25,25,1.0
9,5.0,cell,U4_Q_C_unique_shared_energy,1.7759224684869794,25,25,1.0
9,5.0,cell,U4_Q_C_unique_purity,0.44398061712174475,25,25,1.0
9,5.0,cell,U4_Q_C_unique_capture,0.5919741561623265,25,25,1.0
9,5.0,cell,U4_Q_C_unique_expected_random_purity,0.03,25,25,1.0
9,5.0,cell,U4_Q_C_unique_expected_random_capture,0.04,25,25,1.0
9,5.0,cell,U4_Q_C_unique_excess_purity,0.41398061712174483,25,25,1.0
9,5.0,cell,U4_Q_C_unique_excess_capture,0.5519741561623265,25,25,1.0
9,5.0,cell,U4_Q_C_unique_largest_canonical_correlation,0.9802537360284319,25,25,1.0
9,5.0,cell,U4_Q_C_unique_smallest_principal_angle,0.1988814867599051,25,25,1.0
9,5.0,cell,UMP_Q_C_full_dim_U,2.04,25,25,1.0
9,5.0,cell,UMP_Q_C_full_dim_Q,4.0,25,25,1.0
9,5.0,cell,UMP_Q_C_full_shared_energy,1.8407224478162103,25,25,1.0
9,5.0,cell,UMP_Q_C_full_purity,0.9067538534730853,25,25,1.0
9,5.0,cell,UMP_Q_C_full_capture,0.4601806119540526,25,25,1.0
9,5.0,cell,UMP_Q_C_full_expected_random_purity,0.04,25,25,1.0
9,5.0,cell,UMP_Q_C_full_expected_random_capture,0.0204,25,25,1.0
9,5.0,cell,UMP_Q_C_full_excess_purity,0.8667538534730853,25,25,1.0
9,5.0,cell,UMP_Q_C_full_excess_capture,0.43978061195405255,25,25,1.0
9,5.0,cell,UMP_Q_C_full_largest_canonical_correlation,0.9650413130957748,25,25,1.0
9,5.0,cell,UMP_Q_C_full_smallest_principal_angle,0.2651123660914253,25,25,1.0
9,5.0,cell,U4_Q_C_full_dim_U,4.0,25,25,1.0
9,5.0,cell,U4_Q_C_full_dim_Q,4.0,25,25,1.0
9,5.0,cell,U4_Q_C_full_shared_energy,2.3116927120396813,25,25,1.0
9,5.0,cell,U4_Q_C_full_purity,0.5779231780099203,25,25,1.0
9,5.0,cell,U4_Q_C_full_capture,0.5779231780099203,25,25,1.0
9,5.0,cell,U4_Q_C_full_expected_random_purity,0.04,25,25,1.0
9,5.0,cell,U4_Q_C_full_expected_random_capture,0.04,25,25,1.0
9,5.0,cell,U4_Q_C_full_excess_purity,0.5379231780099203,25,25,1.0
9,5.0,cell,U4_Q_C_full_excess_capture,0.5379231780099203,25,25,1.0
9,5.0,cell,U4_Q_C_full_largest_canonical_correlation,0.96641377357103,25,25,1.0
9,5.0,cell,U4_Q_C_full_smallest_principal_angle,0.2598541722349138,25,25,1.0
9,5.0,cell,UMP_Q_P4_dim_U,2.04,25,25,1.0
9,5.0,cell,UMP_Q_P4_dim_Q,4.0,25,25,1.0
9,5.0,cell,UMP_Q_P4_shared_energy,1.860033455637232,25,25,1.0
9,5.0,cell,UMP_Q_P4_purity,0.916279799289019,25,25,1.0
9,5.0,cell,UMP_Q_P4_capture,0.465008363909308,25,25,1.0
9,5.0,cell,UMP_Q_P4_expected_random_purity,0.04,25,25,1.0
9,5.0,cell,UMP_Q_P4_expected_random_capture,0.0204,25,25,1.0
9,5.0,cell,UMP_Q_P4_excess_purity,0.8762797992890191,25,25,1.0
9,5.0,cell,UMP_Q_P4_excess_capture,0.444608363909308,25,25,1.0
9,5.0,cell,UMP_Q_P4_largest_canonical_correlation,0.9729631580330721,25,25,1.0
9,5.0,cell,UMP_Q_P4_smallest_principal_angle,0.2330139345584032,25,25,1.0
9,5.0,cell,U4_Q_P4_dim_U,4.0,25,25,1.0
9,5.0,cell,U4_Q_P4_dim_Q,4.0,25,25,1.0
9,5.0,cell,U4_Q_P4_shared_energy,2.386156118815011,25,25,1.0
9,5.0,cell,U4_Q_P4_purity,0.5965390297037527,25,25,1.0
9,5.0,cell,U4_Q_P4_capture,0.5965390297037527,25,25,1.0
9,5.0,cell,U4_Q_P4_expected_random_purity,0.04,25,25,1.0
9,5.0,cell,U4_Q_P4_expected_random_capture,0.04,25,25,1.0
9,5.0,cell,U4_Q_P4_excess_purity,0.5565390297037527,25,25,1.0
9,5.0,cell,U4_Q_P4_excess_capture,0.5565390297037527,25,25,1.0
9,5.0,cell,U4_Q_P4_largest_canonical_correlation,0.9742999892076644,25,25,1.0
9,5.0,cell,U4_Q_P4_smallest_principal_angle,0.22717262629120086,25,25,1.0
9,5.0,cell,QR_Q_F_dim_U,5.0,25,25,1.0
9,5.0,cell,QR_Q_F_dim_Q,5.0,25,25,1.0
9,5.0,cell,QR_Q_F_shared_energy,4.97785889412567,25,25,1.0
9,5.0,cell,QR_Q_F_purity,0.9955717788251338,25,25,1.0
9,5.0,cell,QR_Q_F_capture,0.9955717788251338,25,25,1.0
9,5.0,cell,QR_Q_F_expected_random_purity,0.05000000000000001,25,25,1.0
9,5.0,cell,QR_Q_F_expected_random_capture,0.05000000000000001,25,25,1.0
9,5.0,cell,QR_Q_F_excess_purity,0.9455717788251339,25,25,1.0
9,5.0,cell,QR_Q_F_excess_capture,0.9455717788251339,25,25,1.0
9,5.0,cell,QR_Q_F_largest_canonical_correlation,0.9993631594511663,25,25,1.0
9,5.0,cell,QR_Q_F_smallest_principal_angle,0.035668037910441604,25,25,1.0
9,5.0,cell,QR_Q_C_dim_U,5.0,25,25,1.0
9,5.0,cell,QR_Q_C_dim_Q,3.0,25,25,1.0
9,5.0,cell,QR_Q_C_shared_energy,0.1723980062950543,25,25,1.0
9,5.0,cell,QR_Q_C_purity,0.03447960125901082,25,25,1.0
9,5.0,cell,QR_Q_C_capture,0.057466002098351406,25,25,1.0
9,5.0,cell,QR_Q_C_expected_random_purity,0.03,25,25,1.0
9,5.0,cell,QR_Q_C_expected_random_capture,0.05000000000000001,25,25,1.0
9,5.0,cell,QR_Q_C_excess_purity,0.0044796012590108195,25,25,1.0
9,5.0,cell,QR_Q_C_excess_capture,0.007466002098351399,25,25,1.0
9,5.0,cell,QR_Q_C_largest_canonical_correlation,0.31607685185502077,25,25,1.0
9,5.0,cell,QR_Q_C_smallest_principal_angle,1.2491945302417562,25,25,1.0
9,5.0,cell,QR_Q_C_unique_dim_U,5.0,25,25,1.0
9,5.0,cell,QR_Q_C_unique_dim_Q,3.0,25,25,1.0
9,5.0,cell,QR_Q_C_unique_shared_energy,0.004837972270301352,25,25,1.0
9,5.0,cell,QR_Q_C_unique_purity,0.000967594454060228,25,25,1.0
9,5.0,cell,QR_Q_C_unique_capture,0.001612657423433744,25,25,1.0
9,5.0,cell,QR_Q_C_unique_expected_random_purity,0.03,25,25,1.0
9,5.0,cell,QR_Q_C_unique_expected_random_capture,0.05000000000000001,25,25,1.0
9,5.0,cell,QR_Q_C_unique_excess_purity,-0.02903240554593967,25,25,1.0
9,5.0,cell,QR_Q_C_unique_excess_capture,-0.04838734257656616,25,25,1.0
9,5.0,cell,QR_Q_C_unique_largest_canonical_correlation,0.06442844268108183,25,25,1.0
9,5.0,cell,QR_Q_C_unique_smallest_principal_angle,1.5063200826360637,25,25,1.0
9,5.0,cell,QR_Q_C_full_dim_U,5.0,25,25,1.0
9,5.0,cell,QR_Q_C_full_dim_Q,4.0,25,25,1.0
9,5.0,cell,QR_Q_C_full_shared_energy,0.2181893548757815,25,25,1.0
9,5.0,cell,QR_Q_C_full_purity,0.04363787097515628,25,25,1.0
9,5.0,cell,QR_Q_C_full_capture,0.054547338718945355,25,25,1.0
9,5.0,cell,QR_Q_C_full_expected_random_purity,0.04,25,25,1.0
9,5.0,cell,QR_Q_C_full_expected_random_capture,0.05000000000000001,25,25,1.0
9,5.0,cell,QR_Q_C_full_excess_purity,0.0036378709751562683,25,25,1.0
9,5.0,cell,QR_Q_C_full_excess_capture,0.004547338718945344,25,25,1.0
9,5.0,cell,QR_Q_C_full_largest_canonical_correlation,0.3241482787005193,25,25,1.0
9,5.0,cell,QR_Q_C_full_smallest_principal_angle,1.2406802678916145,25,25,1.0
9,5.0,cell,QR_Q_P4_dim_U,5.0,25,25,1.0
9,5.0,cell,QR_Q_P4_dim_Q,4.0,25,25,1.0
9,5.0,cell,QR_Q_P4_shared_energy,0.24670871571755854,25,25,1.0
9,5.0,cell,QR_Q_P4_purity,0.04934174314351167,25,25,1.0
9,5.0,cell,QR_Q_P4_capture,0.0616771789293896,25,25,1.0
9,5.0,cell,QR_Q_P4_expected_random_purity,0.04,25,25,1.0
9,5.0,cell,QR_Q_P4_expected_random_capture,0.05000000000000001,25,25,1.0
9,5.0,cell,QR_Q_P4_excess_purity,0.00934174314351166,25,25,1.0
9,5.0,cell,QR_Q_P4_excess_capture,0.011677178929389591,25,25,1.0
9,5.0,cell,QR_Q_P4_largest_canonical_correlation,0.3698352223023625,25,25,1.0
9,5.0,cell,QR_Q_P4_smallest_principal_angle,1.191959669232521,25,25,1.0
9,7.0,cell,UMP_Q_F_dim_U,2.72,25,25,1.0
9,7.0,cell,UMP_Q_F_dim_Q,5.0,25,25,1.0
9,7.0,cell,UMP_Q_F_shared_energy,0.00039329103811799204,25,25,1.0
9,7.0,cell,UMP_Q_F_purity,0.00014298540825153472,25,25,1.0
9,7.0,cell,UMP_Q_F_capture,7.865820762359965e-05,25,25,1.0
9,7.0,cell,UMP_Q_F_expected_random_purity,0.05000000000000001,25,25,1.0
9,7.0,cell,UMP_Q_F_expected_random_capture,0.0272,25,25,1.0
9,7.0,cell,UMP_Q_F_excess_purity,-0.04985701459174838,25,25,1.0
9,7.0,cell,UMP_Q_F_excess_capture,-0.027121341792376335,25,25,1.0
9,7.0,cell,UMP_Q_F_largest_canonical_correlation,0.01756300327282554,25,25,1.0
9,7.0,cell,UMP_Q_F_smallest_principal_angle,1.5532323476935428,25,25,1.0
9,7.0,cell,U4_Q_F_dim_U,4.0,25,25,1.0
9,7.0,cell,U4_Q_F_dim_Q,5.0,25,25,1.0
9,7.0,cell,U4_Q_F_shared_energy,0.0005681597671039159,25,25,1.0
9,7.0,cell,U4_Q_F_purity,0.0001420399417759308,25,25,1.0
9,7.0,cell,U4_Q_F_capture,0.00011363195342074811,25,25,1.0
9,7.0,cell,U4_Q_F_expected_random_purity,0.05000000000000001,25,25,1.0
9,7.0,cell,U4_Q_F_expected_random_capture,0.04,25,25,1.0
9,7.0,cell,U4_Q_F_excess_purity,-0.04985796005822398,25,25,1.0
9,7.0,cell,U4_Q_F_excess_capture,-0.03988636804657916,25,25,1.0
9,7.0,cell,U4_Q_F_largest_canonical_correlation,0.01924746218513746,25,25,1.0
9,7.0,cell,U4_Q_F_smallest_principal_angle,1.5515476237576287,25,25,1.0
9,7.0,cell,UMP_Q_F_unique_dim_U,2.72,25,25,1.0
9,7.0,cell,UMP_Q_F_unique_dim_Q,5.0,25,25,1.0
9,7.0,cell,UMP_Q_F_unique_shared_energy,0.01635093207605845,25,25,1.0
9,7.0,cell,UMP_Q_F_unique_purity,0.006085561018816732,25,25,1.0
9,7.0,cell,UMP_Q_F_unique_capture,0.0032701864152116476,25,25,1.0
9,7.0,cell,UMP_Q_F_unique_expected_random_purity,0.05000000000000001,25,25,1.0
9,7.0,cell,UMP_Q_F_unique_expected_random_capture,0.0272,25,25,1.0
9,7.0,cell,UMP_Q_F_unique_excess_purity,-0.04391443898118318,25,25,1.0
9,7.0,cell,UMP_Q_F_unique_excess_capture,-0.023929813584788254,25,25,1.0
9,7.0,cell,UMP_Q_F_unique_largest_canonical_correlation,0.10366970092570357,25,25,1.0
9,7.0,cell,UMP_Q_F_unique_smallest_principal_angle,1.4669242404445422,25,25,1.0
9,7.0,cell,U4_Q_F_unique_dim_U,4.0,25,25,1.0
9,7.0,cell,U4_Q_F_unique_dim_Q,5.0,25,25,1.0
9,7.0,cell,U4_Q_F_unique_shared_energy,0.018926233923397484,25,25,1.0
9,7.0,cell,U4_Q_F_unique_purity,0.004731558480849324,25,25,1.0
9,7.0,cell,U4_Q_F_unique_capture,0.0037852467846794602,25,25,1.0
9,7.0,cell,U4_Q_F_unique_expected_random_purity,0.05000000000000001,25,25,1.0
9,7.0,cell,U4_Q_F_unique_expected_random_capture,0.04,25,25,1.0
9,7.0,cell,U4_Q_F_unique_excess_purity,-0.045268441519150576,25,25,1.0
9,7.0,cell,U4_Q_F_unique_excess_capture,-0.036214753215320444,25,25,1.0
9,7.0,cell,U4_Q_F_unique_largest_canonical_correlation,0.11018288911587339,25,25,1.0
9,7.0,cell,U4_Q_F_unique_smallest_principal_angle,1.4603696945116946,25,25,1.0
9,7.0,cell,UMP_Q_C_dim_U,2.72,25,25,1.0
9,7.0,cell,UMP_Q_C_dim_Q,3.0,25,25,1.0
9,7.0,cell,UMP_Q_C_shared_energy,0.2930826828821147,25,25,1.0
9,7.0,cell,UMP_Q_C_purity,0.1107807235676954,25,25,1.0
9,7.0,cell,UMP_Q_C_capture,0.09769422762737155,25,25,1.0
9,7.0,cell,UMP_Q_C_expected_random_purity,0.03,25,25,1.0
9,7.0,cell,UMP_Q_C_expected_random_capture,0.0272,25,25,1.0
9,7.0,cell,UMP_Q_C_excess_purity,0.08078072356769543,25,25,1.0
9,7.0,cell,UMP_Q_C_excess_capture,0.07049422762737156,25,25,1.0
9,7.0,cell,UMP_Q_C_largest_canonical_correlation,0.4668442973685393,25,25,1.0
9,7.0,cell,UMP_Q_C_smallest_principal_angle,1.0848813524003715,25,25,1.0
9,7.0,cell,U4_Q_C_dim_U,4.0,25,25,1.0
9,7.0,cell,U4_Q_C_dim_Q,3.0,25,25,1.0
9,7.0,cell,U4_Q_C_shared_energy,0.3426675564514862,25,25,1.0
9,7.0,cell,U4_Q_C_purity,0.0856668891128715,25,25,1.0
9,7.0,cell,U4_Q_C_capture,0.11422251881716203,25,25,1.0
9,7.0,cell,U4_Q_C_expected_random_purity,0.03,25,25,1.0
9,7.0,cell,U4_Q_C_expected_random_capture,0.04,25,25,1.0
9,7.0,cell,U4_Q_C_excess_purity,0.05566688911287151,25,25,1.0
9,7.0,cell,U4_Q_C_excess_capture,0.07422251881716202,25,25,1.0
9,7.0,cell,U4_Q_C_largest_canonical_correlation,0.5049798453417228,25,25,1.0
9,7.0,cell,U4_Q_C_smallest_principal_angle,1.0409568383925825,25,25,1.0
9,7.0,cell,UMP_Q_C_unique_dim_U,2.72,25,25,1.0
9,7.0,cell,UMP_Q_C_unique_dim_Q,3.0,25,25,1.0
9,7.0,cell,UMP_Q_C_unique_shared_energy,0.30904032392005487,25,25,1.0
9,7.0,cell,UMP_Q_C_unique_purity,0.11672329917826048,25,25,1.0
9,7.0,cell,UMP_Q_C_unique_capture,0.10301344130668491,25,25,1.0
9,7.0,cell,UMP_Q_C_unique_expected_random_purity,0.03,25,25,1.0
9,7.0,cell,UMP_Q_C_unique_expected_random_capture,0.0272,25,25,1.0
9,7.0,cell,UMP_Q_C_unique_excess_purity,0.08672329917826048,25,25,1.0
9,7.0,cell,UMP_Q_C_unique_excess_capture,0.07581344130668492,25,25,1.0
9,7.0,cell,UMP_Q_C_unique_largest_canonical_correlation,0.476495489261132,25,25,1.0
9,7.0,cell,UMP_Q_C_unique_smallest_principal_angle,1.0739440594854621,25,25,1.0
9,7.0,cell,U4_Q_C_unique_dim_U,4.0,25,25,1.0
9,7.0,cell,U4_Q_C_unique_dim_Q,3.0,25,25,1.0
9,7.0,cell,U4_Q_C_unique_shared_energy,0.36102563060777926,25,25,1.0
9,7.0,cell,U4_Q_C_unique_purity,0.0902564076519448,25,25,1.0
9,7.0,cell,U4_Q_C_unique_capture,0.12034187686925972,25,25,1.0
9,7.0,cell,U4_Q_C_unique_expected_random_purity,0.03,25,25,1.0
9,7.0,cell,U4_Q_C_unique_expected_random_capture,0.04,25,25,1.0
9,7.0,cell,U4_Q_C_unique_excess_purity,0.060256407651944774,25,25,1.0
9,7.0,cell,U4_Q_C_unique_excess_capture,0.08034187686925971,25,25,1.0
9,7.0,cell,U4_Q_C_unique_largest_canonical_correlation,0.5150230265644427,25,25,1.0
9,7.0,cell,U4_Q_C_unique_smallest_principal_angle,1.029253322612914,25,25,1.0
9,7.0,cell,UMP_Q_C_full_dim_U,2.72,25,25,1.0
9,7.0,cell,UMP_Q_C_full_dim_Q,4.0,25,25,1.0
9,7.0,cell,UMP_Q_C_full_shared_energy,0.35625275498001097,25,25,1.0
9,7.0,cell,UMP_Q_C_full_purity,0.1344139179540822,25,25,1.0
9,7.0,cell,UMP_Q_C_full_capture,0.0890631887450027,25,25,1.0
9,7.0,cell,UMP_Q_C_full_expected_random_purity,0.04,25,25,1.0
9,7.0,cell,UMP_Q_C_full_expected_random_capture,0.0272,25,25,1.0
9,7.0,cell,UMP_Q_C_full_excess_purity,0.09441391795408217,25,25,1.0
9,7.0,cell,UMP_Q_C_full_excess_capture,0.061863188745002684,25,25,1.0
9,7.0,cell,UMP_Q_C_full_largest_canonical_correlation,0.4860727996947021,25,25,1.0
9,7.0,cell,UMP_Q_C_full_smallest_principal_angle,1.0629331036799357,25,25,1.0
9,7.0,cell,U4_Q_C_full_dim_U,4.0,25,25,1.0
9,7.0,cell,U4_Q_C_full_dim_Q,4.0,25,25,1.0
9,7.0,cell,U4_Q_C_full_shared_energy,0.41422274760418193,25,25,1.0
9,7.0,cell,U4_Q_C_full_purity,0.10355568690104544,25,25,1.0
9,7.0,cell,U4_Q_C_full_capture,0.10355568690104544,25,25,1.0
9,7.0,cell,U4_Q_C_full_expected_random_purity,0.04,25,25,1.0
9,7.0,cell,U4_Q_C_full_expected_random_capture,0.04,25,25,1.0
9,7.0,cell,U4_Q_C_full_excess_purity,0.06355568690104545,25,25,1.0
9,7.0,cell,U4_Q_C_full_excess_capture,0.06355568690104545,25,25,1.0
9,7.0,cell,U4_Q_C_full_largest_canonical_correlation,0.520983640189981,25,25,1.0
9,7.0,cell,U4_Q_C_full_smallest_principal_angle,1.0224060597138749,25,25,1.0
9,7.0,cell,UMP_Q_P4_dim_U,2.72,25,25,1.0
9,7.0,cell,UMP_Q_P4_dim_Q,4.0,25,25,1.0
9,7.0,cell,UMP_Q_P4_shared_energy,0.39945441420442235,25,25,1.0
9,7.0,cell,UMP_Q_P4_purity,0.15098519034529537,25,25,1.0
9,7.0,cell,UMP_Q_P4_capture,0.09986360355110556,25,25,1.0
9,7.0,cell,UMP_Q_P4_expected_random_purity,0.04,25,25,1.0
9,7.0,cell,UMP_Q_P4_expected_random_capture,0.0272,25,25,1.0
9,7.0,cell,UMP_Q_P4_excess_purity,0.11098519034529533,25,25,1.0
9,7.0,cell,UMP_Q_P4_excess_capture,0.07266360355110556,25,25,1.0
9,7.0,cell,UMP_Q_P4_largest_canonical_correlation,0.5050283584131092,25,25,1.0
9,7.0,cell,UMP_Q_P4_smallest_principal_angle,1.04100969645174,25,25,1.0
9,7.0,cell,U4_Q_P4_dim_U,4.0,25,25,1.0
9,7.0,cell,U4_Q_P4_dim_Q,4.0,25,25,1.0
9,7.0,cell,U4_Q_P4_shared_energy,0.46492917216457286,25,25,1.0
9,7.0,cell,U4_Q_P4_purity,0.11623229304114319,25,25,1.0
9,7.0,cell,U4_Q_P4_capture,0.11623229304114319,25,25,1.0
9,7.0,cell,U4_Q_P4_expected_random_purity,0.04,25,25,1.0
9,7.0,cell,U4_Q_P4_expected_random_capture,0.04,25,25,1.0
9,7.0,cell,U4_Q_P4_excess_purity,0.07623229304114316,25,25,1.0
9,7.0,cell,U4_Q_P4_excess_capture,0.07623229304114316,25,25,1.0
9,7.0,cell,U4_Q_P4_largest_canonical_correlation,0.5413454894814579,25,25,1.0
9,7.0,cell,U4_Q_P4_smallest_principal_angle,0.9982993691734798,25,25,1.0
9,7.0,cell,QR_Q_F_dim_U,7.0,25,25,1.0
9,7.0,cell,QR_Q_F_dim_Q,5.0,25,25,1.0
9,7.0,cell,QR_Q_F_shared_energy,4.9856288765785965,25,25,1.0
9,7.0,cell,QR_Q_F_purity,0.7122326966540851,25,25,1.0
9,7.0,cell,QR_Q_F_capture,0.9971257753157192,25,25,1.0
9,7.0,cell,QR_Q_F_expected_random_purity,0.05000000000000001,25,25,1.0
9,7.0,cell,QR_Q_F_expected_random_capture,0.07,25,25,1.0
9,7.0,cell,QR_Q_F_excess_purity,0.6622326966540852,25,25,1.0
9,7.0,cell,QR_Q_F_excess_capture,0.9271257753157193,25,25,1.0
9,7.0,cell,QR_Q_F_largest_canonical_correlation,0.9994198630876968,25,25,1.0
9,7.0,cell,QR_Q_F_smallest_principal_angle,0.034053215023246236,25,25,1.0
9,7.0,cell,QR_Q_C_dim_U,7.0,25,25,1.0
9,7.0,cell,QR_Q_C_dim_Q,3.0,25,25,1.0
9,7.0,cell,QR_Q_C_shared_energy,1.4682645077175145,25,25,1.0
9,7.0,cell,QR_Q_C_purity,0.20975207253107345,25,25,1.0
9,7.0,cell,QR_Q_C_capture,0.48942150257250483,25,25,1.0
9,7.0,cell,QR_Q_C_expected_random_purity,0.03,25,25,1.0
9,7.0,cell,QR_Q_C_expected_random_capture,0.07,25,25,1.0
9,7.0,cell,QR_Q_C_excess_purity,0.17975207253107342,25,25,1.0
9,7.0,cell,QR_Q_C_excess_capture,0.4194215025725048,25,25,1.0
9,7.0,cell,QR_Q_C_largest_canonical_correlation,0.9823786425945294,25,25,1.0
9,7.0,cell,QR_Q_C_smallest_principal_angle,0.18782430890191584,25,25,1.0
9,7.0,cell,QR_Q_C_unique_dim_U,7.0,25,25,1.0
9,7.0,cell,QR_Q_C_unique_dim_Q,3.0,25,25,1.0
9,7.0,cell,QR_Q_C_unique_shared_energy,1.3795038961736767,25,25,1.0
9,7.0,cell,QR_Q_C_unique_purity,0.19707198516766805,25,25,1.0
9,7.0,cell,QR_Q_C_unique_capture,0.45983463205789216,25,25,1.0
9,7.0,cell,QR_Q_C_unique_expected_random_purity,0.03,25,25,1.0
9,7.0,cell,QR_Q_C_unique_expected_random_capture,0.07,25,25,1.0
9,7.0,cell,QR_Q_C_unique_excess_purity,0.16707198516766805,25,25,1.0
9,7.0,cell,QR_Q_C_unique_excess_capture,0.38983463205789215,25,25,1.0
9,7.0,cell,QR_Q_C_unique_largest_canonical_correlation,0.9815109500218747,25,25,1.0
9,7.0,cell,QR_Q_C_unique_smallest_principal_angle,0.1924009356138339,25,25,1.0
9,7.0,cell,QR_Q_C_full_dim_U,7.0,25,25,1.0
9,7.0,cell,QR_Q_C_full_dim_Q,4.0,25,25,1.0
9,7.0,cell,QR_Q_C_full_shared_energy,2.0538218896134914,25,25,1.0
9,7.0,cell,QR_Q_C_full_purity,0.29340312708764155,25,25,1.0
9,7.0,cell,QR_Q_C_full_capture,0.5134554724033729,25,25,1.0
9,7.0,cell,QR_Q_C_full_expected_random_purity,0.04,25,25,1.0
9,7.0,cell,QR_Q_C_full_expected_random_capture,0.07,25,25,1.0
9,7.0,cell,QR_Q_C_full_excess_purity,0.25340312708764157,25,25,1.0
9,7.0,cell,QR_Q_C_full_excess_capture,0.4434554724033728,25,25,1.0
9,7.0,cell,QR_Q_C_full_largest_canonical_correlation,0.9827001483895799,25,25,1.0
9,7.0,cell,QR_Q_C_full_smallest_principal_angle,0.18613250165300738,25,25,1.0
9,7.0,cell,QR_Q_P4_dim_U,7.0,25,25,1.0
9,7.0,cell,QR_Q_P4_dim_Q,4.0,25,25,1.0
9,7.0,cell,QR_Q_P4_shared_energy,2.1038201255166102,25,25,1.0
9,7.0,cell,QR_Q_P4_purity,0.3005457322166586,25,25,1.0
9,7.0,cell,QR_Q_P4_capture,0.5259550313791526,25,25,1.0
9,7.0,cell,QR_Q_P4_expected_random_purity,0.04,25,25,1.0
9,7.0,cell,QR_Q_P4_expected_random_capture,0.07,25,25,1.0
9,7.0,cell,QR_Q_P4_excess_purity,0.2605457322166586,25,25,1.0
9,7.0,cell,QR_Q_P4_excess_capture,0.4559550313791525,25,25,1.0
9,7.0,cell,QR_Q_P4_largest_canonical_correlation,0.9913228683588703,25,25,1.0
9,7.0,cell,QR_Q_P4_smallest_principal_angle,0.1317070862153198,25,25,1.0
10,3.0,cell,UMP_Q_F_dim_U,4.0,25,25,1.0
10,3.0,cell,UMP_Q_F_dim_Q,5.0,25,25,1.0
10,3.0,cell,UMP_Q_F_shared_energy,1.9586533372595176,25,25,1.0
10,3.0,cell,UMP_Q_F_purity,0.4896633343148794,25,25,1.0
10,3.0,cell,UMP_Q_F_capture,0.3917306674519034,25,25,1.0
10,3.0,cell,UMP_Q_F_expected_random_purity,0.05000000000000001,25,25,1.0
10,3.0,cell,UMP_Q_F_expected_random_capture,0.04,25,25,1.0
10,3.0,cell,UMP_Q_F_excess_purity,0.4396633343148793,25,25,1.0
10,3.0,cell,UMP_Q_F_excess_capture,0.35173066745190346,25,25,1.0
10,3.0,cell,UMP_Q_F_largest_canonical_correlation,0.991190563037483,25,25,1.0
10,3.0,cell,UMP_Q_F_smallest_principal_angle,0.13061575925351177,25,25,1.0
10,3.0,cell,U4_Q_F_dim_U,4.0,25,25,1.0
10,3.0,cell,U4_Q_F_dim_Q,5.0,25,25,1.0
10,3.0,cell,U4_Q_F_shared_energy,1.9586533372595176,25,25,1.0
10,3.0,cell,U4_Q_F_purity,0.4896633343148794,25,25,1.0
10,3.0,cell,U4_Q_F_capture,0.3917306674519034,25,25,1.0
10,3.0,cell,U4_Q_F_expected_random_purity,0.05000000000000001,25,25,1.0
10,3.0,cell,U4_Q_F_expected_random_capture,0.04,25,25,1.0
10,3.0,cell,U4_Q_F_excess_purity,0.4396633343148793,25,25,1.0
10,3.0,cell,U4_Q_F_excess_capture,0.35173066745190346,25,25,1.0
10,3.0,cell,U4_Q_F_largest_canonical_correlation,0.991190563037483,25,25,1.0
10,3.0,cell,U4_Q_F_smallest_principal_angle,0.13061575925351177,25,25,1.0
10,3.0,cell,UMP_Q_F_unique_dim_U,4.0,25,25,1.0
10,3.0,cell,UMP_Q_F_unique_dim_Q,5.0,25,25,1.0
10,3.0,cell,UMP_Q_F_unique_shared_energy,1.9726489628635187,25,25,1.0
10,3.0,cell,UMP_Q_F_unique_purity,0.49316224071587966,25,25,1.0
10,3.0,cell,UMP_Q_F_unique_capture,0.3945297925727037,25,25,1.0
10,3.0,cell,UMP_Q_F_unique_expected_random_purity,0.05000000000000001,25,25,1.0
10,3.0,cell,UMP_Q_F_unique_expected_random_capture,0.04,25,25,1.0
10,3.0,cell,UMP_Q_F_unique_excess_purity,0.4431622407158797,25,25,1.0
10,3.0,cell,UMP_Q_F_unique_excess_capture,0.3545297925727038,25,25,1.0
10,3.0,cell,UMP_Q_F_unique_largest_canonical_correlation,0.9852882234239072,25,25,1.0
10,3.0,cell,UMP_Q_F_unique_smallest_principal_angle,0.16982665633510358,25,25,1.0
10,3.0,cell,U4_Q_F_unique_dim_U,4.0,25,25,1.0
10,3.0,cell,U4_Q_F_unique_dim_Q,5.0,25,25,1.0
10,3.0,cell,U4_Q_F_unique_shared_energy,1.9726489628635187,25,25,1.0
10,3.0,cell,U4_Q_F_unique_purity,0.49316224071587966,25,25,1.0
10,3.0,cell,U4_Q_F_unique_capture,0.3945297925727037,25,25,1.0
10,3.0,cell,U4_Q_F_unique_expected_random_purity,0.05000000000000001,25,25,1.0
10,3.0,cell,U4_Q_F_unique_expected_random_capture,0.04,25,25,1.0
10,3.0,cell,U4_Q_F_unique_excess_purity,0.4431622407158797,25,25,1.0
10,3.0,cell,U4_Q_F_unique_excess_capture,0.3545297925727038,25,25,1.0
10,3.0,cell,U4_Q_F_unique_largest_canonical_correlation,0.9852882234239072,25,25,1.0
10,3.0,cell,U4_Q_F_unique_smallest_principal_angle,0.16982665633510358,25,25,1.0
10,3.0,cell,UMP_Q_C_dim_U,4.0,25,25,1.0
10,3.0,cell,UMP_Q_C_dim_Q,3.0,25,25,1.0
10,3.0,cell,UMP_Q_C_shared_energy,1.2997318119150578,25,25,1.0
10,3.0,cell,UMP_Q_C_purity,0.32493295297876434,25,25,1.0
10,3.0,cell,UMP_Q_C_capture,0.4332439373050192,25,25,1.0
10,3.0,cell,UMP_Q_C_expected_random_purity,0.03,25,25,1.0
10,3.0,cell,UMP_Q_C_expected_random_capture,0.04,25,25,1.0
10,3.0,cell,UMP_Q_C_excess_purity,0.2949329529787644,25,25,1.0
10,3.0,cell,UMP_Q_C_excess_capture,0.39324393730501916,25,25,1.0
10,3.0,cell,UMP_Q_C_largest_canonical_correlation,0.9297479125109827,25,25,1.0
10,3.0,cell,UMP_Q_C_smallest_principal_angle,0.3769241219183291,25,25,1.0
10,3.0,cell,U4_Q_C_dim_U,4.0,25,25,1.0
10,3.0,cell,U4_Q_C_dim_Q,3.0,25,25,1.0
10,3.0,cell,U4_Q_C_shared_energy,1.2997318119150578,25,25,1.0
10,3.0,cell,U4_Q_C_purity,0.32493295297876434,25,25,1.0
10,3.0,cell,U4_Q_C_capture,0.4332439373050192,25,25,1.0
10,3.0,cell,U4_Q_C_expected_random_purity,0.03,25,25,1.0
10,3.0,cell,U4_Q_C_expected_random_capture,0.04,25,25,1.0
10,3.0,cell,U4_Q_C_excess_purity,0.2949329529787644,25,25,1.0
10,3.0,cell,U4_Q_C_excess_capture,0.39324393730501916,25,25,1.0
10,3.0,cell,U4_Q_C_largest_canonical_correlation,0.9297479125109827,25,25,1.0
10,3.0,cell,U4_Q_C_smallest_principal_angle,0.3769241219183291,25,25,1.0
10,3.0,cell,UMP_Q_C_unique_dim_U,4.0,25,25,1.0
10,3.0,cell,UMP_Q_C_unique_dim_Q,3.0,25,25,1.0
10,3.0,cell,UMP_Q_C_unique_shared_energy,1.313727437519059,25,25,1.0
10,3.0,cell,UMP_Q_C_unique_purity,0.32843185937976477,25,25,1.0
10,3.0,cell,UMP_Q_C_unique_capture,0.4379091458396864,25,25,1.0
10,3.0,cell,UMP_Q_C_unique_expected_random_purity,0.03,25,25,1.0
10,3.0,cell,UMP_Q_C_unique_expected_random_capture,0.04,25,25,1.0
10,3.0,cell,UMP_Q_C_unique_excess_purity,0.29843185937976474,25,25,1.0
10,3.0,cell,UMP_Q_C_unique_excess_capture,0.39790914583968634,25,25,1.0
10,3.0,cell,UMP_Q_C_unique_largest_canonical_correlation,0.9578738105645644,25,25,1.0
10,3.0,cell,UMP_Q_C_unique_smallest_principal_angle,0.29083932042359295,25,25,1.0
10,3.0,cell,U4_Q_C_unique_dim_U,4.0,25,25,1.0
10,3.0,cell,U4_Q_C_unique_dim_Q,3.0,25,25,1.0
10,3.0,cell,U4_Q_C_unique_shared_energy,1.313727437519059,25,25,1.0
10,3.0,cell,U4_Q_C_unique_purity,0.32843185937976477,25,25,1.0
10,3.0,cell,U4_Q_C_unique_capture,0.4379091458396864,25,25,1.0
10,3.0,cell,U4_Q_C_unique_expected_random_purity,0.03,25,25,1.0
10,3.0,cell,U4_Q_C_unique_expected_random_capture,0.04,25,25,1.0
10,3.0,cell,U4_Q_C_unique_excess_purity,0.29843185937976474,25,25,1.0
10,3.0,cell,U4_Q_C_unique_excess_capture,0.39790914583968634,25,25,1.0
10,3.0,cell,U4_Q_C_unique_largest_canonical_correlation,0.9578738105645644,25,25,1.0
10,3.0,cell,U4_Q_C_unique_smallest_principal_angle,0.29083932042359295,25,25,1.0
10,3.0,cell,UMP_Q_C_full_dim_U,4.0,25,25,1.0
10,3.0,cell,UMP_Q_C_full_dim_Q,4.0,25,25,1.0
10,3.0,cell,UMP_Q_C_full_shared_energy,1.7878908435866614,25,25,1.0
10,3.0,cell,UMP_Q_C_full_purity,0.4469727108966653,25,25,1.0
10,3.0,cell,UMP_Q_C_full_capture,0.4469727108966653,25,25,1.0
10,3.0,cell,UMP_Q_C_full_expected_random_purity,0.04,25,25,1.0
10,3.0,cell,UMP_Q_C_full_expected_random_capture,0.04,25,25,1.0
10,3.0,cell,UMP_Q_C_full_excess_purity,0.40697271089666537,25,25,1.0
10,3.0,cell,UMP_Q_C_full_excess_capture,0.40697271089666537,25,25,1.0
10,3.0,cell,UMP_Q_C_full_largest_canonical_correlation,0.9574606991875693,25,25,1.0
10,3.0,cell,UMP_Q_C_full_smallest_principal_angle,0.2919959328128197,25,25,1.0
10,3.0,cell,U4_Q_C_full_dim_U,4.0,25,25,1.0
10,3.0,cell,U4_Q_C_full_dim_Q,4.0,25,25,1.0
10,3.0,cell,U4_Q_C_full_shared_energy,1.7878908435866614,25,25,1.0
10,3.0,cell,U4_Q_C_full_purity,0.4469727108966653,25,25,1.0
10,3.0,cell,U4_Q_C_full_capture,0.4469727108966653,25,25,1.0
10,3.0,cell,U4_Q_C_full_expected_random_purity,0.04,25,25,1.0
10,3.0,cell,U4_Q_C_full_expected_random_capture,0.04,25,25,1.0
10,3.0,cell,U4_Q_C_full_excess_purity,0.40697271089666537,25,25,1.0
10,3.0,cell,U4_Q_C_full_excess_capture,0.40697271089666537,25,25,1.0
10,3.0,cell,U4_Q_C_full_largest_canonical_correlation,0.9574606991875693,25,25,1.0
10,3.0,cell,U4_Q_C_full_smallest_principal_angle,0.2919959328128197,25,25,1.0
10,3.0,cell,UMP_Q_P4_dim_U,4.0,25,25,1.0
10,3.0,cell,UMP_Q_P4_dim_Q,4.0,25,25,1.0
10,3.0,cell,UMP_Q_P4_shared_energy,1.8175906272714994,25,25,1.0
10,3.0,cell,UMP_Q_P4_purity,0.45439765681787486,25,25,1.0
10,3.0,cell,UMP_Q_P4_capture,0.45439765681787486,25,25,1.0
10,3.0,cell,UMP_Q_P4_expected_random_purity,0.04,25,25,1.0
10,3.0,cell,UMP_Q_P4_expected_random_capture,0.04,25,25,1.0
10,3.0,cell,UMP_Q_P4_excess_purity,0.4143976568178748,25,25,1.0
10,3.0,cell,UMP_Q_P4_excess_capture,0.4143976568178748,25,25,1.0
10,3.0,cell,UMP_Q_P4_largest_canonical_correlation,0.9664396772118932,25,25,1.0
10,3.0,cell,UMP_Q_P4_smallest_principal_angle,0.2586450589571745,25,25,1.0
10,3.0,cell,U4_Q_P4_dim_U,4.0,25,25,1.0
10,3.0,cell,U4_Q_P4_dim_Q,4.0,25,25,1.0
10,3.0,cell,U4_Q_P4_shared_energy,1.8175906272714994,25,25,1.0
10,3.0,cell,U4_Q_P4_purity,0.45439765681787486,25,25,1.0
10,3.0,cell,U4_Q_P4_capture,0.45439765681787486,25,25,1.0
10,3.0,cell,U4_Q_P4_expected_random_purity,0.04,25,25,1.0
10,3.0,cell,U4_Q_P4_expected_random_capture,0.04,25,25,1.0
10,3.0,cell,U4_Q_P4_excess_purity,0.4143976568178748,25,25,1.0
10,3.0,cell,U4_Q_P4_excess_capture,0.4143976568178748,25,25,1.0
10,3.0,cell,U4_Q_P4_largest_canonical_correlation,0.9664396772118932,25,25,1.0
10,3.0,cell,U4_Q_P4_smallest_principal_angle,0.2586450589571745,25,25,1.0
10,3.0,cell,QR_Q_F_dim_U,3.0,25,25,1.0
10,3.0,cell,QR_Q_F_dim_Q,5.0,25,25,1.0
10,3.0,cell,QR_Q_F_shared_energy,2.990636942185014,25,25,1.0
10,3.0,cell,QR_Q_F_purity,0.9968789807283378,25,25,1.0
10,3.0,cell,QR_Q_F_capture,0.5981273884370027,25,25,1.0
10,3.0,cell,QR_Q_F_expected_random_purity,0.05000000000000001,25,25,1.0
10,3.0,cell,QR_Q_F_expected_random_capture,0.03,25,25,1.0
10,3.0,cell,QR_Q_F_excess_purity,0.9468789807283376,25,25,1.0
10,3.0,cell,QR_Q_F_excess_capture,0.5681273884370026,25,25,1.0
10,3.0,cell,QR_Q_F_largest_canonical_correlation,0.9994280695629549,25,25,1.0
10,3.0,cell,QR_Q_F_smallest_principal_angle,0.03377218763331833,25,25,1.0
10,3.0,cell,QR_Q_C_dim_U,3.0,25,25,1.0
10,3.0,cell,QR_Q_C_dim_Q,3.0,25,25,1.0
10,3.0,cell,QR_Q_C_shared_energy,0.10300756954786318,25,25,1.0
10,3.0,cell,QR_Q_C_purity,0.034335856515954354,25,25,1.0
10,3.0,cell,QR_Q_C_capture,0.034335856515954354,25,25,1.0
10,3.0,cell,QR_Q_C_expected_random_purity,0.03,25,25,1.0
10,3.0,cell,QR_Q_C_expected_random_capture,0.03,25,25,1.0
10,3.0,cell,QR_Q_C_excess_purity,0.0043358565159544,25,25,1.0
10,3.0,cell,QR_Q_C_excess_capture,0.0043358565159544,25,25,1.0
10,3.0,cell,QR_Q_C_largest_canonical_correlation,0.29713198181054107,25,25,1.0
10,3.0,cell,QR_Q_C_smallest_principal_angle,1.268912619607957,25,25,1.0
10,3.0,cell,QR_Q_C_unique_dim_U,3.0,25,25,1.0
10,3.0,cell,QR_Q_C_unique_dim_Q,3.0,25,25,1.0
10,3.0,cell,QR_Q_C_unique_shared_energy,0.004134737507900449,25,25,1.0
10,3.0,cell,QR_Q_C_unique_purity,0.00137824583596678,25,25,1.0
10,3.0,cell,QR_Q_C_unique_capture,0.00137824583596678,25,25,1.0
10,3.0,cell,QR_Q_C_unique_expected_random_purity,0.03,25,25,1.0
10,3.0,cell,QR_Q_C_unique_expected_random_capture,0.03,25,25,1.0
10,3.0,cell,QR_Q_C_unique_excess_purity,-0.02862175416403312,25,25,1.0
10,3.0,cell,QR_Q_C_unique_excess_capture,-0.02862175416403312,25,25,1.0
10,3.0,cell,QR_Q_C_unique_largest_canonical_correlation,0.06290263739733246,25,25,1.0
10,3.0,cell,QR_Q_C_unique_smallest_principal_angle,1.5078481120812501,25,25,1.0
10,3.0,cell,QR_Q_C_full_dim_U,3.0,25,25,1.0
10,3.0,cell,QR_Q_C_full_dim_Q,4.0,25,25,1.0
10,3.0,cell,QR_Q_C_full_shared_energy,0.10814968732468008,25,25,1.0
10,3.0,cell,QR_Q_C_full_purity,0.03604989577489332,25,25,1.0
10,3.0,cell,QR_Q_C_full_capture,0.02703742183116999,25,25,1.0
10,3.0,cell,QR_Q_C_full_expected_random_purity,0.04,25,25,1.0
10,3.0,cell,QR_Q_C_full_expected_random_capture,0.03,25,25,1.0
10,3.0,cell,QR_Q_C_full_excess_purity,-0.00395010422510662,25,25,1.0
10,3.0,cell,QR_Q_C_full_excess_capture,-0.0029625781688299557,25,25,1.0
10,3.0,cell,QR_Q_C_full_largest_canonical_correlation,0.29777612321159574,25,25,1.0
10,3.0,cell,QR_Q_C_full_smallest_principal_angle,1.268244075644098,25,25,1.0
10,3.0,cell,QR_Q_P4_dim_U,3.0,25,25,1.0
10,3.0,cell,QR_Q_P4_dim_Q,4.0,25,25,1.0
10,3.0,cell,QR_Q_P4_shared_energy,0.13015971008136457,25,25,1.0
10,3.0,cell,QR_Q_P4_purity,0.04338657002712149,25,25,1.0
10,3.0,cell,QR_Q_P4_capture,0.0325399275203411,25,25,1.0
10,3.0,cell,QR_Q_P4_expected_random_purity,0.04,25,25,1.0
10,3.0,cell,QR_Q_P4_expected_random_capture,0.03,25,25,1.0
10,3.0,cell,QR_Q_P4_excess_purity,0.0033865700271215444,25,25,1.0
10,3.0,cell,QR_Q_P4_excess_capture,0.002539927520341152,25,25,1.0
10,3.0,cell,QR_Q_P4_largest_canonical_correlation,0.32150993300757685,25,25,1.0
10,3.0,cell,QR_Q_P4_smallest_principal_angle,1.2432922047121326,25,25,1.0
10,5.0,cell,UMP_Q_F_dim_U,2.0,25,25,1.0
10,5.0,cell,UMP_Q_F_dim_Q,5.0,25,25,1.0
10,5.0,cell,UMP_Q_F_shared_energy,0.01994840584092004,25,25,1.0
10,5.0,cell,UMP_Q_F_purity,0.009974202920459987,25,25,1.0
10,5.0,cell,UMP_Q_F_capture,0.003989681168183964,25,25,1.0
10,5.0,cell,UMP_Q_F_expected_random_purity,0.05000000000000001,25,25,1.0
10,5.0,cell,UMP_Q_F_expected_random_capture,0.02,25,25,1.0
10,5.0,cell,UMP_Q_F_excess_purity,-0.040025797079539925,25,25,1.0
10,5.0,cell,UMP_Q_F_excess_capture,-0.016010318831815938,25,25,1.0
10,5.0,cell,UMP_Q_F_largest_canonical_correlation,0.12752503295079287,25,25,1.0
10,5.0,cell,UMP_Q_F_smallest_principal_angle,1.4429163981477464,25,25,1.0
10,5.0,cell,U4_Q_F_dim_U,4.0,25,25,1.0
10,5.0,cell,U4_Q_F_dim_Q,5.0,25,25,1.0
10,5.0,cell,U4_Q_F_shared_energy,0.020593653453680725,25,25,1.0
10,5.0,cell,U4_Q_F_purity,0.005148413363420137,25,25,1.0
10,5.0,cell,U4_Q_F_capture,0.004118730690736103,25,25,1.0
10,5.0,cell,U4_Q_F_expected_random_purity,0.05000000000000001,25,25,1.0
10,5.0,cell,U4_Q_F_expected_random_capture,0.04,25,25,1.0
10,5.0,cell,U4_Q_F_excess_purity,-0.044851586636579774,25,25,1.0
10,5.0,cell,U4_Q_F_excess_capture,-0.035881269309263795,25,25,1.0
10,5.0,cell,U4_Q_F_largest_canonical_correlation,0.1279534201229542,25,25,1.0
10,5.0,cell,U4_Q_F_smallest_principal_angle,1.4424846111970169,25,25,1.0
10,5.0,cell,UMP_Q_F_unique_dim_U,2.0,25,25,1.0
10,5.0,cell,UMP_Q_F_unique_dim_Q,5.0,25,25,1.0
10,5.0,cell,UMP_Q_F_unique_shared_energy,0.1338837989026181,25,25,1.0
10,5.0,cell,UMP_Q_F_unique_purity,0.06694189945130902,25,25,1.0
10,5.0,cell,UMP_Q_F_unique_capture,0.026776759780523577,25,25,1.0
10,5.0,cell,UMP_Q_F_unique_expected_random_purity,0.05000000000000001,25,25,1.0
10,5.0,cell,UMP_Q_F_unique_expected_random_capture,0.02,25,25,1.0
10,5.0,cell,UMP_Q_F_unique_excess_purity,0.016941899451309,25,25,1.0
10,5.0,cell,UMP_Q_F_unique_excess_capture,0.006776759780523576,25,25,1.0
10,5.0,cell,UMP_Q_F_unique_largest_canonical_correlation,0.29128780046405817,25,25,1.0
10,5.0,cell,UMP_Q_F_unique_smallest_principal_angle,1.2752115936892199,25,25,1.0
10,5.0,cell,U4_Q_F_unique_dim_U,4.0,25,25,1.0
10,5.0,cell,U4_Q_F_unique_dim_Q,5.0,25,25,1.0
10,5.0,cell,U4_Q_F_unique_shared_energy,0.15279212467214967,25,25,1.0
10,5.0,cell,U4_Q_F_unique_purity,0.03819803116803738,25,25,1.0
10,5.0,cell,U4_Q_F_unique_capture,0.0305584249344299,25,25,1.0
10,5.0,cell,U4_Q_F_unique_expected_random_purity,0.05000000000000001,25,25,1.0
10,5.0,cell,U4_Q_F_unique_expected_random_capture,0.04,25,25,1.0
10,5.0,cell,U4_Q_F_unique_excess_purity,-0.011801968831962528,25,25,1.0
10,5.0,cell,U4_Q_F_unique_excess_capture,-0.009441575065570003,25,25,1.0
10,5.0,cell,U4_Q_F_unique_largest_canonical_correlation,0.30492672669272514,25,25,1.0
10,5.0,cell,U4_Q_F_unique_smallest_principal_angle,1.2609021736992425,25,25,1.0
10,5.0,cell,UMP_Q_C_dim_U,2.0,25,25,1.0
10,5.0,cell,UMP_Q_C_dim_Q,3.0,25,25,1.0
10,5.0,cell,UMP_Q_C_shared_energy,1.244824437322744,25,25,1.0
10,5.0,cell,UMP_Q_C_purity,0.622412218661372,25,25,1.0
10,5.0,cell,UMP_Q_C_capture,0.4149414791075813,25,25,1.0
10,5.0,cell,UMP_Q_C_expected_random_purity,0.03,25,25,1.0
10,5.0,cell,UMP_Q_C_expected_random_capture,0.02,25,25,1.0
10,5.0,cell,UMP_Q_C_excess_purity,0.5924122186613718,25,25,1.0
10,5.0,cell,UMP_Q_C_excess_capture,0.3949414791075813,25,25,1.0
10,5.0,cell,UMP_Q_C_largest_canonical_correlation,0.9428363510406267,25,25,1.0
10,5.0,cell,UMP_Q_C_smallest_principal_angle,0.3395274399480661,25,25,1.0
10,5.0,cell,U4_Q_C_dim_U,4.0,25,25,1.0
10,5.0,cell,U4_Q_C_dim_Q,3.0,25,25,1.0
10,5.0,cell,U4_Q_C_shared_energy,1.662832929452097,25,25,1.0
10,5.0,cell,U4_Q_C_purity,0.41570823236302423,25,25,1.0
10,5.0,cell,U4_Q_C_capture,0.5542776431506989,25,25,1.0
10,5.0,cell,U4_Q_C_expected_random_purity,0.03,25,25,1.0
10,5.0,cell,U4_Q_C_expected_random_capture,0.04,25,25,1.0
10,5.0,cell,U4_Q_C_excess_purity,0.38570823236302426,25,25,1.0
10,5.0,cell,U4_Q_C_excess_capture,0.5142776431506989,25,25,1.0
10,5.0,cell,U4_Q_C_largest_canonical_correlation,0.9437191723978792,25,25,1.0
10,5.0,cell,U4_Q_C_smallest_principal_angle,0.3368127117304594,25,25,1.0
10,5.0,cell,UMP_Q_C_unique_dim_U,2.0,25,25,1.0
10,5.0,cell,UMP_Q_C_unique_dim_Q,3.0,25,25,1.0
10,5.0,cell,UMP_Q_C_unique_shared_energy,1.3587598303844424,25,25,1.0
10,5.0,cell,UMP_Q_C_unique_purity,0.6793799151922212,25,25,1.0
10,5.0,cell,UMP_Q_C_unique_capture,0.45291994346148073,25,25,1.0
10,5.0,cell,UMP_Q_C_unique_expected_random_purity,0.03,25,25,1.0
10,5.0,cell,UMP_Q_C_unique_expected_random_capture,0.02,25,25,1.0
10,5.0,cell,UMP_Q_C_unique_excess_purity,0.649379915192221,25,25,1.0
10,5.0,cell,UMP_Q_C_unique_excess_capture,0.4329199434614807,25,25,1.0
10,5.0,cell,UMP_Q_C_unique_largest_canonical_correlation,0.9747743730453358,25,25,1.0
10,5.0,cell,UMP_Q_C_unique_smallest_principal_angle,0.22499062120731167,25,25,1.0
10,5.0,cell,U4_Q_C_unique_dim_U,4.0,25,25,1.0
10,5.0,cell,U4_Q_C_unique_dim_Q,3.0,25,25,1.0
10,5.0,cell,U4_Q_C_unique_shared_energy,1.7950314006705659,25,25,1.0
10,5.0,cell,U4_Q_C_unique_purity,0.44875785016764147,25,25,1.0
10,5.0,cell,U4_Q_C_unique_capture,0.5983438002235221,25,25,1.0
10,5.0,cell,U4_Q_C_unique_expected_random_purity,0.03,25,25,1.0
10,5.0,cell,U4_Q_C_unique_expected_random_capture,0.04,25,25,1.0
10,5.0,cell,U4_Q_C_unique_excess_purity,0.4187578501676415,25,25,1.0
10,5.0,cell,U4_Q_C_unique_excess_capture,0.558343800223522,25,25,1.0
10,5.0,cell,U4_Q_C_unique_largest_canonical_correlation,0.9752832808707035,25,25,1.0
10,5.0,cell,U4_Q_C_unique_smallest_principal_angle,0.22270016852466398,25,25,1.0
10,5.0,cell,UMP_Q_C_full_dim_U,2.0,25,25,1.0
10,5.0,cell,UMP_Q_C_full_dim_Q,4.0,25,25,1.0
10,5.0,cell,UMP_Q_C_full_shared_energy,1.660524797369152,25,25,1.0
10,5.0,cell,UMP_Q_C_full_purity,0.830262398684576,25,25,1.0
10,5.0,cell,UMP_Q_C_full_capture,0.415131199342288,25,25,1.0
10,5.0,cell,UMP_Q_C_full_expected_random_purity,0.04,25,25,1.0
10,5.0,cell,UMP_Q_C_full_expected_random_capture,0.02,25,25,1.0
10,5.0,cell,UMP_Q_C_full_excess_purity,0.7902623986845758,25,25,1.0
10,5.0,cell,UMP_Q_C_full_excess_capture,0.3951311993422879,25,25,1.0
10,5.0,cell,UMP_Q_C_full_largest_canonical_correlation,0.9436838926072835,25,25,1.0
10,5.0,cell,UMP_Q_C_full_smallest_principal_angle,0.3369811626671136,25,25,1.0
10,5.0,cell,U4_Q_C_full_dim_U,4.0,25,25,1.0
10,5.0,cell,U4_Q_C_full_dim_Q,4.0,25,25,1.0
10,5.0,cell,U4_Q_C_full_shared_energy,2.164070885729393,25,25,1.0
10,5.0,cell,U4_Q_C_full_purity,0.5410177214323483,25,25,1.0
10,5.0,cell,U4_Q_C_full_capture,0.5410177214323483,25,25,1.0
10,5.0,cell,U4_Q_C_full_expected_random_purity,0.04,25,25,1.0
10,5.0,cell,U4_Q_C_full_expected_random_capture,0.04,25,25,1.0
10,5.0,cell,U4_Q_C_full_excess_purity,0.5010177214323484,25,25,1.0
10,5.0,cell,U4_Q_C_full_excess_capture,0.5010177214323484,25,25,1.0
10,5.0,cell,U4_Q_C_full_largest_canonical_correlation,0.9445027758758655,25,25,1.0
10,5.0,cell,U4_Q_C_full_smallest_principal_angle,0.33444544621280714,25,25,1.0
10,5.0,cell,UMP_Q_P4_dim_U,2.0,25,25,1.0
10,5.0,cell,UMP_Q_P4_dim_Q,4.0,25,25,1.0
10,5.0,cell,UMP_Q_P4_shared_energy,1.6785692481527568,25,25,1.0
10,5.0,cell,UMP_Q_P4_purity,0.8392846240763784,25,25,1.0
10,5.0,cell,UMP_Q_P4_capture,0.4196423120381892,25,25,1.0
10,5.0,cell,UMP_Q_P4_expected_random_purity,0.04,25,25,1.0
10,5.0,cell,UMP_Q_P4_expected_random_capture,0.02,25,25,1.0
10,5.0,cell,UMP_Q_P4_excess_purity,0.7992846240763782,25,25,1.0
10,5.0,cell,UMP_Q_P4_excess_capture,0.3996423120381891,25,25,1.0
10,5.0,cell,UMP_Q_P4_largest_canonical_correlation,0.9464706323446707,25,25,1.0
10,5.0,cell,UMP_Q_P4_smallest_principal_angle,0.3283217867929848,25,25,1.0
10,5.0,cell,U4_Q_P4_dim_U,4.0,25,25,1.0
10,5.0,cell,U4_Q_P4_dim_Q,4.0,25,25,1.0
10,5.0,cell,U4_Q_P4_shared_energy,2.2214500116362994,25,25,1.0
10,5.0,cell,U4_Q_P4_purity,0.5553625029090749,25,25,1.0
10,5.0,cell,U4_Q_P4_capture,0.5553625029090749,25,25,1.0
10,5.0,cell,U4_Q_P4_expected_random_purity,0.04,25,25,1.0
10,5.0,cell,U4_Q_P4_expected_random_capture,0.04,25,25,1.0
10,5.0,cell,U4_Q_P4_excess_purity,0.5153625029090749,25,25,1.0
10,5.0,cell,U4_Q_P4_excess_capture,0.5153625029090749,25,25,1.0
10,5.0,cell,U4_Q_P4_largest_canonical_correlation,0.9474665123770626,25,25,1.0
10,5.0,cell,U4_Q_P4_smallest_principal_angle,0.32518636073043056,25,25,1.0
10,5.0,cell,QR_Q_F_dim_U,5.0,25,25,1.0
10,5.0,cell,QR_Q_F_dim_Q,5.0,25,25,1.0
10,5.0,cell,QR_Q_F_shared_energy,4.967227962969827,25,25,1.0
10,5.0,cell,QR_Q_F_purity,0.9934455925939654,25,25,1.0
10,5.0,cell,QR_Q_F_capture,0.9934455925939654,25,25,1.0
10,5.0,cell,QR_Q_F_expected_random_purity,0.05000000000000001,25,25,1.0
10,5.0,cell,QR_Q_F_expected_random_capture,0.05000000000000001,25,25,1.0
10,5.0,cell,QR_Q_F_excess_purity,0.9434455925939652,25,25,1.0
10,5.0,cell,QR_Q_F_excess_capture,0.9434455925939652,25,25,1.0
10,5.0,cell,QR_Q_F_largest_canonical_correlation,0.9994485484539287,25,25,1.0
10,5.0,cell,QR_Q_F_smallest_principal_angle,0.03317140896726325,25,25,1.0
10,5.0,cell,QR_Q_C_dim_U,5.0,25,25,1.0
10,5.0,cell,QR_Q_C_dim_Q,3.0,25,25,1.0
10,5.0,cell,QR_Q_C_shared_energy,0.21151354078509205,25,25,1.0
10,5.0,cell,QR_Q_C_purity,0.042302708157018365,25,25,1.0
10,5.0,cell,QR_Q_C_capture,0.07050451359503065,25,25,1.0
10,5.0,cell,QR_Q_C_expected_random_purity,0.03,25,25,1.0
10,5.0,cell,QR_Q_C_expected_random_capture,0.05000000000000001,25,25,1.0
10,5.0,cell,QR_Q_C_excess_purity,0.012302708157018363,25,25,1.0
10,5.0,cell,QR_Q_C_excess_capture,0.02050451359503064,25,25,1.0
10,5.0,cell,QR_Q_C_largest_canonical_correlation,0.35077661559995554,25,25,1.0
10,5.0,cell,QR_Q_C_smallest_principal_angle,1.212373715672464,25,25,1.0
10,5.0,cell,QR_Q_C_unique_dim_U,5.0,25,25,1.0
10,5.0,cell,QR_Q_C_unique_dim_Q,3.0,25,25,1.0
10,5.0,cell,QR_Q_C_unique_shared_energy,0.014042607579333025,25,25,1.0
10,5.0,cell,QR_Q_C_unique_purity,0.0028085215158665717,25,25,1.0
10,5.0,cell,QR_Q_C_unique_capture,0.004680869193110972,25,25,1.0
10,5.0,cell,QR_Q_C_unique_expected_random_purity,0.03,25,25,1.0
10,5.0,cell,QR_Q_C_unique_expected_random_capture,0.05000000000000001,25,25,1.0
10,5.0,cell,QR_Q_C_unique_excess_purity,-0.027191478484133332,25,25,1.0
10,5.0,cell,QR_Q_C_unique_excess_capture,-0.04531913080688893,25,25,1.0
10,5.0,cell,QR_Q_C_unique_largest_canonical_correlation,0.1027225898000231,25,25,1.0
10,5.0,cell,QR_Q_C_unique_smallest_principal_angle,1.4678876824636857,25,25,1.0
10,5.0,cell,QR_Q_C_full_dim_U,5.0,25,25,1.0
10,5.0,cell,QR_Q_C_full_dim_Q,4.0,25,25,1.0
10,5.0,cell,QR_Q_C_full_shared_energy,0.3041491690742426,25,25,1.0
10,5.0,cell,QR_Q_C_full_purity,0.06082983381484849,25,25,1.0
10,5.0,cell,QR_Q_C_full_capture,0.07603729226856061,25,25,1.0
10,5.0,cell,QR_Q_C_full_expected_random_purity,0.04,25,25,1.0
10,5.0,cell,QR_Q_C_full_expected_random_capture,0.05000000000000001,25,25,1.0
10,5.0,cell,QR_Q_C_full_excess_purity,0.020829833814848476,25,25,1.0
10,5.0,cell,QR_Q_C_full_excess_capture,0.0260372922685606,25,25,1.0
10,5.0,cell,QR_Q_C_full_largest_canonical_correlation,0.436560949802104,25,25,1.0
10,5.0,cell,QR_Q_C_full_smallest_principal_angle,1.1189897997338552,25,25,1.0
10,5.0,cell,QR_Q_P4_dim_U,5.0,25,25,1.0
10,5.0,cell,QR_Q_P4_dim_Q,4.0,25,25,1.0
10,5.0,cell,QR_Q_P4_shared_energy,0.33334642505734374,25,25,1.0
10,5.0,cell,QR_Q_P4_purity,0.06666928501146871,25,25,1.0
10,5.0,cell,QR_Q_P4_capture,0.0833366062643359,25,25,1.0
10,5.0,cell,QR_Q_P4_expected_random_purity,0.04,25,25,1.0
10,5.0,cell,QR_Q_P4_expected_random_capture,0.05000000000000001,25,25,1.0
10,5.0,cell,QR_Q_P4_excess_purity,0.026669285011468712,25,25,1.0
10,5.0,cell,QR_Q_P4_excess_capture,0.0333366062643359,25,25,1.0
10,5.0,cell,QR_Q_P4_largest_canonical_correlation,0.448182599716384,25,25,1.0
10,5.0,cell,QR_Q_P4_smallest_principal_angle,1.106030123260187,25,25,1.0
10,7.0,cell,UMP_Q_F_dim_U,1.84,25,25,1.0
10,7.0,cell,UMP_Q_F_dim_Q,5.0,25,25,1.0
10,7.0,cell,UMP_Q_F_shared_energy,0.000283479676007464,25,25,1.0
10,7.0,cell,UMP_Q_F_purity,0.00014906981473926509,25,25,1.0
10,7.0,cell,UMP_Q_F_capture,5.6695935201498814e-05,25,25,1.0
10,7.0,cell,UMP_Q_F_expected_random_purity,0.05000000000000001,25,25,1.0
10,7.0,cell,UMP_Q_F_expected_random_capture,0.0184,25,25,1.0
10,7.0,cell,UMP_Q_F_excess_purity,-0.04985093018526066,25,25,1.0
10,7.0,cell,UMP_Q_F_excess_capture,-0.018343304064798446,25,25,1.0
10,7.0,cell,UMP_Q_F_largest_canonical_correlation,0.013941761204618607,25,25,1.0
10,7.0,cell,UMP_Q_F_smallest_principal_angle,1.55685399954236,25,25,1.0
10,7.0,cell,U4_Q_F_dim_U,4.0,25,25,1.0
10,7.0,cell,U4_Q_F_dim_Q,5.0,25,25,1.0
10,7.0,cell,U4_Q_F_shared_energy,0.000791118445761236,25,25,1.0
10,7.0,cell,U4_Q_F_purity,0.00019777961144026797,25,25,1.0
10,7.0,cell,U4_Q_F_capture,0.0001582236891522,25,25,1.0
10,7.0,cell,U4_Q_F_expected_random_purity,0.05000000000000001,25,25,1.0
10,7.0,cell,U4_Q_F_expected_random_capture,0.04,25,25,1.0
10,7.0,cell,U4_Q_F_excess_purity,-0.049802220388559644,25,25,1.0
10,7.0,cell,U4_Q_F_excess_capture,-0.039841776310847704,25,25,1.0
10,7.0,cell,U4_Q_F_largest_canonical_correlation,0.02141059600264336,25,25,1.0
10,7.0,cell,U4_Q_F_smallest_principal_angle,1.549383979124407,25,25,1.0
10,7.0,cell,UMP_Q_F_unique_dim_U,1.84,25,25,1.0
10,7.0,cell,UMP_Q_F_unique_dim_Q,5.0,25,25,1.0
10,7.0,cell,UMP_Q_F_unique_shared_energy,0.006631407045554736,25,25,1.0
10,7.0,cell,UMP_Q_F_unique_purity,0.0033706385715259403,25,25,1.0
10,7.0,cell,UMP_Q_F_unique_capture,0.0013262814091109065,25,25,1.0
10,7.0,cell,UMP_Q_F_unique_expected_random_purity,0.05000000000000001,25,25,1.0
10,7.0,cell,UMP_Q_F_unique_expected_random_capture,0.0184,25,25,1.0
10,7.0,cell,UMP_Q_F_unique_excess_purity,-0.046629361428473966,25,25,1.0
10,7.0,cell,UMP_Q_F_unique_excess_capture,-0.017073718590888996,25,25,1.0
10,7.0,cell,UMP_Q_F_unique_largest_canonical_correlation,0.07179241184640374,25,25,1.0
10,7.0,cell,UMP_Q_F_unique_smallest_principal_angle,1.4989153749305695,25,25,1.0
10,7.0,cell,U4_Q_F_unique_dim_U,4.0,25,25,1.0
10,7.0,cell,U4_Q_F_unique_dim_Q,5.0,25,25,1.0
10,7.0,cell,U4_Q_F_unique_shared_energy,0.018469917915450756,25,25,1.0
10,7.0,cell,U4_Q_F_unique_purity,0.004617479478862644,25,25,1.0
10,7.0,cell,U4_Q_F_unique_capture,0.0036939835830901,25,25,1.0
10,7.0,cell,U4_Q_F_unique_expected_random_purity,0.05000000000000001,25,25,1.0
10,7.0,cell,U4_Q_F_unique_expected_random_capture,0.04,25,25,1.0
10,7.0,cell,U4_Q_F_unique_excess_purity,-0.045382520521137254,25,25,1.0
10,7.0,cell,U4_Q_F_unique_excess_capture,-0.0363060164169098,25,25,1.0
10,7.0,cell,U4_Q_F_unique_largest_canonical_correlation,0.11068696246626435,25,25,1.0
10,7.0,cell,U4_Q_F_unique_smallest_principal_angle,1.4598756899715875,25,25,1.0
10,7.0,cell,UMP_Q_C_dim_U,1.84,25,25,1.0
10,7.0,cell,UMP_Q_C_dim_Q,3.0,25,25,1.0
10,7.0,cell,UMP_Q_C_shared_energy,0.1327592218129704,25,25,1.0
10,7.0,cell,UMP_Q_C_purity,0.06717299913095859,25,25,1.0
10,7.0,cell,UMP_Q_C_capture,0.04425307393765676,25,25,1.0
10,7.0,cell,UMP_Q_C_expected_random_purity,0.03,25,25,1.0
10,7.0,cell,UMP_Q_C_expected_random_capture,0.0184,25,25,1.0
10,7.0,cell,UMP_Q_C_excess_purity,0.03717299913095861,25,25,1.0
10,7.0,cell,UMP_Q_C_excess_capture,0.025853073937656786,25,25,1.0
10,7.0,cell,UMP_Q_C_largest_canonical_correlation,0.32367033275892665,25,25,1.0
10,7.0,cell,UMP_Q_C_smallest_principal_angle,1.2376448281871517,25,25,1.0
10,7.0,cell,U4_Q_C_dim_U,4.0,25,25,1.0
10,7.0,cell,U4_Q_C_dim_Q,3.0,25,25,1.0
10,7.0,cell,U4_Q_C_shared_energy,0.344540989137182,25,25,1.0
10,7.0,cell,U4_Q_C_purity,0.08613524728429546,25,25,1.0
10,7.0,cell,U4_Q_C_capture,0.1148469963790606,25,25,1.0
10,7.0,cell,U4_Q_C_expected_random_purity,0.03,25,25,1.0
10,7.0,cell,U4_Q_C_expected_random_capture,0.04,25,25,1.0
10,7.0,cell,U4_Q_C_excess_purity,0.05613524728429546,25,25,1.0
10,7.0,cell,U4_Q_C_excess_capture,0.07484699637906062,25,25,1.0
10,7.0,cell,U4_Q_C_largest_canonical_correlation,0.5254913573135328,25,25,1.0
10,7.0,cell,U4_Q_C_smallest_principal_angle,1.0172843286712976,25,25,1.0
10,7.0,cell,UMP_Q_C_unique_dim_U,1.84,25,25,1.0
10,7.0,cell,UMP_Q_C_unique_dim_Q,3.0,25,25,1.0
10,7.0,cell,UMP_Q_C_unique_shared_energy,0.13910714918251757,25,25,1.0
10,7.0,cell,UMP_Q_C_unique_purity,0.07039456788774522,25,25,1.0
10,7.0,cell,UMP_Q_C_unique_capture,0.04636904972750583,25,25,1.0
10,7.0,cell,UMP_Q_C_unique_expected_random_purity,0.03,25,25,1.0
10,7.0,cell,UMP_Q_C_unique_expected_random_capture,0.0184,25,25,1.0
10,7.0,cell,UMP_Q_C_unique_excess_purity,0.040394567887745245,25,25,1.0
10,7.0,cell,UMP_Q_C_unique_excess_capture,0.027969049727505847,25,25,1.0
10,7.0,cell,UMP_Q_C_unique_largest_canonical_correlation,0.3311880348181435,25,25,1.0
10,7.0,cell,UMP_Q_C_unique_smallest_principal_angle,1.2294434174122078,25,25,1.0
10,7.0,cell,U4_Q_C_unique_dim_U,4.0,25,25,1.0
10,7.0,cell,U4_Q_C_unique_dim_Q,3.0,25,25,1.0
10,7.0,cell,U4_Q_C_unique_shared_energy,0.3622197886068711,25,25,1.0
10,7.0,cell,U4_Q_C_unique_purity,0.09055494715171773,25,25,1.0
10,7.0,cell,U4_Q_C_unique_capture,0.12073992953562368,25,25,1.0
10,7.0,cell,U4_Q_C_unique_expected_random_purity,0.03,25,25,1.0
10,7.0,cell,U4_Q_C_unique_expected_random_capture,0.04,25,25,1.0
10,7.0,cell,U4_Q_C_unique_excess_purity,0.06055494715171775,25,25,1.0
10,7.0,cell,U4_Q_C_unique_excess_capture,0.08073992953562367,25,25,1.0
10,7.0,cell,U4_Q_C_unique_largest_canonical_correlation,0.5357971927536715,25,25,1.0
10,7.0,cell,U4_Q_C_unique_smallest_principal_angle,1.0051143017918902,25,25,1.0
10,7.0,cell,UMP_Q_C_full_dim_U,1.84,25,25,1.0
10,7.0,cell,UMP_Q_C_full_dim_Q,4.0,25,25,1.0
10,7.0,cell,UMP_Q_C_full_shared_energy,0.16148559587619551,25,25,1.0
10,7.0,cell,UMP_Q_C_full_purity,0.08207901210533264,25,25,1.0
10,7.0,cell,UMP_Q_C_full_capture,0.04037139896904884,25,25,1.0
10,7.0,cell,UMP_Q_C_full_expected_random_purity,0.04,25,25,1.0
10,7.0,cell,UMP_Q_C_full_expected_random_capture,0.0184,25,25,1.0
10,7.0,cell,UMP_Q_C_full_excess_purity,0.04207901210533263,25,25,1.0
10,7.0,cell,UMP_Q_C_full_excess_capture,0.021971398969048855,25,25,1.0
10,7.0,cell,UMP_Q_C_full_largest_canonical_correlation,0.3553217689277116,25,25,1.0
10,7.0,cell,UMP_Q_C_full_smallest_principal_angle,1.203542097135616,25,25,1.0
10,7.0,cell,U4_Q_C_full_dim_U,4.0,25,25,1.0
10,7.0,cell,U4_Q_C_full_dim_Q,4.0,25,25,1.0
10,7.0,cell,U4_Q_C_full_shared_energy,0.4188594706717075,25,25,1.0
10,7.0,cell,U4_Q_C_full_purity,0.10471486766792683,25,25,1.0
10,7.0,cell,U4_Q_C_full_capture,0.10471486766792683,25,25,1.0
10,7.0,cell,U4_Q_C_full_expected_random_purity,0.04,25,25,1.0
10,7.0,cell,U4_Q_C_full_expected_random_capture,0.04,25,25,1.0
10,7.0,cell,U4_Q_C_full_excess_purity,0.06471486766792682,25,25,1.0
10,7.0,cell,U4_Q_C_full_excess_capture,0.06471486766792682,25,25,1.0
10,7.0,cell,U4_Q_C_full_largest_canonical_correlation,0.5422624007403049,25,25,1.0
10,7.0,cell,U4_Q_C_full_smallest_principal_angle,0.9972520670542356,25,25,1.0
10,7.0,cell,UMP_Q_P4_dim_U,1.84,25,25,1.0
10,7.0,cell,UMP_Q_P4_dim_Q,4.0,25,25,1.0
10,7.0,cell,UMP_Q_P4_shared_energy,0.1708873137474833,25,25,1.0
10,7.0,cell,UMP_Q_P4_purity,0.08666342931979402,25,25,1.0
10,7.0,cell,UMP_Q_P4_capture,0.042721828436870786,25,25,1.0
10,7.0,cell,UMP_Q_P4_expected_random_purity,0.04,25,25,1.0
10,7.0,cell,UMP_Q_P4_expected_random_capture,0.0184,25,25,1.0
10,7.0,cell,UMP_Q_P4_excess_purity,0.04666342931979403,25,25,1.0
10,7.0,cell,UMP_Q_P4_excess_capture,0.024321828436870797,25,25,1.0
10,7.0,cell,UMP_Q_P4_largest_canonical_correlation,0.36605158635578683,25,25,1.0
10,7.0,cell,UMP_Q_P4_smallest_principal_angle,1.1913790975820198,25,25,1.0
10,7.0,cell,U4_Q_P4_dim_U,4.0,25,25,1.0
10,7.0,cell,U4_Q_P4_dim_Q,4.0,25,25,1.0
10,7.0,cell,U4_Q_P4_shared_energy,0.45951587476873995,25,25,1.0
10,7.0,cell,U4_Q_P4_purity,0.11487896869218496,25,25,1.0
10,7.0,cell,U4_Q_P4_capture,0.11487896869218496,25,25,1.0
10,7.0,cell,U4_Q_P4_expected_random_purity,0.04,25,25,1.0
10,7.0,cell,U4_Q_P4_expected_random_capture,0.04,25,25,1.0
10,7.0,cell,U4_Q_P4_excess_purity,0.07487896869218494,25,25,1.0
10,7.0,cell,U4_Q_P4_excess_capture,0.07487896869218494,25,25,1.0
10,7.0,cell,U4_Q_P4_largest_canonical_correlation,0.5692233489934754,25,25,1.0
10,7.0,cell,U4_Q_P4_smallest_principal_angle,0.964817624561925,25,25,1.0
10,7.0,cell,QR_Q_F_dim_U,7.0,25,25,1.0
10,7.0,cell,QR_Q_F_dim_Q,5.0,25,25,1.0
10,7.0,cell,QR_Q_F_shared_energy,4.986548030833763,25,25,1.0
10,7.0,cell,QR_Q_F_purity,0.7123640044048234,25,25,1.0
10,7.0,cell,QR_Q_F_capture,0.9973096061667526,25,25,1.0
10,7.0,cell,QR_Q_F_expected_random_purity,0.05000000000000001,25,25,1.0
10,7.0,cell,QR_Q_F_expected_random_capture,0.07,25,25,1.0
10,7.0,cell,QR_Q_F_excess_purity,0.6623640044048232,25,25,1.0
10,7.0,cell,QR_Q_F_excess_capture,0.9273096061667526,25,25,1.0
10,7.0,cell,QR_Q_F_largest_canonical_correlation,0.999493942051395,25,25,1.0
10,7.0,cell,QR_Q_F_smallest_principal_angle,0.03180341149610724,25,25,1.0
10,7.0,cell,QR_Q_C_dim_U,7.0,25,25,1.0
10,7.0,cell,QR_Q_C_dim_Q,3.0,25,25,1.0
10,7.0,cell,QR_Q_C_shared_energy,1.4606599691867748,25,25,1.0
10,7.0,cell,QR_Q_C_purity,0.20866570988382496,25,25,1.0
10,7.0,cell,QR_Q_C_capture,0.4868866563955916,25,25,1.0
10,7.0,cell,QR_Q_C_expected_random_purity,0.03,25,25,1.0
10,7.0,cell,QR_Q_C_expected_random_capture,0.07,25,25,1.0
10,7.0,cell,QR_Q_C_excess_purity,0.1786657098838249,25,25,1.0
10,7.0,cell,QR_Q_C_excess_capture,0.41688665639559147,25,25,1.0
10,7.0,cell,QR_Q_C_largest_canonical_correlation,0.9788577498267411,25,25,1.0
10,7.0,cell,QR_Q_C_smallest_principal_angle,0.2059373632621712,25,25,1.0
10,7.0,cell,QR_Q_C_unique_dim_U,7.0,25,25,1.0
10,7.0,cell,QR_Q_C_unique_dim_Q,3.0,25,25,1.0
10,7.0,cell,QR_Q_C_unique_shared_energy,1.3742295779028257,25,25,1.0
10,7.0,cell,QR_Q_C_unique_purity,0.196318511128975,25,25,1.0
10,7.0,cell,QR_Q_C_unique_capture,0.45807652596760845,25,25,1.0
10,7.0,cell,QR_Q_C_unique_expected_random_purity,0.03,25,25,1.0
10,7.0,cell,QR_Q_C_unique_expected_random_capture,0.07,25,25,1.0
10,7.0,cell,QR_Q_C_unique_excess_purity,0.166318511128975,25,25,1.0
10,7.0,cell,QR_Q_C_unique_excess_capture,0.38807652596760844,25,25,1.0
10,7.0,cell,QR_Q_C_unique_largest_canonical_correlation,0.977643608654542,25,25,1.0
10,7.0,cell,QR_Q_C_unique_smallest_principal_angle,0.21179315442106408,25,25,1.0
10,7.0,cell,QR_Q_C_full_dim_U,7.0,25,25,1.0
10,7.0,cell,QR_Q_C_full_dim_Q,4.0,25,25,1.0
10,7.0,cell,QR_Q_C_full_shared_energy,1.9690338335031319,25,25,1.0
10,7.0,cell,QR_Q_C_full_purity,0.28129054764330447,25,25,1.0
10,7.0,cell,QR_Q_C_full_capture,0.4922584583757829,25,25,1.0
10,7.0,cell,QR_Q_C_full_expected_random_purity,0.04,25,25,1.0
10,7.0,cell,QR_Q_C_full_expected_random_capture,0.07,25,25,1.0
10,7.0,cell,QR_Q_C_full_excess_purity,0.2412905476433045,25,25,1.0
10,7.0,cell,QR_Q_C_full_excess_capture,0.42225845837578285,25,25,1.0
10,7.0,cell,QR_Q_C_full_largest_canonical_correlation,0.9802806842921576,25,25,1.0
10,7.0,cell,QR_Q_C_full_smallest_principal_angle,0.19887597504730986,25,25,1.0
10,7.0,cell,QR_Q_P4_dim_U,7.0,25,25,1.0
10,7.0,cell,QR_Q_P4_dim_Q,4.0,25,25,1.0
10,7.0,cell,QR_Q_P4_shared_energy,2.021058678331351,25,25,1.0
10,7.0,cell,QR_Q_P4_purity,0.28872266833305016,25,25,1.0
10,7.0,cell,QR_Q_P4_capture,0.5052646695828378,25,25,1.0
10,7.0,cell,QR_Q_P4_expected_random_purity,0.04,25,25,1.0
10,7.0,cell,QR_Q_P4_expected_random_capture,0.07,25,25,1.0
10,7.0,cell,QR_Q_P4_excess_purity,0.24872266833305015,25,25,1.0
10,7.0,cell,QR_Q_P4_excess_capture,0.4352646695828377,25,25,1.0
10,7.0,cell,QR_Q_P4_largest_canonical_correlation,0.9911730292271398,25,25,1.0
10,7.0,cell,QR_Q_P4_smallest_principal_angle,0.13293694055782157,25,25,1.0
11,3.0,cell,UMP_Q_F_dim_U,4.0,25,25,1.0
11,3.0,cell,UMP_Q_F_dim_Q,5.0,25,25,1.0
11,3.0,cell,UMP_Q_F_shared_energy,1.960467667102844,25,25,1.0
11,3.0,cell,UMP_Q_F_purity,0.490116916775711,25,25,1.0
11,3.0,cell,UMP_Q_F_capture,0.3920935334205688,25,25,1.0
11,3.0,cell,UMP_Q_F_expected_random_purity,0.05000000000000001,25,25,1.0
11,3.0,cell,UMP_Q_F_expected_random_capture,0.04,25,25,1.0
11,3.0,cell,UMP_Q_F_excess_purity,0.440116916775711,25,25,1.0
11,3.0,cell,UMP_Q_F_excess_capture,0.35209353342056887,25,25,1.0
11,3.0,cell,UMP_Q_F_largest_canonical_correlation,0.9916260879749538,25,25,1.0
11,3.0,cell,UMP_Q_F_smallest_principal_angle,0.1293985627498574,25,25,1.0
11,3.0,cell,U4_Q_F_dim_U,4.0,25,25,1.0
11,3.0,cell,U4_Q_F_dim_Q,5.0,25,25,1.0
11,3.0,cell,U4_Q_F_shared_energy,1.960467667102844,25,25,1.0
11,3.0,cell,U4_Q_F_purity,0.490116916775711,25,25,1.0
11,3.0,cell,U4_Q_F_capture,0.3920935334205688,25,25,1.0
11,3.0,cell,U4_Q_F_expected_random_purity,0.05000000000000001,25,25,1.0
11,3.0,cell,U4_Q_F_expected_random_capture,0.04,25,25,1.0
11,3.0,cell,U4_Q_F_excess_purity,0.440116916775711,25,25,1.0
11,3.0,cell,U4_Q_F_excess_capture,0.35209353342056887,25,25,1.0
11,3.0,cell,U4_Q_F_largest_canonical_correlation,0.9916260879749538,25,25,1.0
11,3.0,cell,U4_Q_F_smallest_principal_angle,0.1293985627498574,25,25,1.0
11,3.0,cell,UMP_Q_F_unique_dim_U,4.0,25,25,1.0
11,3.0,cell,UMP_Q_F_unique_dim_Q,5.0,25,25,1.0
11,3.0,cell,UMP_Q_F_unique_shared_energy,1.9916705646558597,25,25,1.0
11,3.0,cell,UMP_Q_F_unique_purity,0.49791764116396486,25,25,1.0
11,3.0,cell,UMP_Q_F_unique_capture,0.39833411293117194,25,25,1.0
11,3.0,cell,UMP_Q_F_unique_expected_random_purity,0.05000000000000001,25,25,1.0
11,3.0,cell,UMP_Q_F_unique_expected_random_capture,0.04,25,25,1.0
11,3.0,cell,UMP_Q_F_unique_excess_purity,0.4479176411639649,25,25,1.0
11,3.0,cell,UMP_Q_F_unique_excess_capture,0.3583341129311719,25,25,1.0
11,3.0,cell,UMP_Q_F_unique_largest_canonical_correlation,0.9877377295289262,25,25,1.0
11,3.0,cell,UMP_Q_F_unique_smallest_principal_angle,0.15640957166002595,25,25,1.0
11,3.0,cell,U4_Q_F_unique_dim_U,4.0,25,25,1.0
11,3.0,cell,U4_Q_F_unique_dim_Q,5.0,25,25,1.0
11,3.0,cell,U4_Q_F_unique_shared_energy,1.9916705646558597,25,25,1.0
11,3.0,cell,U4_Q_F_unique_purity,0.49791764116396486,25,25,1.0
11,3.0,cell,U4_Q_F_unique_capture,0.39833411293117194,25,25,1.0
11,3.0,cell,U4_Q_F_unique_expected_random_purity,0.05000000000000001,25,25,1.0
11,3.0,cell,U4_Q_F_unique_expected_random_capture,0.04,25,25,1.0
11,3.0,cell,U4_Q_F_unique_excess_purity,0.4479176411639649,25,25,1.0
11,3.0,cell,U4_Q_F_unique_excess_capture,0.3583341129311719,25,25,1.0
11,3.0,cell,U4_Q_F_unique_largest_canonical_correlation,0.9877377295289262,25,25,1.0
11,3.0,cell,U4_Q_F_unique_smallest_principal_angle,0.15640957166002595,25,25,1.0
11,3.0,cell,UMP_Q_C_dim_U,4.0,25,25,1.0
11,3.0,cell,UMP_Q_C_dim_Q,3.0,25,25,1.0
11,3.0,cell,UMP_Q_C_shared_energy,1.2537623297875957,25,25,1.0
11,3.0,cell,UMP_Q_C_purity,0.31344058244689893,25,25,1.0
11,3.0,cell,UMP_Q_C_capture,0.41792077659586524,25,25,1.0
11,3.0,cell,UMP_Q_C_expected_random_purity,0.03,25,25,1.0
11,3.0,cell,UMP_Q_C_expected_random_capture,0.04,25,25,1.0
11,3.0,cell,UMP_Q_C_excess_purity,0.2834405824468989,25,25,1.0
11,3.0,cell,UMP_Q_C_excess_capture,0.37792077659586526,25,25,1.0
11,3.0,cell,UMP_Q_C_largest_canonical_correlation,0.9431784084975097,25,25,1.0
11,3.0,cell,UMP_Q_C_smallest_principal_angle,0.3386835777539982,25,25,1.0
11,3.0,cell,U4_Q_C_dim_U,4.0,25,25,1.0
11,3.0,cell,U4_Q_C_dim_Q,3.0,25,25,1.0
11,3.0,cell,U4_Q_C_shared_energy,1.2537623297875957,25,25,1.0
11,3.0,cell,U4_Q_C_purity,0.31344058244689893,25,25,1.0
11,3.0,cell,U4_Q_C_capture,0.41792077659586524,25,25,1.0
11,3.0,cell,U4_Q_C_expected_random_purity,0.03,25,25,1.0
11,3.0,cell,U4_Q_C_expected_random_capture,0.04,25,25,1.0
11,3.0,cell,U4_Q_C_excess_purity,0.2834405824468989,25,25,1.0
11,3.0,cell,U4_Q_C_excess_capture,0.37792077659586526,25,25,1.0
11,3.0,cell,U4_Q_C_largest_canonical_correlation,0.9431784084975097,25,25,1.0
11,3.0,cell,U4_Q_C_smallest_principal_angle,0.3386835777539982,25,25,1.0
11,3.0,cell,UMP_Q_C_unique_dim_U,4.0,25,25,1.0
11,3.0,cell,UMP_Q_C_unique_dim_Q,3.0,25,25,1.0
11,3.0,cell,UMP_Q_C_unique_shared_energy,1.2849652273406102,25,25,1.0
11,3.0,cell,UMP_Q_C_unique_purity,0.32124130683515256,25,25,1.0
11,3.0,cell,UMP_Q_C_unique_capture,0.42832174244687005,25,25,1.0
11,3.0,cell,UMP_Q_C_unique_expected_random_purity,0.03,25,25,1.0
11,3.0,cell,UMP_Q_C_unique_expected_random_capture,0.04,25,25,1.0
11,3.0,cell,UMP_Q_C_unique_excess_purity,0.29124130683515254,25,25,1.0
11,3.0,cell,UMP_Q_C_unique_excess_capture,0.38832174244687,25,25,1.0
11,3.0,cell,UMP_Q_C_unique_largest_canonical_correlation,0.9601458353292222,25,25,1.0
11,3.0,cell,UMP_Q_C_unique_smallest_principal_angle,0.2830608277361063,25,25,1.0
11,3.0,cell,U4_Q_C_unique_dim_U,4.0,25,25,1.0
11,3.0,cell,U4_Q_C_unique_dim_Q,3.0,25,25,1.0
11,3.0,cell,U4_Q_C_unique_shared_energy,1.2849652273406102,25,25,1.0
11,3.0,cell,U4_Q_C_unique_purity,0.32124130683515256,25,25,1.0
11,3.0,cell,U4_Q_C_unique_capture,0.42832174244687005,25,25,1.0
11,3.0,cell,U4_Q_C_unique_expected_random_purity,0.03,25,25,1.0
11,3.0,cell,U4_Q_C_unique_expected_random_capture,0.04,25,25,1.0
11,3.0,cell,U4_Q_C_unique_excess_purity,0.29124130683515254,25,25,1.0
11,3.0,cell,U4_Q_C_unique_excess_capture,0.38832174244687,25,25,1.0
11,3.0,cell,U4_Q_C_unique_largest_canonical_correlation,0.9601458353292222,25,25,1.0
11,3.0,cell,U4_Q_C_unique_smallest_principal_angle,0.2830608277361063,25,25,1.0
11,3.0,cell,UMP_Q_C_full_dim_U,4.0,25,25,1.0
11,3.0,cell,UMP_Q_C_full_dim_Q,4.0,25,25,1.0
11,3.0,cell,UMP_Q_C_full_shared_energy,1.802068636815681,25,25,1.0
11,3.0,cell,UMP_Q_C_full_purity,0.45051715920392027,25,25,1.0
11,3.0,cell,UMP_Q_C_full_capture,0.45051715920392027,25,25,1.0
11,3.0,cell,UMP_Q_C_full_expected_random_purity,0.04,25,25,1.0
11,3.0,cell,UMP_Q_C_full_expected_random_capture,0.04,25,25,1.0
11,3.0,cell,UMP_Q_C_full_excess_purity,0.4105171592039204,25,25,1.0
11,3.0,cell,UMP_Q_C_full_excess_capture,0.4105171592039204,25,25,1.0
11,3.0,cell,UMP_Q_C_full_largest_canonical_correlation,0.9527256189623049,25,25,1.0
11,3.0,cell,UMP_Q_C_full_smallest_principal_angle,0.30841396505130714,25,25,1.0
11,3.0,cell,U4_Q_C_full_dim_U,4.0,25,25,1.0
11,3.0,cell,U4_Q_C_full_dim_Q,4.0,25,25,1.0
11,3.0,cell,U4_Q_C_full_shared_energy,1.802068636815681,25,25,1.0
11,3.0,cell,U4_Q_C_full_purity,0.45051715920392027,25,25,1.0
11,3.0,cell,U4_Q_C_full_capture,0.45051715920392027,25,25,1.0
11,3.0,cell,U4_Q_C_full_expected_random_purity,0.04,25,25,1.0
11,3.0,cell,U4_Q_C_full_expected_random_capture,0.04,25,25,1.0
11,3.0,cell,U4_Q_C_full_excess_purity,0.4105171592039204,25,25,1.0
11,3.0,cell,U4_Q_C_full_excess_capture,0.4105171592039204,25,25,1.0
11,3.0,cell,U4_Q_C_full_largest_canonical_correlation,0.9527256189623049,25,25,1.0
11,3.0,cell,U4_Q_C_full_smallest_principal_angle,0.30841396505130714,25,25,1.0
11,3.0,cell,UMP_Q_P4_dim_U,4.0,25,25,1.0
11,3.0,cell,UMP_Q_P4_dim_Q,4.0,25,25,1.0
11,3.0,cell,UMP_Q_P4_shared_energy,1.8494375373219396,25,25,1.0
11,3.0,cell,UMP_Q_P4_purity,0.4623593843304849,25,25,1.0
11,3.0,cell,UMP_Q_P4_capture,0.4623593843304849,25,25,1.0
11,3.0,cell,UMP_Q_P4_expected_random_purity,0.04,25,25,1.0
11,3.0,cell,UMP_Q_P4_expected_random_capture,0.04,25,25,1.0
11,3.0,cell,UMP_Q_P4_excess_purity,0.4223593843304848,25,25,1.0
11,3.0,cell,UMP_Q_P4_excess_capture,0.4223593843304848,25,25,1.0
11,3.0,cell,UMP_Q_P4_largest_canonical_correlation,0.9616303412472039,25,25,1.0
11,3.0,cell,UMP_Q_P4_smallest_principal_angle,0.2775983855558231,25,25,1.0
11,3.0,cell,U4_Q_P4_dim_U,4.0,25,25,1.0
11,3.0,cell,U4_Q_P4_dim_Q,4.0,25,25,1.0
11,3.0,cell,U4_Q_P4_shared_energy,1.8494375373219396,25,25,1.0
11,3.0,cell,U4_Q_P4_purity,0.4623593843304849,25,25,1.0
11,3.0,cell,U4_Q_P4_capture,0.4623593843304849,25,25,1.0
11,3.0,cell,U4_Q_P4_expected_random_purity,0.04,25,25,1.0
11,3.0,cell,U4_Q_P4_expected_random_capture,0.04,25,25,1.0
11,3.0,cell,U4_Q_P4_excess_purity,0.4223593843304848,25,25,1.0
11,3.0,cell,U4_Q_P4_excess_capture,0.4223593843304848,25,25,1.0
11,3.0,cell,U4_Q_P4_largest_canonical_correlation,0.9616303412472039,25,25,1.0
11,3.0,cell,U4_Q_P4_smallest_principal_angle,0.2775983855558231,25,25,1.0
11,3.0,cell,QR_Q_F_dim_U,3.0,25,25,1.0
11,3.0,cell,QR_Q_F_dim_Q,5.0,25,25,1.0
11,3.0,cell,QR_Q_F_shared_energy,2.9941606175139053,25,25,1.0
11,3.0,cell,QR_Q_F_purity,0.9980535391713019,25,25,1.0
11,3.0,cell,QR_Q_F_capture,0.598832123502781,25,25,1.0
11,3.0,cell,QR_Q_F_expected_random_purity,0.05000000000000001,25,25,1.0
11,3.0,cell,QR_Q_F_expected_random_capture,0.03,25,25,1.0
11,3.0,cell,QR_Q_F_excess_purity,0.9480535391713018,25,25,1.0
11,3.0,cell,QR_Q_F_excess_capture,0.5688321235027811,25,25,1.0
11,3.0,cell,QR_Q_F_largest_canonical_correlation,0.9994098404156456,25,25,1.0
11,3.0,cell,QR_Q_F_smallest_principal_angle,0.03428637365024654,25,25,1.0
11,3.0,cell,QR_Q_C_dim_U,3.0,25,25,1.0
11,3.0,cell,QR_Q_C_dim_Q,3.0,25,25,1.0
11,3.0,cell,QR_Q_C_shared_energy,0.12104845640191578,25,25,1.0
11,3.0,cell,QR_Q_C_purity,0.04034948546730522,25,25,1.0
11,3.0,cell,QR_Q_C_capture,0.04034948546730522,25,25,1.0
11,3.0,cell,QR_Q_C_expected_random_purity,0.03,25,25,1.0
11,3.0,cell,QR_Q_C_expected_random_capture,0.03,25,25,1.0
11,3.0,cell,QR_Q_C_excess_purity,0.010349485467305219,25,25,1.0
11,3.0,cell,QR_Q_C_excess_capture,0.010349485467305219,25,25,1.0
11,3.0,cell,QR_Q_C_largest_canonical_correlation,0.29262560437408763,25,25,1.0
11,3.0,cell,QR_Q_C_smallest_principal_angle,1.2738155725546974,25,25,1.0
11,3.0,cell,QR_Q_C_unique_dim_U,3.0,25,25,1.0
11,3.0,cell,QR_Q_C_unique_dim_Q,3.0,25,25,1.0
11,3.0,cell,QR_Q_C_unique_shared_energy,0.001200123250610644,25,25,1.0
11,3.0,cell,QR_Q_C_unique_purity,0.00040004108353685166,25,25,1.0
11,3.0,cell,QR_Q_C_unique_capture,0.00040004108353685166,25,25,1.0
11,3.0,cell,QR_Q_C_unique_expected_random_purity,0.03,25,25,1.0
11,3.0,cell,QR_Q_C_unique_expected_random_capture,0.03,25,25,1.0
11,3.0,cell,QR_Q_C_unique_excess_purity,-0.029599958916463057,25,25,1.0
11,3.0,cell,QR_Q_C_unique_excess_capture,-0.029599958916463057,25,25,1.0
11,3.0,cell,QR_Q_C_unique_largest_canonical_correlation,0.030378275920027578,25,25,1.0
11,3.0,cell,QR_Q_C_unique_smallest_principal_angle,1.5404104637418587,25,25,1.0
11,3.0,cell,QR_Q_C_full_dim_U,3.0,25,25,1.0
11,3.0,cell,QR_Q_C_full_dim_Q,4.0,25,25,1.0
11,3.0,cell,QR_Q_C_full_shared_energy,0.14330093831555454,25,25,1.0
11,3.0,cell,QR_Q_C_full_purity,0.047766979438518146,25,25,1.0
11,3.0,cell,QR_Q_C_full_capture,0.0358252345788886,25,25,1.0
11,3.0,cell,QR_Q_C_full_expected_random_purity,0.04,25,25,1.0
11,3.0,cell,QR_Q_C_full_expected_random_capture,0.03,25,25,1.0
11,3.0,cell,QR_Q_C_full_excess_purity,0.007766979438518146,25,25,1.0
11,3.0,cell,QR_Q_C_full_excess_capture,0.005825234578888595,25,25,1.0
11,3.0,cell,QR_Q_C_full_largest_canonical_correlation,0.30766931091920396,25,25,1.0
11,3.0,cell,QR_Q_C_full_smallest_principal_angle,1.2580452249742338,25,25,1.0
11,3.0,cell,QR_Q_P4_dim_U,3.0,25,25,1.0
11,3.0,cell,QR_Q_P4_dim_Q,4.0,25,25,1.0
11,3.0,cell,QR_Q_P4_shared_energy,0.15003274993765417,25,25,1.0
11,3.0,cell,QR_Q_P4_purity,0.050010916645884695,25,25,1.0
11,3.0,cell,QR_Q_P4_capture,0.037508187484413515,25,25,1.0
11,3.0,cell,QR_Q_P4_expected_random_purity,0.04,25,25,1.0
11,3.0,cell,QR_Q_P4_expected_random_capture,0.03,25,25,1.0
11,3.0,cell,QR_Q_P4_excess_purity,0.010010916645884702,25,25,1.0
11,3.0,cell,QR_Q_P4_excess_capture,0.007508187484413512,25,25,1.0
11,3.0,cell,QR_Q_P4_largest_canonical_correlation,0.32092041653375775,25,25,1.0
11,3.0,cell,QR_Q_P4_smallest_principal_angle,1.244077428139457,25,25,1.0
11,5.0,cell,UMP_Q_F_dim_U,2.04,25,25,1.0
11,5.0,cell,UMP_Q_F_dim_Q,5.0,25,25,1.0
11,5.0,cell,UMP_Q_F_shared_energy,0.0062705145678846755,25,25,1.0
11,5.0,cell,UMP_Q_F_purity,0.00308740245690456,25,25,1.0
11,5.0,cell,UMP_Q_F_capture,0.0012541029135768919,25,25,1.0
11,5.0,cell,UMP_Q_F_expected_random_purity,0.05000000000000001,25,25,1.0
11,5.0,cell,UMP_Q_F_expected_random_capture,0.0204,25,25,1.0
11,5.0,cell,UMP_Q_F_excess_purity,-0.04691259754309535,25,25,1.0
11,5.0,cell,UMP_Q_F_excess_capture,-0.019145897086423017,25,25,1.0
11,5.0,cell,UMP_Q_F_largest_canonical_correlation,0.06677153188117631,25,25,1.0
11,5.0,cell,UMP_Q_F_smallest_principal_angle,1.503972031170506,25,25,1.0
11,5.0,cell,U4_Q_F_dim_U,4.0,25,25,1.0
11,5.0,cell,U4_Q_F_dim_Q,5.0,25,25,1.0
11,5.0,cell,U4_Q_F_shared_energy,0.006654036135992433,25,25,1.0
11,5.0,cell,U4_Q_F_purity,0.001663509033998068,25,25,1.0
11,5.0,cell,U4_Q_F_capture,0.001330807227198452,25,25,1.0
11,5.0,cell,U4_Q_F_expected_random_purity,0.05000000000000001,25,25,1.0
11,5.0,cell,U4_Q_F_expected_random_capture,0.04,25,25,1.0
11,5.0,cell,U4_Q_F_excess_purity,-0.04833649096600183,25,25,1.0
11,5.0,cell,U4_Q_F_excess_capture,-0.03866919277280146,25,25,1.0
11,5.0,cell,U4_Q_F_largest_canonical_correlation,0.06755991795193589,25,25,1.0
11,5.0,cell,U4_Q_F_smallest_principal_angle,1.503181986422841,25,25,1.0
11,5.0,cell,UMP_Q_F_unique_dim_U,2.04,25,25,1.0
11,5.0,cell,UMP_Q_F_unique_dim_Q,5.0,25,25,1.0
11,5.0,cell,UMP_Q_F_unique_shared_energy,0.08492576364858556,25,25,1.0
11,5.0,cell,UMP_Q_F_unique_purity,0.04183935542197673,25,25,1.0
11,5.0,cell,UMP_Q_F_unique_capture,0.016985152729717068,25,25,1.0
11,5.0,cell,UMP_Q_F_unique_expected_random_purity,0.05000000000000001,25,25,1.0
11,5.0,cell,UMP_Q_F_unique_expected_random_capture,0.0204,25,25,1.0
11,5.0,cell,UMP_Q_F_unique_excess_purity,-0.00816064457802318,25,25,1.0
11,5.0,cell,UMP_Q_F_unique_excess_capture,-0.003414847270282836,25,25,1.0
11,5.0,cell,UMP_Q_F_unique_largest_canonical_correlation,0.21563341586232354,25,25,1.0
11,5.0,cell,UMP_Q_F_unique_smallest_principal_angle,1.3534472511249434,25,25,1.0
11,5.0,cell,U4_Q_F_unique_dim_U,4.0,25,25,1.0
11,5.0,cell,U4_Q_F_unique_dim_Q,5.0,25,25,1.0
11,5.0,cell,U4_Q_F_unique_shared_energy,0.09031752975605435,25,25,1.0
11,5.0,cell,U4_Q_F_unique_purity,0.02257938243901355,25,25,1.0
11,5.0,cell,U4_Q_F_unique_capture,0.01806350595121084,25,25,1.0
11,5.0,cell,U4_Q_F_unique_expected_random_purity,0.05000000000000001,25,25,1.0
11,5.0,cell,U4_Q_F_unique_expected_random_capture,0.04,25,25,1.0
11,5.0,cell,U4_Q_F_unique_excess_purity,-0.02742061756098636,25,25,1.0
11,5.0,cell,U4_Q_F_unique_excess_capture,-0.02193649404878906,25,25,1.0
11,5.0,cell,U4_Q_F_unique_largest_canonical_correlation,0.2223880359099488,25,25,1.0
11,5.0,cell,U4_Q_F_unique_smallest_principal_angle,1.3465198853682574,25,25,1.0
11,5.0,cell,UMP_Q_C_dim_U,2.04,25,25,1.0
11,5.0,cell,UMP_Q_C_dim_Q,3.0,25,25,1.0
11,5.0,cell,UMP_Q_C_shared_energy,1.2480699905480197,25,25,1.0
11,5.0,cell,UMP_Q_C_purity,0.6140873463687164,25,25,1.0
11,5.0,cell,UMP_Q_C_capture,0.41602333018267323,25,25,1.0
11,5.0,cell,UMP_Q_C_expected_random_purity,0.03,25,25,1.0
11,5.0,cell,UMP_Q_C_expected_random_capture,0.0204,25,25,1.0
11,5.0,cell,UMP_Q_C_excess_purity,0.5840873463687163,25,25,1.0
11,5.0,cell,UMP_Q_C_excess_capture,0.39562333018267315,25,25,1.0
11,5.0,cell,UMP_Q_C_largest_canonical_correlation,0.9593636804490921,25,25,1.0
11,5.0,cell,UMP_Q_C_smallest_principal_angle,0.28599896301983957,25,25,1.0
11,5.0,cell,U4_Q_C_dim_U,4.0,25,25,1.0
11,5.0,cell,U4_Q_C_dim_Q,3.0,25,25,1.0
11,5.0,cell,U4_Q_C_shared_energy,1.4990653576384645,25,25,1.0
11,5.0,cell,U4_Q_C_purity,0.3747663394096161,25,25,1.0
11,5.0,cell,U4_Q_C_capture,0.4996884525461549,25,25,1.0
11,5.0,cell,U4_Q_C_expected_random_purity,0.03,25,25,1.0
11,5.0,cell,U4_Q_C_expected_random_capture,0.04,25,25,1.0
11,5.0,cell,U4_Q_C_excess_purity,0.3447663394096161,25,25,1.0
11,5.0,cell,U4_Q_C_excess_capture,0.45968845254615487,25,25,1.0
11,5.0,cell,U4_Q_C_largest_canonical_correlation,0.9594732900084121,25,25,1.0
11,5.0,cell,U4_Q_C_smallest_principal_angle,0.28560846351461033,25,25,1.0
11,5.0,cell,UMP_Q_C_unique_dim_U,2.04,25,25,1.0
11,5.0,cell,UMP_Q_C_unique_dim_Q,3.0,25,25,1.0
11,5.0,cell,UMP_Q_C_unique_shared_energy,1.3267252396287201,25,25,1.0
11,5.0,cell,UMP_Q_C_unique_purity,0.6528392993337885,25,25,1.0
11,5.0,cell,UMP_Q_C_unique_capture,0.44224174654290677,25,25,1.0
11,5.0,cell,UMP_Q_C_unique_expected_random_purity,0.03,25,25,1.0
11,5.0,cell,UMP_Q_C_unique_expected_random_capture,0.0204,25,25,1.0
11,5.0,cell,UMP_Q_C_unique_excess_purity,0.6228392993337885,25,25,1.0
11,5.0,cell,UMP_Q_C_unique_excess_capture,0.42184174654290674,25,25,1.0
11,5.0,cell,UMP_Q_C_unique_largest_canonical_correlation,0.9792418274415005,25,25,1.0
11,5.0,cell,UMP_Q_C_unique_smallest_principal_angle,0.2040686770792116,25,25,1.0
11,5.0,cell,U4_Q_C_unique_dim_U,4.0,25,25,1.0
11,5.0,cell,U4_Q_C_unique_dim_Q,3.0,25,25,1.0
11,5.0,cell,U4_Q_C_unique_shared_energy,1.5827288512585258,25,25,1.0
11,5.0,cell,U4_Q_C_unique_purity,0.39568221281463145,25,25,1.0
11,5.0,cell,U4_Q_C_unique_capture,0.5275762837528419,25,25,1.0
11,5.0,cell,U4_Q_C_unique_expected_random_purity,0.03,25,25,1.0
11,5.0,cell,U4_Q_C_unique_expected_random_capture,0.04,25,25,1.0
11,5.0,cell,U4_Q_C_unique_excess_purity,0.3656822128146313,25,25,1.0
11,5.0,cell,U4_Q_C_unique_excess_capture,0.48757628375284184,25,25,1.0
11,5.0,cell,U4_Q_C_unique_largest_canonical_correlation,0.9793489852411998,25,25,1.0
11,5.0,cell,U4_Q_C_unique_smallest_principal_angle,0.20353759079743006,25,25,1.0
11,5.0,cell,UMP_Q_C_full_dim_U,2.04,25,25,1.0
11,5.0,cell,UMP_Q_C_full_dim_Q,4.0,25,25,1.0
11,5.0,cell,UMP_Q_C_full_shared_energy,1.8256492459601268,25,25,1.0
11,5.0,cell,UMP_Q_C_full_purity,0.8986027490679119,25,25,1.0
11,5.0,cell,UMP_Q_C_full_capture,0.4564123114900317,25,25,1.0
11,5.0,cell,UMP_Q_C_full_expected_random_purity,0.04,25,25,1.0
11,5.0,cell,UMP_Q_C_full_expected_random_capture,0.0204,25,25,1.0
11,5.0,cell,UMP_Q_C_full_excess_purity,0.8586027490679119,25,25,1.0
11,5.0,cell,UMP_Q_C_full_excess_capture,0.4360123114900318,25,25,1.0
11,5.0,cell,UMP_Q_C_full_largest_canonical_correlation,0.962067325742773,25,25,1.0
11,5.0,cell,UMP_Q_C_full_smallest_principal_angle,0.27614062417920754,25,25,1.0
11,5.0,cell,U4_Q_C_full_dim_U,4.0,25,25,1.0
11,5.0,cell,U4_Q_C_full_dim_Q,4.0,25,25,1.0
11,5.0,cell,U4_Q_C_full_shared_energy,2.173688513768703,25,25,1.0
11,5.0,cell,U4_Q_C_full_purity,0.5434221284421755,25,25,1.0
11,5.0,cell,U4_Q_C_full_capture,0.5434221284421755,25,25,1.0
11,5.0,cell,U4_Q_C_full_expected_random_purity,0.04,25,25,1.0
11,5.0,cell,U4_Q_C_full_expected_random_capture,0.04,25,25,1.0
11,5.0,cell,U4_Q_C_full_excess_purity,0.5034221284421756,25,25,1.0
11,5.0,cell,U4_Q_C_full_excess_capture,0.5034221284421756,25,25,1.0
11,5.0,cell,U4_Q_C_full_largest_canonical_correlation,0.9624132482413934,25,25,1.0
11,5.0,cell,U4_Q_C_full_smallest_principal_angle,0.27485479876078545,25,25,1.0
11,5.0,cell,UMP_Q_P4_dim_U,2.04,25,25,1.0
11,5.0,cell,UMP_Q_P4_dim_Q,4.0,25,25,1.0
11,5.0,cell,UMP_Q_P4_shared_energy,1.860562336784433,25,25,1.0
11,5.0,cell,UMP_Q_P4_purity,0.9155469434109598,25,25,1.0
11,5.0,cell,UMP_Q_P4_capture,0.46514058419610826,25,25,1.0
11,5.0,cell,UMP_Q_P4_expected_random_purity,0.04,25,25,1.0
11,5.0,cell,UMP_Q_P4_expected_random_capture,0.0204,25,25,1.0
11,5.0,cell,UMP_Q_P4_excess_purity,0.8755469434109598,25,25,1.0
11,5.0,cell,UMP_Q_P4_excess_capture,0.4447405841961083,25,25,1.0
11,5.0,cell,UMP_Q_P4_largest_canonical_correlation,0.9713727514468578,25,25,1.0
11,5.0,cell,UMP_Q_P4_smallest_principal_angle,0.23976580731507874,25,25,1.0
11,5.0,cell,U4_Q_P4_dim_U,4.0,25,25,1.0
11,5.0,cell,U4_Q_P4_dim_Q,4.0,25,25,1.0
11,5.0,cell,U4_Q_P4_shared_energy,2.2298884070515204,25,25,1.0
11,5.0,cell,U4_Q_P4_purity,0.5574721017628801,25,25,1.0
11,5.0,cell,U4_Q_P4_capture,0.5574721017628801,25,25,1.0
11,5.0,cell,U4_Q_P4_expected_random_purity,0.04,25,25,1.0
11,5.0,cell,U4_Q_P4_expected_random_capture,0.04,25,25,1.0
11,5.0,cell,U4_Q_P4_excess_purity,0.5174721017628802,25,25,1.0
11,5.0,cell,U4_Q_P4_excess_capture,0.5174721017628802,25,25,1.0
11,5.0,cell,U4_Q_P4_largest_canonical_correlation,0.9717720879981373,25,25,1.0
11,5.0,cell,U4_Q_P4_smallest_principal_angle,0.23807419758036566,25,25,1.0
11,5.0,cell,QR_Q_F_dim_U,5.0,25,25,1.0
11,5.0,cell,QR_Q_F_dim_Q,5.0,25,25,1.0
11,5.0,cell,QR_Q_F_shared_energy,4.979251663041458,25,25,1.0
11,5.0,cell,QR_Q_F_purity,0.9958503326082915,25,25,1.0
11,5.0,cell,QR_Q_F_capture,0.9958503326082915,25,25,1.0
11,5.0,cell,QR_Q_F_expected_random_purity,0.05000000000000001,25,25,1.0
11,5.0,cell,QR_Q_F_expected_random_capture,0.05000000000000001,25,25,1.0
11,5.0,cell,QR_Q_F_excess_purity,0.9458503326082913,25,25,1.0
11,5.0,cell,QR_Q_F_excess_capture,0.9458503326082913,25,25,1.0
11,5.0,cell,QR_Q_F_largest_canonical_correlation,0.9994253338953929,25,25,1.0
11,5.0,cell,QR_Q_F_smallest_principal_angle,0.033835217910590625,25,25,1.0
11,5.0,cell,QR_Q_C_dim_U,5.0,25,25,1.0
11,5.0,cell,QR_Q_C_dim_Q,3.0,25,25,1.0
11,5.0,cell,QR_Q_C_shared_energy,0.173810266656906,25,25,1.0
11,5.0,cell,QR_Q_C_purity,0.03476205333138115,25,25,1.0
11,5.0,cell,QR_Q_C_capture,0.057936755552301954,25,25,1.0
11,5.0,cell,QR_Q_C_expected_random_purity,0.03,25,25,1.0
11,5.0,cell,QR_Q_C_expected_random_capture,0.05000000000000001,25,25,1.0
11,5.0,cell,QR_Q_C_excess_purity,0.0047620533313811565,25,25,1.0
11,5.0,cell,QR_Q_C_excess_capture,0.007936755552301951,25,25,1.0
11,5.0,cell,QR_Q_C_largest_canonical_correlation,0.3383567870755613,25,25,1.0
11,5.0,cell,QR_Q_C_smallest_principal_angle,1.2256186428830453,25,25,1.0
11,5.0,cell,QR_Q_C_unique_dim_U,5.0,25,25,1.0
11,5.0,cell,QR_Q_C_unique_dim_Q,3.0,25,25,1.0
11,5.0,cell,QR_Q_C_unique_shared_energy,0.003950756707390388,25,25,1.0
11,5.0,cell,QR_Q_C_unique_purity,0.000790151341478032,25,25,1.0
11,5.0,cell,QR_Q_C_unique_capture,0.001316918902463432,25,25,1.0
11,5.0,cell,QR_Q_C_unique_expected_random_purity,0.03,25,25,1.0
11,5.0,cell,QR_Q_C_unique_expected_random_capture,0.05000000000000001,25,25,1.0
11,5.0,cell,QR_Q_C_unique_excess_purity,-0.029209848658521866,25,25,1.0
11,5.0,cell,QR_Q_C_unique_excess_capture,-0.04868308109753647,25,25,1.0
11,5.0,cell,QR_Q_C_unique_largest_canonical_correlation,0.05413174490365338,25,25,1.0
11,5.0,cell,QR_Q_C_unique_smallest_principal_angle,1.5166362327518268,25,25,1.0
11,5.0,cell,QR_Q_C_full_dim_U,5.0,25,25,1.0
11,5.0,cell,QR_Q_C_full_dim_Q,4.0,25,25,1.0
11,5.0,cell,QR_Q_C_full_shared_energy,0.20091335733773474,25,25,1.0
11,5.0,cell,QR_Q_C_full_purity,0.0401826714675469,25,25,1.0
11,5.0,cell,QR_Q_C_full_capture,0.05022833933443361,25,25,1.0
11,5.0,cell,QR_Q_C_full_expected_random_purity,0.04,25,25,1.0
11,5.0,cell,QR_Q_C_full_expected_random_capture,0.05000000000000001,25,25,1.0
11,5.0,cell,QR_Q_C_full_excess_purity,0.00018267146754694409,25,25,1.0
11,5.0,cell,QR_Q_C_full_excess_capture,0.00022833933443367586,25,25,1.0
11,5.0,cell,QR_Q_C_full_largest_canonical_correlation,0.3433173216372174,25,25,1.0
11,5.0,cell,QR_Q_C_full_smallest_principal_angle,1.220346704360739,25,25,1.0
11,5.0,cell,QR_Q_P4_dim_U,5.0,25,25,1.0
11,5.0,cell,QR_Q_P4_dim_Q,4.0,25,25,1.0
11,5.0,cell,QR_Q_P4_shared_energy,0.21944423553330805,25,25,1.0
11,5.0,cell,QR_Q_P4_purity,0.04388884710666156,25,25,1.0
11,5.0,cell,QR_Q_P4_capture,0.05486105888332697,25,25,1.0
11,5.0,cell,QR_Q_P4_expected_random_purity,0.04,25,25,1.0
11,5.0,cell,QR_Q_P4_expected_random_capture,0.05000000000000001,25,25,1.0
11,5.0,cell,QR_Q_P4_excess_purity,0.0038888471066615606,25,25,1.0
11,5.0,cell,QR_Q_P4_excess_capture,0.004861058883326956,25,25,1.0
11,5.0,cell,QR_Q_P4_largest_canonical_correlation,0.35816612761943234,25,25,1.0
11,5.0,cell,QR_Q_P4_smallest_principal_angle,1.204491727782983,25,25,1.0
11,7.0,cell,UMP_Q_F_dim_U,2.2,25,25,1.0
11,7.0,cell,UMP_Q_F_dim_Q,5.0,25,25,1.0
11,7.0,cell,UMP_Q_F_shared_energy,0.00034641730378136336,25,25,1.0
11,7.0,cell,UMP_Q_F_purity,0.00015062133087346944,25,25,1.0
11,7.0,cell,UMP_Q_F_capture,6.928346075627089e-05,25,25,1.0
11,7.0,cell,UMP_Q_F_expected_random_purity,0.05000000000000001,25,25,1.0
11,7.0,cell,UMP_Q_F_expected_random_capture,0.022000000000000002,25,25,1.0
11,7.0,cell,UMP_Q_F_excess_purity,-0.04984937866912646,25,25,1.0
11,7.0,cell,UMP_Q_F_excess_capture,-0.021930716539243663,25,25,1.0
11,7.0,cell,UMP_Q_F_largest_canonical_correlation,0.015620282054778072,25,25,1.0
11,7.0,cell,UMP_Q_F_smallest_principal_angle,1.5551752522803504,25,25,1.0
11,7.0,cell,U4_Q_F_dim_U,4.0,25,25,1.0
11,7.0,cell,U4_Q_F_dim_Q,5.0,25,25,1.0
11,7.0,cell,U4_Q_F_shared_energy,0.000686729592589288,25,25,1.0
11,7.0,cell,U4_Q_F_purity,0.00017168239814729266,25,25,1.0
11,7.0,cell,U4_Q_F_capture,0.00013734591851782105,25,25,1.0
11,7.0,cell,U4_Q_F_expected_random_purity,0.05000000000000001,25,25,1.0
11,7.0,cell,U4_Q_F_expected_random_capture,0.04,25,25,1.0
11,7.0,cell,U4_Q_F_excess_purity,-0.04982831760185261,25,25,1.0
11,7.0,cell,U4_Q_F_excess_capture,-0.03986265408148208,25,25,1.0
11,7.0,cell,U4_Q_F_largest_canonical_correlation,0.019984503731157562,25,25,1.0
11,7.0,cell,U4_Q_F_smallest_principal_angle,1.550810398843392,25,25,1.0
11,7.0,cell,UMP_Q_F_unique_dim_U,2.2,25,25,1.0
11,7.0,cell,UMP_Q_F_unique_dim_Q,5.0,25,25,1.0
11,7.0,cell,UMP_Q_F_unique_shared_energy,0.006170555959131561,25,25,1.0
11,7.0,cell,UMP_Q_F_unique_purity,0.0026983662041319,25,25,1.0
11,7.0,cell,UMP_Q_F_unique_capture,0.001234111191826272,25,25,1.0
11,7.0,cell,UMP_Q_F_unique_expected_random_purity,0.05000000000000001,25,25,1.0
11,7.0,cell,UMP_Q_F_unique_expected_random_capture,0.022000000000000002,25,25,1.0
11,7.0,cell,UMP_Q_F_unique_excess_purity,-0.047301633795868006,25,25,1.0
11,7.0,cell,UMP_Q_F_unique_excess_capture,-0.02076588880817363,25,25,1.0
11,7.0,cell,UMP_Q_F_unique_largest_canonical_correlation,0.06730740470317649,25,25,1.0
11,7.0,cell,UMP_Q_F_unique_smallest_principal_angle,1.5034141836368096,25,25,1.0
11,7.0,cell,U4_Q_F_unique_dim_U,4.0,25,25,1.0
11,7.0,cell,U4_Q_F_unique_dim_Q,5.0,25,25,1.0
11,7.0,cell,U4_Q_F_unique_shared_energy,0.012980690360182304,25,25,1.0
11,7.0,cell,U4_Q_F_unique_purity,0.0032451725900455404,25,25,1.0
11,7.0,cell,U4_Q_F_unique_capture,0.002596138072036428,25,25,1.0
11,7.0,cell,U4_Q_F_unique_expected_random_purity,0.05000000000000001,25,25,1.0
11,7.0,cell,U4_Q_F_unique_expected_random_capture,0.04,25,25,1.0
11,7.0,cell,U4_Q_F_unique_excess_purity,-0.046754827409954375,25,25,1.0
11,7.0,cell,U4_Q_F_unique_excess_capture,-0.037403861927963473,25,25,1.0
11,7.0,cell,U4_Q_F_unique_largest_canonical_correlation,0.09646040440769013,25,25,1.0
11,7.0,cell,U4_Q_F_unique_smallest_principal_angle,1.4741583411947057,25,25,1.0
11,7.0,cell,UMP_Q_C_dim_U,2.2,25,25,1.0
11,7.0,cell,UMP_Q_C_dim_Q,3.0,25,25,1.0
11,7.0,cell,UMP_Q_C_shared_energy,0.18830014062732034,25,25,1.0
11,7.0,cell,UMP_Q_C_purity,0.09082950192924953,25,25,1.0
11,7.0,cell,UMP_Q_C_capture,0.06276671354244008,25,25,1.0
11,7.0,cell,UMP_Q_C_expected_random_purity,0.03,25,25,1.0
11,7.0,cell,UMP_Q_C_expected_random_capture,0.022000000000000002,25,25,1.0
11,7.0,cell,UMP_Q_C_excess_purity,0.060829501929249526,25,25,1.0
11,7.0,cell,UMP_Q_C_excess_capture,0.04076671354244008,25,25,1.0
11,7.0,cell,UMP_Q_C_largest_canonical_correlation,0.40282510040873076,25,25,1.0
11,7.0,cell,UMP_Q_C_smallest_principal_angle,1.1558758795098045,25,25,1.0
11,7.0,cell,U4_Q_C_dim_U,4.0,25,25,1.0
11,7.0,cell,U4_Q_C_dim_Q,3.0,25,25,1.0
11,7.0,cell,U4_Q_C_shared_energy,0.2859388435225819,25,25,1.0
11,7.0,cell,U4_Q_C_purity,0.07148471088064544,25,25,1.0
11,7.0,cell,U4_Q_C_capture,0.09531294784086058,25,25,1.0
11,7.0,cell,U4_Q_C_expected_random_purity,0.03,25,25,1.0
11,7.0,cell,U4_Q_C_expected_random_capture,0.04,25,25,1.0
11,7.0,cell,U4_Q_C_excess_purity,0.04148471088064544,25,25,1.0
11,7.0,cell,U4_Q_C_excess_capture,0.0553129478408606,25,25,1.0
11,7.0,cell,U4_Q_C_largest_canonical_correlation,0.4538991270224731,25,25,1.0
11,7.0,cell,U4_Q_C_smallest_principal_angle,1.098987126493897,25,25,1.0
11,7.0,cell,UMP_Q_C_unique_dim_U,2.2,25,25,1.0
11,7.0,cell,UMP_Q_C_unique_dim_Q,3.0,25,25,1.0
11,7.0,cell,UMP_Q_C_unique_shared_energy,0.19412427928267012,25,25,1.0
11,7.0,cell,UMP_Q_C_unique_purity,0.09337724680250778,25,25,1.0
11,7.0,cell,UMP_Q_C_unique_capture,0.06470809309422333,25,25,1.0
11,7.0,cell,UMP_Q_C_unique_expected_random_purity,0.03,25,25,1.0
11,7.0,cell,UMP_Q_C_unique_expected_random_capture,0.022000000000000002,25,25,1.0
11,7.0,cell,UMP_Q_C_unique_excess_purity,0.06337724680250777,25,25,1.0
11,7.0,cell,UMP_Q_C_unique_excess_capture,0.042708093094223326,25,25,1.0
11,7.0,cell,UMP_Q_C_unique_largest_canonical_correlation,0.40728654729062924,25,25,1.0
11,7.0,cell,UMP_Q_C_unique_smallest_principal_angle,1.1509839290738637,25,25,1.0
11,7.0,cell,U4_Q_C_unique_dim_U,4.0,25,25,1.0
11,7.0,cell,U4_Q_C_unique_dim_Q,3.0,25,25,1.0
11,7.0,cell,U4_Q_C_unique_shared_energy,0.29823280429017435,25,25,1.0
11,7.0,cell,U4_Q_C_unique_purity,0.07455820107254355,25,25,1.0
11,7.0,cell,U4_Q_C_unique_capture,0.09941093476339141,25,25,1.0
11,7.0,cell,U4_Q_C_unique_expected_random_purity,0.03,25,25,1.0
11,7.0,cell,U4_Q_C_unique_expected_random_capture,0.04,25,25,1.0
11,7.0,cell,U4_Q_C_unique_excess_purity,0.04455820107254356,25,25,1.0
11,7.0,cell,U4_Q_C_unique_excess_capture,0.05941093476339141,25,25,1.0
11,7.0,cell,U4_Q_C_unique_largest_canonical_correlation,0.45968380597675884,25,25,1.0
11,7.0,cell,U4_Q_C_unique_smallest_principal_angle,1.092519483625434,25,25,1.0
11,7.0,cell,UMP_Q_C_full_dim_U,2.2,25,25,1.0
11,7.0,cell,UMP_Q_C_full_dim_Q,4.0,25,25,1.0
11,7.0,cell,UMP_Q_C_full_shared_energy,0.26481790767214497,25,25,1.0
11,7.0,cell,UMP_Q_C_full_purity,0.12719999177324395,25,25,1.0
11,7.0,cell,UMP_Q_C_full_capture,0.06620447691803621,25,25,1.0
11,7.0,cell,UMP_Q_C_full_expected_random_purity,0.04,25,25,1.0
11,7.0,cell,UMP_Q_C_full_expected_random_capture,0.022000000000000002,25,25,1.0
11,7.0,cell,UMP_Q_C_full_excess_purity,0.08719999177324393,25,25,1.0
11,7.0,cell,UMP_Q_C_full_excess_capture,0.044204476918036216,25,25,1.0
11,7.0,cell,UMP_Q_C_full_largest_canonical_correlation,0.48580529280568874,25,25,1.0
11,7.0,cell,UMP_Q_C_full_smallest_principal_angle,1.0628888712211761,25,25,1.0
11,7.0,cell,U4_Q_C_full_dim_U,4.0,25,25,1.0
11,7.0,cell,U4_Q_C_full_dim_Q,4.0,25,25,1.0
11,7.0,cell,U4_Q_C_full_shared_energy,0.3864946061414335,25,25,1.0
11,7.0,cell,U4_Q_C_full_purity,0.09662365153535836,25,25,1.0
11,7.0,cell,U4_Q_C_full_capture,0.09662365153535836,25,25,1.0
11,7.0,cell,U4_Q_C_full_expected_random_purity,0.04,25,25,1.0
11,7.0,cell,U4_Q_C_full_expected_random_capture,0.04,25,25,1.0
11,7.0,cell,U4_Q_C_full_excess_purity,0.05662365153535834,25,25,1.0
11,7.0,cell,U4_Q_C_full_excess_capture,0.05662365153535834,25,25,1.0
11,7.0,cell,U4_Q_C_full_largest_canonical_correlation,0.5393928346835648,25,25,1.0
11,7.0,cell,U4_Q_C_full_smallest_principal_angle,1.000476431377483,25,25,1.0
11,7.0,cell,UMP_Q_P4_dim_U,2.2,25,25,1.0
11,7.0,cell,UMP_Q_P4_dim_Q,4.0,25,25,1.0
11,7.0,cell,UMP_Q_P4_shared_energy,0.2837137052275479,25,25,1.0
11,7.0,cell,UMP_Q_P4_purity,0.13752367488412193,25,25,1.0
11,7.0,cell,UMP_Q_P4_capture,0.07092842630688695,25,25,1.0
11,7.0,cell,UMP_Q_P4_expected_random_purity,0.04,25,25,1.0
11,7.0,cell,UMP_Q_P4_expected_random_capture,0.022000000000000002,25,25,1.0
11,7.0,cell,UMP_Q_P4_excess_purity,0.09752367488412192,25,25,1.0
11,7.0,cell,UMP_Q_P4_excess_capture,0.048928426306886943,25,25,1.0
11,7.0,cell,UMP_Q_P4_largest_canonical_correlation,0.4996395199874468,25,25,1.0
11,7.0,cell,UMP_Q_P4_smallest_principal_angle,1.047069014738744,25,25,1.0
11,7.0,cell,U4_Q_P4_dim_U,4.0,25,25,1.0
11,7.0,cell,U4_Q_P4_dim_Q,4.0,25,25,1.0
11,7.0,cell,U4_Q_P4_shared_energy,0.4218372162278678,25,25,1.0
11,7.0,cell,U4_Q_P4_purity,0.1054593040569669,25,25,1.0
11,7.0,cell,U4_Q_P4_capture,0.1054593040569669,25,25,1.0
11,7.0,cell,U4_Q_P4_expected_random_purity,0.04,25,25,1.0
11,7.0,cell,U4_Q_P4_expected_random_capture,0.04,25,25,1.0
11,7.0,cell,U4_Q_P4_excess_purity,0.06545930405696689,25,25,1.0
11,7.0,cell,U4_Q_P4_excess_capture,0.06545930405696689,25,25,1.0
11,7.0,cell,U4_Q_P4_largest_canonical_correlation,0.5502941443751346,25,25,1.0
11,7.0,cell,U4_Q_P4_smallest_principal_angle,0.9873676900512879,25,25,1.0
11,7.0,cell,QR_Q_F_dim_U,7.0,25,25,1.0
11,7.0,cell,QR_Q_F_dim_Q,5.0,25,25,1.0
11,7.0,cell,QR_Q_F_shared_energy,4.985297417175194,25,25,1.0
11,7.0,cell,QR_Q_F_purity,0.7121853453107421,25,25,1.0
11,7.0,cell,QR_Q_F_capture,0.9970594834350389,25,25,1.0
11,7.0,cell,QR_Q_F_expected_random_purity,0.05000000000000001,25,25,1.0
11,7.0,cell,QR_Q_F_expected_random_capture,0.07,25,25,1.0
11,7.0,cell,QR_Q_F_excess_purity,0.662185345310742,25,25,1.0
11,7.0,cell,QR_Q_F_excess_capture,0.927059483435039,25,25,1.0
11,7.0,cell,QR_Q_F_largest_canonical_correlation,0.9994995104634693,25,25,1.0
11,7.0,cell,QR_Q_F_smallest_principal_angle,0.03149092352462144,25,25,1.0
11,7.0,cell,QR_Q_C_dim_U,7.0,25,25,1.0
11,7.0,cell,QR_Q_C_dim_Q,3.0,25,25,1.0
11,7.0,cell,QR_Q_C_shared_energy,1.4215299457997745,25,25,1.0
11,7.0,cell,QR_Q_C_purity,0.20307570654282486,25,25,1.0
11,7.0,cell,QR_Q_C_capture,0.47384331526659146,25,25,1.0
11,7.0,cell,QR_Q_C_expected_random_purity,0.03,25,25,1.0
11,7.0,cell,QR_Q_C_expected_random_capture,0.07,25,25,1.0
11,7.0,cell,QR_Q_C_excess_purity,0.1730757065428249,25,25,1.0
11,7.0,cell,QR_Q_C_excess_capture,0.40384331526659145,25,25,1.0
11,7.0,cell,QR_Q_C_largest_canonical_correlation,0.9806212315626568,25,25,1.0
11,7.0,cell,QR_Q_C_smallest_principal_angle,0.1971409037764569,25,25,1.0
11,7.0,cell,QR_Q_C_unique_dim_U,7.0,25,25,1.0
11,7.0,cell,QR_Q_C_unique_dim_Q,3.0,25,25,1.0
11,7.0,cell,QR_Q_C_unique_shared_energy,1.330885721138651,25,25,1.0
11,7.0,cell,QR_Q_C_unique_purity,0.1901265315912358,25,25,1.0
11,7.0,cell,QR_Q_C_unique_capture,0.44362857371288356,25,25,1.0
11,7.0,cell,QR_Q_C_unique_expected_random_purity,0.03,25,25,1.0
11,7.0,cell,QR_Q_C_unique_expected_random_capture,0.07,25,25,1.0
11,7.0,cell,QR_Q_C_unique_excess_purity,0.1601265315912358,25,25,1.0
11,7.0,cell,QR_Q_C_unique_excess_capture,0.37362857371288355,25,25,1.0
11,7.0,cell,QR_Q_C_unique_largest_canonical_correlation,0.9798703655453488,25,25,1.0
11,7.0,cell,QR_Q_C_unique_smallest_principal_angle,0.2009401504576217,25,25,1.0
11,7.0,cell,QR_Q_C_full_dim_U,7.0,25,25,1.0
11,7.0,cell,QR_Q_C_full_dim_Q,4.0,25,25,1.0
11,7.0,cell,QR_Q_C_full_shared_energy,2.0113235280544033,25,25,1.0
11,7.0,cell,QR_Q_C_full_purity,0.2873319325792005,25,25,1.0
11,7.0,cell,QR_Q_C_full_capture,0.5028308820136008,25,25,1.0
11,7.0,cell,QR_Q_C_full_expected_random_purity,0.04,25,25,1.0
11,7.0,cell,QR_Q_C_full_expected_random_capture,0.07,25,25,1.0
11,7.0,cell,QR_Q_C_full_excess_purity,0.24733193257920047,25,25,1.0
11,7.0,cell,QR_Q_C_full_excess_capture,0.43283088201360087,25,25,1.0
11,7.0,cell,QR_Q_C_full_largest_canonical_correlation,0.980991569436058,25,25,1.0
11,7.0,cell,QR_Q_C_full_smallest_principal_angle,0.1952289426371996,25,25,1.0
11,7.0,cell,QR_Q_P4_dim_U,7.0,25,25,1.0
11,7.0,cell,QR_Q_P4_dim_Q,4.0,25,25,1.0
11,7.0,cell,QR_Q_P4_shared_energy,2.068433680275437,25,25,1.0
11,7.0,cell,QR_Q_P4_purity,0.2954905257536339,25,25,1.0
11,7.0,cell,QR_Q_P4_capture,0.5171084200688593,25,25,1.0
11,7.0,cell,QR_Q_P4_expected_random_purity,0.04,25,25,1.0
11,7.0,cell,QR_Q_P4_expected_random_capture,0.07,25,25,1.0
11,7.0,cell,QR_Q_P4_excess_purity,0.25549052575363385,25,25,1.0
11,7.0,cell,QR_Q_P4_excess_capture,0.44710842006885926,25,25,1.0
11,7.0,cell,QR_Q_P4_largest_canonical_correlation,0.9887566937899426,25,25,1.0
11,7.0,cell,QR_Q_P4_smallest_principal_angle,0.15000212147872774,25,25,1.0
12,3.0,cell,UMP_Q_F_dim_U,4.0,25,25,1.0
12,3.0,cell,UMP_Q_F_dim_Q,5.0,25,25,1.0
12,3.0,cell,UMP_Q_F_shared_energy,1.9516917999597292,25,25,1.0
12,3.0,cell,UMP_Q_F_purity,0.4879229499899323,25,25,1.0
12,3.0,cell,UMP_Q_F_capture,0.39033835999194577,25,25,1.0
12,3.0,cell,UMP_Q_F_expected_random_purity,0.05000000000000001,25,25,1.0
12,3.0,cell,UMP_Q_F_expected_random_capture,0.04,25,25,1.0
12,3.0,cell,UMP_Q_F_excess_purity,0.43792294998993225,25,25,1.0
12,3.0,cell,UMP_Q_F_excess_capture,0.3503383599919458,25,25,1.0
12,3.0,cell,UMP_Q_F_largest_canonical_correlation,0.9888395454163644,25,25,1.0
12,3.0,cell,UMP_Q_F_smallest_principal_angle,0.1486636788801488,25,25,1.0
12,3.0,cell,U4_Q_F_dim_U,4.0,25,25,1.0
12,3.0,cell,U4_Q_F_dim_Q,5.0,25,25,1.0
12,3.0,cell,U4_Q_F_shared_energy,1.9516917999597292,25,25,1.0
12,3.0,cell,U4_Q_F_purity,0.4879229499899323,25,25,1.0
12,3.0,cell,U4_Q_F_capture,0.39033835999194577,25,25,1.0
12,3.0,cell,U4_Q_F_expected_random_purity,0.05000000000000001,25,25,1.0
12,3.0,cell,U4_Q_F_expected_random_capture,0.04,25,25,1.0
12,3.0,cell,U4_Q_F_excess_purity,0.43792294998993225,25,25,1.0
12,3.0,cell,U4_Q_F_excess_capture,0.3503383599919458,25,25,1.0
12,3.0,cell,U4_Q_F_largest_canonical_correlation,0.9888395454163644,25,25,1.0
12,3.0,cell,U4_Q_F_smallest_principal_angle,0.1486636788801488,25,25,1.0
12,3.0,cell,UMP_Q_F_unique_dim_U,4.0,25,25,1.0
12,3.0,cell,UMP_Q_F_unique_dim_Q,5.0,25,25,1.0
12,3.0,cell,UMP_Q_F_unique_shared_energy,1.979911027172605,25,25,1.0
12,3.0,cell,UMP_Q_F_unique_purity,0.49497775679315126,25,25,1.0
12,3.0,cell,UMP_Q_F_unique_capture,0.395982205434521,25,25,1.0
12,3.0,cell,UMP_Q_F_unique_expected_random_purity,0.05000000000000001,25,25,1.0
12,3.0,cell,UMP_Q_F_unique_expected_random_capture,0.04,25,25,1.0
12,3.0,cell,UMP_Q_F_unique_excess_purity,0.4449777567931513,25,25,1.0
12,3.0,cell,UMP_Q_F_unique_excess_capture,0.355982205434521,25,25,1.0
12,3.0,cell,UMP_Q_F_unique_largest_canonical_correlation,0.986869059640131,25,25,1.0
12,3.0,cell,UMP_Q_F_unique_smallest_principal_angle,0.16205584377661267,25,25,1.0
12,3.0,cell,U4_Q_F_unique_dim_U,4.0,25,25,1.0
12,3.0,cell,U4_Q_F_unique_dim_Q,5.0,25,25,1.0
12,3.0,cell,U4_Q_F_unique_shared_energy,1.979911027172605,25,25,1.0
12,3.0,cell,U4_Q_F_unique_purity,0.49497775679315126,25,25,1.0
12,3.0,cell,U4_Q_F_unique_capture,0.395982205434521,25,25,1.0
12,3.0,cell,U4_Q_F_unique_expected_random_purity,0.05000000000000001,25,25,1.0
12,3.0,cell,U4_Q_F_unique_expected_random_capture,0.04,25,25,1.0
12,3.0,cell,U4_Q_F_unique_excess_purity,0.4449777567931513,25,25,1.0
12,3.0,cell,U4_Q_F_unique_excess_capture,0.355982205434521,25,25,1.0
12,3.0,cell,U4_Q_F_unique_largest_canonical_correlation,0.986869059640131,25,25,1.0
12,3.0,cell,U4_Q_F_unique_smallest_principal_angle,0.16205584377661267,25,25,1.0
12,3.0,cell,UMP_Q_C_dim_U,4.0,25,25,1.0
12,3.0,cell,UMP_Q_C_dim_Q,3.0,25,25,1.0
12,3.0,cell,UMP_Q_C_shared_energy,1.2981721146472478,25,25,1.0
12,3.0,cell,UMP_Q_C_purity,0.3245430286618119,25,25,1.0
12,3.0,cell,UMP_Q_C_capture,0.4327240382157492,25,25,1.0
12,3.0,cell,UMP_Q_C_expected_random_purity,0.03,25,25,1.0
12,3.0,cell,UMP_Q_C_expected_random_capture,0.04,25,25,1.0
12,3.0,cell,UMP_Q_C_excess_purity,0.29454302866181187,25,25,1.0
12,3.0,cell,UMP_Q_C_excess_capture,0.39272403821574925,25,25,1.0
12,3.0,cell,UMP_Q_C_largest_canonical_correlation,0.9529838515926976,25,25,1.0
12,3.0,cell,UMP_Q_C_smallest_principal_angle,0.30771904738920297,25,25,1.0
12,3.0,cell,U4_Q_C_dim_U,4.0,25,25,1.0
12,3.0,cell,U4_Q_C_dim_Q,3.0,25,25,1.0
12,3.0,cell,U4_Q_C_shared_energy,1.2981721146472478,25,25,1.0
12,3.0,cell,U4_Q_C_purity,0.3245430286618119,25,25,1.0
12,3.0,cell,U4_Q_C_capture,0.4327240382157492,25,25,1.0
12,3.0,cell,U4_Q_C_expected_random_purity,0.03,25,25,1.0
12,3.0,cell,U4_Q_C_expected_random_capture,0.04,25,25,1.0
12,3.0,cell,U4_Q_C_excess_purity,0.29454302866181187,25,25,1.0
12,3.0,cell,U4_Q_C_excess_capture,0.39272403821574925,25,25,1.0
12,3.0,cell,U4_Q_C_largest_canonical_correlation,0.9529838515926976,25,25,1.0
12,3.0,cell,U4_Q_C_smallest_principal_angle,0.30771904738920297,25,25,1.0
12,3.0,cell,UMP_Q_C_unique_dim_U,4.0,25,25,1.0
12,3.0,cell,UMP_Q_C_unique_dim_Q,3.0,25,25,1.0
12,3.0,cell,UMP_Q_C_unique_shared_energy,1.3263913418601234,25,25,1.0
12,3.0,cell,UMP_Q_C_unique_purity,0.33159783546503085,25,25,1.0
12,3.0,cell,UMP_Q_C_unique_capture,0.4421304472867078,25,25,1.0
12,3.0,cell,UMP_Q_C_unique_expected_random_purity,0.03,25,25,1.0
12,3.0,cell,UMP_Q_C_unique_expected_random_capture,0.04,25,25,1.0
12,3.0,cell,UMP_Q_C_unique_excess_purity,0.30159783546503083,25,25,1.0
12,3.0,cell,UMP_Q_C_unique_excess_capture,0.4021304472867079,25,25,1.0
12,3.0,cell,UMP_Q_C_unique_largest_canonical_correlation,0.9679486566061074,25,25,1.0
12,3.0,cell,UMP_Q_C_unique_smallest_principal_angle,0.2537635975631398,25,25,1.0
12,3.0,cell,U4_Q_C_unique_dim_U,4.0,25,25,1.0
12,3.0,cell,U4_Q_C_unique_dim_Q,3.0,25,25,1.0
12,3.0,cell,U4_Q_C_unique_shared_energy,1.3263913418601234,25,25,1.0
12,3.0,cell,U4_Q_C_unique_purity,0.33159783546503085,25,25,1.0
12,3.0,cell,U4_Q_C_unique_capture,0.4421304472867078,25,25,1.0
12,3.0,cell,U4_Q_C_unique_expected_random_purity,0.03,25,25,1.0
12,3.0,cell,U4_Q_C_unique_expected_random_capture,0.04,25,25,1.0
12,3.0,cell,U4_Q_C_unique_excess_purity,0.30159783546503083,25,25,1.0
12,3.0,cell,U4_Q_C_unique_excess_capture,0.4021304472867079,25,25,1.0
12,3.0,cell,U4_Q_C_unique_largest_canonical_correlation,0.9679486566061074,25,25,1.0
12,3.0,cell,U4_Q_C_unique_smallest_principal_angle,0.2537635975631398,25,25,1.0
12,3.0,cell,UMP_Q_C_full_dim_U,4.0,25,25,1.0
12,3.0,cell,UMP_Q_C_full_dim_Q,4.0,25,25,1.0
12,3.0,cell,UMP_Q_C_full_shared_energy,1.8325185972562443,25,25,1.0
12,3.0,cell,UMP_Q_C_full_purity,0.4581296493140611,25,25,1.0
12,3.0,cell,UMP_Q_C_full_capture,0.4581296493140611,25,25,1.0
12,3.0,cell,UMP_Q_C_full_expected_random_purity,0.04,25,25,1.0
12,3.0,cell,UMP_Q_C_full_expected_random_capture,0.04,25,25,1.0
12,3.0,cell,UMP_Q_C_full_excess_purity,0.41812964931406116,25,25,1.0
12,3.0,cell,UMP_Q_C_full_excess_capture,0.41812964931406116,25,25,1.0
12,3.0,cell,UMP_Q_C_full_largest_canonical_correlation,0.9596508533103875,25,25,1.0
12,3.0,cell,UMP_Q_C_full_smallest_principal_angle,0.28471369084574943,25,25,1.0
12,3.0,cell,U4_Q_C_full_dim_U,4.0,25,25,1.0
12,3.0,cell,U4_Q_C_full_dim_Q,4.0,25,25,1.0
12,3.0,cell,U4_Q_C_full_shared_energy,1.8325185972562443,25,25,1.0
12,3.0,cell,U4_Q_C_full_purity,0.4581296493140611,25,25,1.0
12,3.0,cell,U4_Q_C_full_capture,0.4581296493140611,25,25,1.0
12,3.0,cell,U4_Q_C_full_expected_random_purity,0.04,25,25,1.0
12,3.0,cell,U4_Q_C_full_expected_random_capture,0.04,25,25,1.0
12,3.0,cell,U4_Q_C_full_excess_purity,0.41812964931406116,25,25,1.0
12,3.0,cell,U4_Q_C_full_excess_capture,0.41812964931406116,25,25,1.0
12,3.0,cell,U4_Q_C_full_largest_canonical_correlation,0.9596508533103875,25,25,1.0
12,3.0,cell,U4_Q_C_full_smallest_principal_angle,0.28471369084574943,25,25,1.0
12,3.0,cell,UMP_Q_P4_dim_U,4.0,25,25,1.0
12,3.0,cell,UMP_Q_P4_dim_Q,4.0,25,25,1.0
12,3.0,cell,UMP_Q_P4_shared_energy,1.8710231403950042,25,25,1.0
12,3.0,cell,UMP_Q_P4_purity,0.46775578509875104,25,25,1.0
12,3.0,cell,UMP_Q_P4_capture,0.46775578509875104,25,25,1.0
12,3.0,cell,UMP_Q_P4_expected_random_purity,0.04,25,25,1.0
12,3.0,cell,UMP_Q_P4_expected_random_capture,0.04,25,25,1.0
12,3.0,cell,UMP_Q_P4_excess_purity,0.427755785098751,25,25,1.0
12,3.0,cell,UMP_Q_P4_excess_capture,0.427755785098751,25,25,1.0
12,3.0,cell,UMP_Q_P4_largest_canonical_correlation,0.9702335733676078,25,25,1.0
12,3.0,cell,UMP_Q_P4_smallest_principal_angle,0.24416655398960058,25,25,1.0
12,3.0,cell,U4_Q_P4_dim_U,4.0,25,25,1.0
12,3.0,cell,U4_Q_P4_dim_Q,4.0,25,25,1.0
12,3.0,cell,U4_Q_P4_shared_energy,1.8710231403950042,25,25,1.0
12,3.0,cell,U4_Q_P4_purity,0.46775578509875104,25,25,1.0
12,3.0,cell,U4_Q_P4_capture,0.46775578509875104,25,25,1.0
12,3.0,cell,U4_Q_P4_expected_random_purity,0.04,25,25,1.0
12,3.0,cell,U4_Q_P4_expected_random_capture,0.04,25,25,1.0
12,3.0,cell,U4_Q_P4_excess_purity,0.427755785098751,25,25,1.0
12,3.0,cell,U4_Q_P4_excess_capture,0.427755785098751,25,25,1.0
12,3.0,cell,U4_Q_P4_largest_canonical_correlation,0.9702335733676078,25,25,1.0
12,3.0,cell,U4_Q_P4_smallest_principal_angle,0.24416655398960058,25,25,1.0
12,3.0,cell,QR_Q_F_dim_U,3.0,25,25,1.0
12,3.0,cell,QR_Q_F_dim_Q,5.0,25,25,1.0
12,3.0,cell,QR_Q_F_shared_energy,2.9952793953975343,25,25,1.0
12,3.0,cell,QR_Q_F_purity,0.9984264651325117,25,25,1.0
12,3.0,cell,QR_Q_F_capture,0.5990558790795069,25,25,1.0
12,3.0,cell,QR_Q_F_expected_random_purity,0.05000000000000001,25,25,1.0
12,3.0,cell,QR_Q_F_expected_random_capture,0.03,25,25,1.0
12,3.0,cell,QR_Q_F_excess_purity,0.9484264651325115,25,25,1.0
12,3.0,cell,QR_Q_F_excess_capture,0.5690558790795069,25,25,1.0
12,3.0,cell,QR_Q_F_largest_canonical_correlation,0.9995632511758283,25,25,1.0
12,3.0,cell,QR_Q_F_smallest_principal_angle,0.029345614782421883,25,25,1.0
12,3.0,cell,QR_Q_C_dim_U,3.0,25,25,1.0
12,3.0,cell,QR_Q_C_dim_Q,3.0,25,25,1.0
12,3.0,cell,QR_Q_C_shared_energy,0.10491964956089853,25,25,1.0
12,3.0,cell,QR_Q_C_purity,0.03497321652029948,25,25,1.0
12,3.0,cell,QR_Q_C_capture,0.03497321652029948,25,25,1.0
12,3.0,cell,QR_Q_C_expected_random_purity,0.03,25,25,1.0
12,3.0,cell,QR_Q_C_expected_random_capture,0.03,25,25,1.0
12,3.0,cell,QR_Q_C_excess_purity,0.004973216520299472,25,25,1.0
12,3.0,cell,QR_Q_C_excess_capture,0.004973216520299472,25,25,1.0
12,3.0,cell,QR_Q_C_largest_canonical_correlation,0.28557624515660796,25,25,1.0
12,3.0,cell,QR_Q_C_smallest_principal_angle,1.2811714271007342,25,25,1.0
12,3.0,cell,QR_Q_C_unique_dim_U,3.0,25,25,1.0
12,3.0,cell,QR_Q_C_unique_dim_Q,3.0,25,25,1.0
12,3.0,cell,QR_Q_C_unique_shared_energy,0.000583020126898052,25,25,1.0
12,3.0,cell,QR_Q_C_unique_purity,0.00019434004229932397,25,25,1.0
12,3.0,cell,QR_Q_C_unique_capture,0.00019434004229932397,25,25,1.0
12,3.0,cell,QR_Q_C_unique_expected_random_purity,0.03,25,25,1.0
12,3.0,cell,QR_Q_C_unique_expected_random_capture,0.03,25,25,1.0
12,3.0,cell,QR_Q_C_unique_excess_purity,-0.029805659957700587,25,25,1.0
12,3.0,cell,QR_Q_C_unique_excess_capture,-0.029805659957700587,25,25,1.0
12,3.0,cell,QR_Q_C_unique_largest_canonical_correlation,0.02173178715069241,25,25,1.0
12,3.0,cell,QR_Q_C_unique_smallest_principal_angle,1.5490624364889993,25,25,1.0
12,3.0,cell,QR_Q_C_full_dim_U,3.0,25,25,1.0
12,3.0,cell,QR_Q_C_full_dim_Q,4.0,25,25,1.0
12,3.0,cell,QR_Q_C_full_shared_energy,0.1790283761774007,25,25,1.0
12,3.0,cell,QR_Q_C_full_purity,0.05967612539246686,25,25,1.0
12,3.0,cell,QR_Q_C_full_capture,0.04475709404435014,25,25,1.0
12,3.0,cell,QR_Q_C_full_expected_random_purity,0.04,25,25,1.0
12,3.0,cell,QR_Q_C_full_expected_random_capture,0.03,25,25,1.0
12,3.0,cell,QR_Q_C_full_excess_purity,0.019676125392466846,25,25,1.0
12,3.0,cell,QR_Q_C_full_excess_capture,0.014757094044350135,25,25,1.0
12,3.0,cell,QR_Q_C_full_largest_canonical_correlation,0.3551996482677426,25,25,1.0
12,3.0,cell,QR_Q_C_full_smallest_principal_angle,1.2076585524642616,25,25,1.0
12,3.0,cell,QR_Q_P4_dim_U,3.0,25,25,1.0
12,3.0,cell,QR_Q_P4_dim_Q,4.0,25,25,1.0
12,3.0,cell,QR_Q_P4_shared_energy,0.17861799874050202,25,25,1.0
12,3.0,cell,QR_Q_P4_purity,0.05953933291350066,25,25,1.0
12,3.0,cell,QR_Q_P4_capture,0.04465449968512548,25,25,1.0
12,3.0,cell,QR_Q_P4_expected_random_purity,0.04,25,25,1.0
12,3.0,cell,QR_Q_P4_expected_random_capture,0.03,25,25,1.0
12,3.0,cell,QR_Q_P4_excess_purity,0.01953933291350065,25,25,1.0
12,3.0,cell,QR_Q_P4_excess_capture,0.014654499685125482,25,25,1.0
12,3.0,cell,QR_Q_P4_largest_canonical_correlation,0.3412806986584751,25,25,1.0
12,3.0,cell,QR_Q_P4_smallest_principal_angle,1.2225078285951043,25,25,1.0
12,5.0,cell,UMP_Q_F_dim_U,2.0,25,25,1.0
12,5.0,cell,UMP_Q_F_dim_Q,5.0,25,25,1.0
12,5.0,cell,UMP_Q_F_shared_energy,0.008240463461371106,25,25,1.0
12,5.0,cell,UMP_Q_F_purity,0.004120231730685528,25,25,1.0
12,5.0,cell,UMP_Q_F_capture,0.001648092692274184,25,25,1.0
12,5.0,cell,UMP_Q_F_expected_random_purity,0.05000000000000001,25,25,1.0
12,5.0,cell,UMP_Q_F_expected_random_capture,0.02,25,25,1.0
12,5.0,cell,UMP_Q_F_excess_purity,-0.045879768269314385,25,25,1.0
12,5.0,cell,UMP_Q_F_excess_capture,-0.018351907307725717,25,25,1.0
12,5.0,cell,UMP_Q_F_largest_canonical_correlation,0.08524871377129326,25,25,1.0
12,5.0,cell,UMP_Q_F_smallest_principal_angle,1.4854387206562725,25,25,1.0
12,5.0,cell,U4_Q_F_dim_U,4.0,25,25,1.0
12,5.0,cell,U4_Q_F_dim_Q,5.0,25,25,1.0
12,5.0,cell,U4_Q_F_shared_energy,0.008936059659076913,25,25,1.0
12,5.0,cell,U4_Q_F_purity,0.002234014914769204,25,25,1.0
12,5.0,cell,U4_Q_F_capture,0.001787211931815336,25,25,1.0
12,5.0,cell,U4_Q_F_expected_random_purity,0.05000000000000001,25,25,1.0
12,5.0,cell,U4_Q_F_expected_random_capture,0.04,25,25,1.0
12,5.0,cell,U4_Q_F_excess_purity,-0.047765985085230694,25,25,1.0
12,5.0,cell,U4_Q_F_excess_capture,-0.03821278806818457,25,25,1.0
12,5.0,cell,U4_Q_F_largest_canonical_correlation,0.08688316067106447,25,25,1.0
12,5.0,cell,U4_Q_F_smallest_principal_angle,1.48379675159749,25,25,1.0
12,5.0,cell,UMP_Q_F_unique_dim_U,2.0,25,25,1.0
12,5.0,cell,UMP_Q_F_unique_dim_Q,5.0,25,25,1.0
12,5.0,cell,UMP_Q_F_unique_shared_energy,0.10488874861041697,25,25,1.0
12,5.0,cell,UMP_Q_F_unique_purity,0.05244437430520845,25,25,1.0
12,5.0,cell,UMP_Q_F_unique_capture,0.020977749722083362,25,25,1.0
12,5.0,cell,UMP_Q_F_unique_expected_random_purity,0.05000000000000001,25,25,1.0
12,5.0,cell,UMP_Q_F_unique_expected_random_capture,0.02,25,25,1.0
12,5.0,cell,UMP_Q_F_unique_excess_purity,0.00244437430520846,25,25,1.0
12,5.0,cell,UMP_Q_F_unique_excess_capture,0.0009777497220833735,25,25,1.0
12,5.0,cell,UMP_Q_F_unique_largest_canonical_correlation,0.3093025884304586,25,25,1.0
12,5.0,cell,UMP_Q_F_unique_smallest_principal_angle,1.2563194758017082,25,25,1.0
12,5.0,cell,U4_Q_F_unique_dim_U,4.0,25,25,1.0
12,5.0,cell,U4_Q_F_unique_dim_Q,5.0,25,25,1.0
12,5.0,cell,U4_Q_F_unique_shared_energy,0.11244303525987111,25,25,1.0
12,5.0,cell,U4_Q_F_unique_purity,0.028110758814967746,25,25,1.0
12,5.0,cell,U4_Q_F_unique_capture,0.022488607051974183,25,25,1.0
12,5.0,cell,U4_Q_F_unique_expected_random_purity,0.05000000000000001,25,25,1.0
12,5.0,cell,U4_Q_F_unique_expected_random_capture,0.04,25,25,1.0
12,5.0,cell,U4_Q_F_unique_excess_purity,-0.021889241185032163,25,25,1.0
12,5.0,cell,U4_Q_F_unique_excess_capture,-0.017511392948025714,25,25,1.0
12,5.0,cell,U4_Q_F_unique_largest_canonical_correlation,0.31218886677694213,25,25,1.0
12,5.0,cell,U4_Q_F_unique_smallest_principal_angle,1.2532856568658997,25,25,1.0
12,5.0,cell,UMP_Q_C_dim_U,2.0,25,25,1.0
12,5.0,cell,UMP_Q_C_dim_Q,3.0,25,25,1.0
12,5.0,cell,UMP_Q_C_shared_energy,1.2438719398958202,25,25,1.0
12,5.0,cell,UMP_Q_C_purity,0.6219359699479101,25,25,1.0
12,5.0,cell,UMP_Q_C_capture,0.41462397996527334,25,25,1.0
12,5.0,cell,UMP_Q_C_expected_random_purity,0.03,25,25,1.0
12,5.0,cell,UMP_Q_C_expected_random_capture,0.02,25,25,1.0
12,5.0,cell,UMP_Q_C_excess_purity,0.5919359699479101,25,25,1.0
12,5.0,cell,UMP_Q_C_excess_capture,0.3946239799652734,25,25,1.0
12,5.0,cell,UMP_Q_C_largest_canonical_correlation,0.9294317751862095,25,25,1.0
12,5.0,cell,UMP_Q_C_smallest_principal_angle,0.37760522429576915,25,25,1.0
12,5.0,cell,U4_Q_C_dim_U,4.0,25,25,1.0
12,5.0,cell,U4_Q_C_dim_Q,3.0,25,25,1.0
12,5.0,cell,U4_Q_C_shared_energy,1.3972779583839008,25,25,1.0
12,5.0,cell,U4_Q_C_purity,0.34931948959597514,25,25,1.0
12,5.0,cell,U4_Q_C_capture,0.4657593194613001,25,25,1.0
12,5.0,cell,U4_Q_C_expected_random_purity,0.03,25,25,1.0
12,5.0,cell,U4_Q_C_expected_random_capture,0.04,25,25,1.0
12,5.0,cell,U4_Q_C_excess_purity,0.3193194895959751,25,25,1.0
12,5.0,cell,U4_Q_C_excess_capture,0.4257593194613002,25,25,1.0
12,5.0,cell,U4_Q_C_largest_canonical_correlation,0.929815917749129,25,25,1.0
12,5.0,cell,U4_Q_C_smallest_principal_angle,0.3765813935760227,25,25,1.0
12,5.0,cell,UMP_Q_C_unique_dim_U,2.0,25,25,1.0
12,5.0,cell,UMP_Q_C_unique_dim_Q,3.0,25,25,1.0
12,5.0,cell,UMP_Q_C_unique_shared_energy,1.3405202250448658,25,25,1.0
12,5.0,cell,UMP_Q_C_unique_purity,0.6702601125224329,25,25,1.0
12,5.0,cell,UMP_Q_C_unique_capture,0.4468400750149552,25,25,1.0
12,5.0,cell,UMP_Q_C_unique_expected_random_purity,0.03,25,25,1.0
12,5.0,cell,UMP_Q_C_unique_expected_random_capture,0.02,25,25,1.0
12,5.0,cell,UMP_Q_C_unique_excess_purity,0.6402601125224328,25,25,1.0
12,5.0,cell,UMP_Q_C_unique_excess_capture,0.42684007501495524,25,25,1.0
12,5.0,cell,UMP_Q_C_unique_largest_canonical_correlation,0.9733076724209149,25,25,1.0
12,5.0,cell,UMP_Q_C_unique_smallest_principal_angle,0.23128334800147132,25,25,1.0
12,5.0,cell,U4_Q_C_unique_dim_U,4.0,25,25,1.0
12,5.0,cell,U4_Q_C_unique_dim_Q,3.0,25,25,1.0
12,5.0,cell,U4_Q_C_unique_shared_energy,1.5007849339846944,25,25,1.0
12,5.0,cell,U4_Q_C_unique_purity,0.37519623349617354,25,25,1.0
12,5.0,cell,U4_Q_C_unique_capture,0.5002616446615648,25,25,1.0
12,5.0,cell,U4_Q_C_unique_expected_random_purity,0.03,25,25,1.0
12,5.0,cell,U4_Q_C_unique_expected_random_capture,0.04,25,25,1.0
12,5.0,cell,U4_Q_C_unique_excess_purity,0.3451962334961736,25,25,1.0
12,5.0,cell,U4_Q_C_unique_excess_capture,0.46026164466156483,25,25,1.0
12,5.0,cell,U4_Q_C_unique_largest_canonical_correlation,0.9737328404162863,25,25,1.0
12,5.0,cell,U4_Q_C_unique_smallest_principal_angle,0.22939928938047216,25,25,1.0
12,5.0,cell,UMP_Q_C_full_dim_U,2.0,25,25,1.0
12,5.0,cell,UMP_Q_C_full_dim_Q,4.0,25,25,1.0
12,5.0,cell,UMP_Q_C_full_shared_energy,1.728748796068751,25,25,1.0
12,5.0,cell,UMP_Q_C_full_purity,0.8643743980343755,25,25,1.0
12,5.0,cell,UMP_Q_C_full_capture,0.4321871990171877,25,25,1.0
12,5.0,cell,UMP_Q_C_full_expected_random_purity,0.04,25,25,1.0
12,5.0,cell,UMP_Q_C_full_expected_random_capture,0.02,25,25,1.0
12,5.0,cell,UMP_Q_C_full_excess_purity,0.8243743980343755,25,25,1.0
12,5.0,cell,UMP_Q_C_full_excess_capture,0.4121871990171877,25,25,1.0
12,5.0,cell,UMP_Q_C_full_largest_canonical_correlation,0.9461760903521993,25,25,1.0
12,5.0,cell,UMP_Q_C_full_smallest_principal_angle,0.32949081359438764,25,25,1.0
12,5.0,cell,U4_Q_C_full_dim_U,4.0,25,25,1.0
12,5.0,cell,U4_Q_C_full_dim_Q,4.0,25,25,1.0
12,5.0,cell,U4_Q_C_full_shared_energy,1.9713463023505167,25,25,1.0
12,5.0,cell,U4_Q_C_full_purity,0.4928365755876291,25,25,1.0
12,5.0,cell,U4_Q_C_full_capture,0.4928365755876291,25,25,1.0
12,5.0,cell,U4_Q_C_full_expected_random_purity,0.04,25,25,1.0
12,5.0,cell,U4_Q_C_full_expected_random_capture,0.04,25,25,1.0
12,5.0,cell,U4_Q_C_full_excess_purity,0.45283657558762913,25,25,1.0
12,5.0,cell,U4_Q_C_full_excess_capture,0.45283657558762913,25,25,1.0
12,5.0,cell,U4_Q_C_full_largest_canonical_correlation,0.9467597882704705,25,25,1.0
12,5.0,cell,U4_Q_C_full_smallest_principal_angle,0.32767541348764107,25,25,1.0
12,5.0,cell,UMP_Q_P4_dim_U,2.0,25,25,1.0
12,5.0,cell,UMP_Q_P4_dim_Q,4.0,25,25,1.0
12,5.0,cell,UMP_Q_P4_shared_energy,1.7829225198407517,25,25,1.0
12,5.0,cell,UMP_Q_P4_purity,0.8914612599203758,25,25,1.0
12,5.0,cell,UMP_Q_P4_capture,0.4457306299601879,25,25,1.0
12,5.0,cell,UMP_Q_P4_expected_random_purity,0.04,25,25,1.0
12,5.0,cell,UMP_Q_P4_expected_random_capture,0.02,25,25,1.0
12,5.0,cell,UMP_Q_P4_excess_purity,0.8514612599203758,25,25,1.0
12,5.0,cell,UMP_Q_P4_excess_capture,0.4257306299601879,25,25,1.0
12,5.0,cell,UMP_Q_P4_largest_canonical_correlation,0.958109780154052,25,25,1.0
12,5.0,cell,UMP_Q_P4_smallest_principal_angle,0.29035436277750737,25,25,1.0
12,5.0,cell,U4_Q_P4_dim_U,4.0,25,25,1.0
12,5.0,cell,U4_Q_P4_dim_Q,4.0,25,25,1.0
12,5.0,cell,U4_Q_P4_shared_energy,2.0460905694213967,25,25,1.0
12,5.0,cell,U4_Q_P4_purity,0.5115226423553492,25,25,1.0
12,5.0,cell,U4_Q_P4_capture,0.5115226423553492,25,25,1.0
12,5.0,cell,U4_Q_P4_expected_random_purity,0.04,25,25,1.0
12,5.0,cell,U4_Q_P4_expected_random_capture,0.04,25,25,1.0
12,5.0,cell,U4_Q_P4_excess_purity,0.47152264235534913,25,25,1.0
12,5.0,cell,U4_Q_P4_excess_capture,0.47152264235534913,25,25,1.0
12,5.0,cell,U4_Q_P4_largest_canonical_correlation,0.958374306004333,25,25,1.0
12,5.0,cell,U4_Q_P4_smallest_principal_angle,0.289428621096508,25,25,1.0
12,5.0,cell,QR_Q_F_dim_U,5.0,25,25,1.0
12,5.0,cell,QR_Q_F_dim_Q,5.0,25,25,1.0
12,5.0,cell,QR_Q_F_shared_energy,4.978505020722565,25,25,1.0
12,5.0,cell,QR_Q_F_purity,0.9957010041445129,25,25,1.0
12,5.0,cell,QR_Q_F_capture,0.9957010041445129,25,25,1.0
12,5.0,cell,QR_Q_F_expected_random_purity,0.05000000000000001,25,25,1.0
12,5.0,cell,QR_Q_F_expected_random_capture,0.05000000000000001,25,25,1.0
12,5.0,cell,QR_Q_F_excess_purity,0.9457010041445129,25,25,1.0
12,5.0,cell,QR_Q_F_excess_capture,0.9457010041445129,25,25,1.0
12,5.0,cell,QR_Q_F_largest_canonical_correlation,0.9995837608855769,25,25,1.0
12,5.0,cell,QR_Q_F_smallest_principal_angle,0.028694413554905807,25,25,1.0
12,5.0,cell,QR_Q_C_dim_U,5.0,25,25,1.0
12,5.0,cell,QR_Q_C_dim_Q,3.0,25,25,1.0
12,5.0,cell,QR_Q_C_shared_energy,0.1849962046652443,25,25,1.0
12,5.0,cell,QR_Q_C_purity,0.036999240933048815,25,25,1.0
12,5.0,cell,QR_Q_C_capture,0.061665401555081406,25,25,1.0
12,5.0,cell,QR_Q_C_expected_random_purity,0.03,25,25,1.0
12,5.0,cell,QR_Q_C_expected_random_capture,0.05000000000000001,25,25,1.0
12,5.0,cell,QR_Q_C_excess_purity,0.006999240933048811,25,25,1.0
12,5.0,cell,QR_Q_C_excess_capture,0.0116654015550814,25,25,1.0
12,5.0,cell,QR_Q_C_largest_canonical_correlation,0.33826549593895755,25,25,1.0
12,5.0,cell,QR_Q_C_smallest_principal_angle,1.2257090208246257,25,25,1.0
12,5.0,cell,QR_Q_C_unique_dim_U,5.0,25,25,1.0
12,5.0,cell,QR_Q_C_unique_dim_Q,3.0,25,25,1.0
12,5.0,cell,QR_Q_C_unique_shared_energy,0.0080743419872731,25,25,1.0
12,5.0,cell,QR_Q_C_unique_purity,0.0016148683974545718,25,25,1.0
12,5.0,cell,QR_Q_C_unique_capture,0.002691447329091012,25,25,1.0
12,5.0,cell,QR_Q_C_unique_expected_random_purity,0.03,25,25,1.0
12,5.0,cell,QR_Q_C_unique_expected_random_capture,0.05000000000000001,25,25,1.0
12,5.0,cell,QR_Q_C_unique_excess_purity,-0.028385131602545327,25,25,1.0
12,5.0,cell,QR_Q_C_unique_excess_capture,-0.04730855267090889,25,25,1.0
12,5.0,cell,QR_Q_C_unique_largest_canonical_correlation,0.08511077740412511,25,25,1.0
12,5.0,cell,QR_Q_C_unique_smallest_principal_angle,1.485577526512187,25,25,1.0
12,5.0,cell,QR_Q_C_full_dim_U,5.0,25,25,1.0
12,5.0,cell,QR_Q_C_full_dim_Q,4.0,25,25,1.0
12,5.0,cell,QR_Q_C_full_shared_energy,0.31807366008919186,25,25,1.0
12,5.0,cell,QR_Q_C_full_purity,0.06361473201783835,25,25,1.0
12,5.0,cell,QR_Q_C_full_capture,0.07951841502229792,25,25,1.0
12,5.0,cell,QR_Q_C_full_expected_random_purity,0.04,25,25,1.0
12,5.0,cell,QR_Q_C_full_expected_random_capture,0.05000000000000001,25,25,1.0
12,5.0,cell,QR_Q_C_full_excess_purity,0.023614732017838338,25,25,1.0
12,5.0,cell,QR_Q_C_full_excess_capture,0.029518415022297916,25,25,1.0
12,5.0,cell,QR_Q_C_full_largest_canonical_correlation,0.4431873837377781,25,25,1.0
12,5.0,cell,QR_Q_C_full_smallest_principal_angle,1.1116372212056036,25,25,1.0
12,5.0,cell,QR_Q_P4_dim_U,5.0,25,25,1.0
12,5.0,cell,QR_Q_P4_dim_Q,4.0,25,25,1.0
12,5.0,cell,QR_Q_P4_shared_energy,0.3171033894120812,25,25,1.0
12,5.0,cell,QR_Q_P4_purity,0.0634206778824162,25,25,1.0
12,5.0,cell,QR_Q_P4_capture,0.07927584735302028,25,25,1.0
12,5.0,cell,QR_Q_P4_expected_random_purity,0.04,25,25,1.0
12,5.0,cell,QR_Q_P4_expected_random_capture,0.05000000000000001,25,25,1.0
12,5.0,cell,QR_Q_P4_excess_purity,0.023420677882416207,25,25,1.0
12,5.0,cell,QR_Q_P4_excess_capture,0.029275847353020256,25,25,1.0
12,5.0,cell,QR_Q_P4_largest_canonical_correlation,0.430931367703439,25,25,1.0
12,5.0,cell,QR_Q_P4_smallest_principal_angle,1.125261275022851,25,25,1.0
12,7.0,cell,UMP_Q_F_dim_U,2.0,25,25,1.0
12,7.0,cell,UMP_Q_F_dim_Q,5.0,25,25,1.0
12,7.0,cell,UMP_Q_F_shared_energy,0.000501943851765668,25,25,1.0
12,7.0,cell,UMP_Q_F_purity,0.000251002562887508,25,25,1.0
12,7.0,cell,UMP_Q_F_capture,0.00010038877035311804,25,25,1.0
12,7.0,cell,UMP_Q_F_expected_random_purity,0.05000000000000001,25,25,1.0
12,7.0,cell,UMP_Q_F_expected_random_capture,0.02,25,25,1.0
12,7.0,cell,UMP_Q_F_excess_purity,-0.0497489974371124,25,25,1.0
12,7.0,cell,UMP_Q_F_excess_capture,-0.019899611229646806,25,25,1.0
12,7.0,cell,UMP_Q_F_largest_canonical_correlation,0.02051067365584204,25,25,1.0
12,7.0,cell,UMP_Q_F_smallest_principal_angle,1.5502839227361256,25,25,1.0
12,7.0,cell,U4_Q_F_dim_U,4.0,25,25,1.0
12,7.0,cell,U4_Q_F_dim_Q,5.0,25,25,1.0
12,7.0,cell,U4_Q_F_shared_energy,0.0008363633668232199,25,25,1.0
12,7.0,cell,U4_Q_F_purity,0.0002090908417057699,25,25,1.0
12,7.0,cell,U4_Q_F_capture,0.0001672726733646032,25,25,1.0
12,7.0,cell,U4_Q_F_expected_random_purity,0.05000000000000001,25,25,1.0
12,7.0,cell,U4_Q_F_expected_random_capture,0.04,25,25,1.0
12,7.0,cell,U4_Q_F_excess_purity,-0.049790909158294136,25,25,1.0
12,7.0,cell,U4_Q_F_excess_capture,-0.0398327273266353,25,25,1.0
12,7.0,cell,U4_Q_F_largest_canonical_correlation,0.025061492723485294,25,25,1.0
12,7.0,cell,U4_Q_F_smallest_principal_angle,1.5457317970956144,25,25,1.0
12,7.0,cell,UMP_Q_F_unique_dim_U,2.0,25,25,1.0
12,7.0,cell,UMP_Q_F_unique_dim_Q,5.0,25,25,1.0
12,7.0,cell,UMP_Q_F_unique_shared_energy,0.005024460746856756,25,25,1.0
12,7.0,cell,UMP_Q_F_unique_purity,0.0025006404281537,25,25,1.0
12,7.0,cell,UMP_Q_F_unique_capture,0.0010048921493713203,25,25,1.0
12,7.0,cell,UMP_Q_F_unique_expected_random_purity,0.05000000000000001,25,25,1.0
12,7.0,cell,UMP_Q_F_unique_expected_random_capture,0.02,25,25,1.0
12,7.0,cell,UMP_Q_F_unique_excess_purity,-0.0474993595718462,25,25,1.0
12,7.0,cell,UMP_Q_F_unique_excess_capture,-0.018995107850628586,25,25,1.0
12,7.0,cell,UMP_Q_F_unique_largest_canonical_correlation,0.06544348139947763,25,25,1.0
12,7.0,cell,UMP_Q_F_unique_smallest_principal_angle,1.5053022455813656,25,25,1.0
12,7.0,cell,U4_Q_F_unique_dim_U,4.0,25,25,1.0
12,7.0,cell,U4_Q_F_unique_dim_Q,5.0,25,25,1.0
12,7.0,cell,U4_Q_F_unique_shared_energy,0.007241193935206713,25,25,1.0
12,7.0,cell,U4_Q_F_unique_purity,0.0018102984838016477,25,25,1.0
12,7.0,cell,U4_Q_F_unique_capture,0.0014482387870412916,25,25,1.0
12,7.0,cell,U4_Q_F_unique_expected_random_purity,0.05000000000000001,25,25,1.0
12,7.0,cell,U4_Q_F_unique_expected_random_capture,0.04,25,25,1.0
12,7.0,cell,U4_Q_F_unique_excess_purity,-0.04818970151619825,25,25,1.0
12,7.0,cell,U4_Q_F_unique_excess_capture,-0.03855176121295861,25,25,1.0
12,7.0,cell,U4_Q_F_unique_largest_canonical_correlation,0.07658677537878812,25,25,1.0
12,7.0,cell,U4_Q_F_unique_smallest_principal_angle,1.4941322053481656,25,25,1.0
12,7.0,cell,UMP_Q_C_dim_U,2.0,25,25,1.0
12,7.0,cell,UMP_Q_C_dim_Q,3.0,25,25,1.0
12,7.0,cell,UMP_Q_C_shared_energy,0.10735949031394706,25,25,1.0
12,7.0,cell,UMP_Q_C_purity,0.05465823720735106,25,25,1.0
12,7.0,cell,UMP_Q_C_capture,0.035786496771315665,25,25,1.0
12,7.0,cell,UMP_Q_C_expected_random_purity,0.03,25,25,1.0
12,7.0,cell,UMP_Q_C_expected_random_capture,0.02,25,25,1.0
12,7.0,cell,UMP_Q_C_excess_purity,0.02465823720735105,25,25,1.0
12,7.0,cell,UMP_Q_C_excess_capture,0.015786496771315668,25,25,1.0
12,7.0,cell,UMP_Q_C_largest_canonical_correlation,0.2905342258413937,25,25,1.0
12,7.0,cell,UMP_Q_C_smallest_principal_angle,1.2758759180532042,25,25,1.0
12,7.0,cell,U4_Q_C_dim_U,4.0,25,25,1.0
12,7.0,cell,U4_Q_C_dim_Q,3.0,25,25,1.0
12,7.0,cell,U4_Q_C_shared_energy,0.13923083104879527,25,25,1.0
12,7.0,cell,U4_Q_C_purity,0.034807707762198783,25,25,1.0
12,7.0,cell,U4_Q_C_capture,0.046410277016265065,25,25,1.0
12,7.0,cell,U4_Q_C_expected_random_purity,0.03,25,25,1.0
12,7.0,cell,U4_Q_C_expected_random_capture,0.04,25,25,1.0
12,7.0,cell,U4_Q_C_excess_purity,0.004807707762198799,25,25,1.0
12,7.0,cell,U4_Q_C_excess_capture,0.006410277016265084,25,25,1.0
12,7.0,cell,U4_Q_C_largest_canonical_correlation,0.3128385601497886,25,25,1.0
12,7.0,cell,U4_Q_C_smallest_principal_angle,1.2524916405392041,25,25,1.0
12,7.0,cell,UMP_Q_C_unique_dim_U,2.0,25,25,1.0
12,7.0,cell,UMP_Q_C_unique_dim_Q,3.0,25,25,1.0
12,7.0,cell,UMP_Q_C_unique_shared_energy,0.11188200720903811,25,25,1.0
12,7.0,cell,UMP_Q_C_unique_purity,0.056907875072617214,25,25,1.0
12,7.0,cell,UMP_Q_C_unique_capture,0.03729400240301268,25,25,1.0
12,7.0,cell,UMP_Q_C_unique_expected_random_purity,0.03,25,25,1.0
12,7.0,cell,UMP_Q_C_unique_expected_random_capture,0.02,25,25,1.0
12,7.0,cell,UMP_Q_C_unique_excess_purity,0.02690787507261722,25,25,1.0
12,7.0,cell,UMP_Q_C_unique_excess_capture,0.017294002403012675,25,25,1.0
12,7.0,cell,UMP_Q_C_unique_largest_canonical_correlation,0.29603949514387007,25,25,1.0
12,7.0,cell,UMP_Q_C_unique_smallest_principal_angle,1.2701009811949002,25,25,1.0
12,7.0,cell,U4_Q_C_unique_dim_U,4.0,25,25,1.0
12,7.0,cell,U4_Q_C_unique_dim_Q,3.0,25,25,1.0
12,7.0,cell,U4_Q_C_unique_shared_energy,0.14563566161717872,25,25,1.0
12,7.0,cell,U4_Q_C_unique_purity,0.03640891540429464,25,25,1.0
12,7.0,cell,U4_Q_C_unique_capture,0.04854522053905955,25,25,1.0
12,7.0,cell,U4_Q_C_unique_expected_random_purity,0.03,25,25,1.0
12,7.0,cell,U4_Q_C_unique_expected_random_capture,0.04,25,25,1.0
12,7.0,cell,U4_Q_C_unique_excess_purity,0.006408915404294644,25,25,1.0
12,7.0,cell,U4_Q_C_unique_excess_capture,0.008545220539059544,25,25,1.0
12,7.0,cell,U4_Q_C_unique_largest_canonical_correlation,0.31884005028556234,25,25,1.0
12,7.0,cell,U4_Q_C_unique_smallest_principal_angle,1.24614829125791,25,25,1.0
12,7.0,cell,UMP_Q_C_full_dim_U,2.0,25,25,1.0
12,7.0,cell,UMP_Q_C_full_dim_Q,4.0,25,25,1.0
12,7.0,cell,UMP_Q_C_full_shared_energy,0.1744623959682149,25,25,1.0
12,7.0,cell,UMP_Q_C_full_purity,0.09017328236414038,25,25,1.0
12,7.0,cell,UMP_Q_C_full_capture,0.043615598992053674,25,25,1.0
12,7.0,cell,UMP_Q_C_full_expected_random_purity,0.04,25,25,1.0
12,7.0,cell,UMP_Q_C_full_expected_random_capture,0.02,25,25,1.0
12,7.0,cell,UMP_Q_C_full_excess_purity,0.050173282364140356,25,25,1.0
12,7.0,cell,UMP_Q_C_full_excess_capture,0.023615598992053677,25,25,1.0
12,7.0,cell,UMP_Q_C_full_largest_canonical_correlation,0.38538067435719237,25,25,1.0
12,7.0,cell,UMP_Q_C_full_smallest_principal_angle,1.1750823579357992,25,25,1.0
12,7.0,cell,U4_Q_C_full_dim_U,4.0,25,25,1.0
12,7.0,cell,U4_Q_C_full_dim_Q,4.0,25,25,1.0
12,7.0,cell,U4_Q_C_full_shared_energy,0.2159471271066989,25,25,1.0
12,7.0,cell,U4_Q_C_full_purity,0.05398678177667469,25,25,1.0
12,7.0,cell,U4_Q_C_full_capture,0.05398678177667469,25,25,1.0
12,7.0,cell,U4_Q_C_full_expected_random_purity,0.04,25,25,1.0
12,7.0,cell,U4_Q_C_full_expected_random_capture,0.04,25,25,1.0
12,7.0,cell,U4_Q_C_full_excess_purity,0.013986781776674683,25,25,1.0
12,7.0,cell,U4_Q_C_full_excess_capture,0.013986781776674683,25,25,1.0
12,7.0,cell,U4_Q_C_full_largest_canonical_correlation,0.41056584302271026,25,25,1.0
12,7.0,cell,U4_Q_C_full_smallest_principal_angle,1.1476319652256262,25,25,1.0
12,7.0,cell,UMP_Q_P4_dim_U,2.0,25,25,1.0
12,7.0,cell,UMP_Q_P4_dim_Q,4.0,25,25,1.0
12,7.0,cell,UMP_Q_P4_shared_energy,0.18738191133773188,25,25,1.0
12,7.0,cell,UMP_Q_P4_purity,0.09708990505435713,25,25,1.0
12,7.0,cell,UMP_Q_P4_capture,0.04684547783443293,25,25,1.0
12,7.0,cell,UMP_Q_P4_expected_random_purity,0.04,25,25,1.0
12,7.0,cell,UMP_Q_P4_expected_random_capture,0.02,25,25,1.0
12,7.0,cell,UMP_Q_P4_excess_purity,0.05708990505435715,25,25,1.0
12,7.0,cell,UMP_Q_P4_excess_capture,0.026845477834432918,25,25,1.0
12,7.0,cell,UMP_Q_P4_largest_canonical_correlation,0.40538105426275195,25,25,1.0
12,7.0,cell,UMP_Q_P4_smallest_principal_angle,1.1532973892778933,25,25,1.0
12,7.0,cell,U4_Q_P4_dim_U,4.0,25,25,1.0
12,7.0,cell,U4_Q_P4_dim_Q,4.0,25,25,1.0
12,7.0,cell,U4_Q_P4_shared_energy,0.2320265203290125,25,25,1.0
12,7.0,cell,U4_Q_P4_purity,0.05800663008225308,25,25,1.0
12,7.0,cell,U4_Q_P4_capture,0.05800663008225308,25,25,1.0
12,7.0,cell,U4_Q_P4_expected_random_purity,0.04,25,25,1.0
12,7.0,cell,U4_Q_P4_expected_random_capture,0.04,25,25,1.0
12,7.0,cell,U4_Q_P4_excess_purity,0.018006630082253082,25,25,1.0
12,7.0,cell,U4_Q_P4_excess_capture,0.018006630082253082,25,25,1.0
12,7.0,cell,U4_Q_P4_largest_canonical_correlation,0.43197626972892,25,25,1.0
12,7.0,cell,U4_Q_P4_smallest_principal_angle,1.1240037560458978,25,25,1.0
12,7.0,cell,QR_Q_F_dim_U,7.0,25,25,1.0
12,7.0,cell,QR_Q_F_dim_Q,5.0,25,25,1.0
12,7.0,cell,QR_Q_F_shared_energy,4.986234623561737,25,25,1.0
12,7.0,cell,QR_Q_F_purity,0.7123192319373911,25,25,1.0
12,7.0,cell,QR_Q_F_capture,0.9972469247123474,25,25,1.0
12,7.0,cell,QR_Q_F_expected_random_purity,0.05000000000000001,25,25,1.0
12,7.0,cell,QR_Q_F_expected_random_capture,0.07,25,25,1.0
12,7.0,cell,QR_Q_F_excess_purity,0.6623192319373911,25,25,1.0
12,7.0,cell,QR_Q_F_excess_capture,0.9272469247123474,25,25,1.0
12,7.0,cell,QR_Q_F_largest_canonical_correlation,0.9996289355022592,25,25,1.0
12,7.0,cell,QR_Q_F_smallest_principal_angle,0.027160350375868468,25,25,1.0
12,7.0,cell,QR_Q_C_dim_U,7.0,25,25,1.0
12,7.0,cell,QR_Q_C_dim_Q,3.0,25,25,1.0
12,7.0,cell,QR_Q_C_shared_energy,1.43781365115185,25,25,1.0
12,7.0,cell,QR_Q_C_purity,0.2054019501645499,25,25,1.0
12,7.0,cell,QR_Q_C_capture,0.47927121705061654,25,25,1.0
12,7.0,cell,QR_Q_C_expected_random_purity,0.03,25,25,1.0
12,7.0,cell,QR_Q_C_expected_random_capture,0.07,25,25,1.0
12,7.0,cell,QR_Q_C_excess_purity,0.17540195016454996,25,25,1.0
12,7.0,cell,QR_Q_C_excess_capture,0.40927121705061653,25,25,1.0
12,7.0,cell,QR_Q_C_largest_canonical_correlation,0.9786739615883348,25,25,1.0
12,7.0,cell,QR_Q_C_smallest_principal_angle,0.2067529559019296,25,25,1.0
12,7.0,cell,QR_Q_C_unique_dim_U,7.0,25,25,1.0
12,7.0,cell,QR_Q_C_unique_dim_Q,3.0,25,25,1.0
12,7.0,cell,QR_Q_C_unique_shared_energy,1.3544029236470267,25,25,1.0
12,7.0,cell,QR_Q_C_unique_purity,0.19348613194957523,25,25,1.0
12,7.0,cell,QR_Q_C_unique_capture,0.45146764121567556,25,25,1.0
12,7.0,cell,QR_Q_C_unique_expected_random_purity,0.03,25,25,1.0
12,7.0,cell,QR_Q_C_unique_expected_random_capture,0.07,25,25,1.0
12,7.0,cell,QR_Q_C_unique_excess_purity,0.16348613194957523,25,25,1.0
12,7.0,cell,QR_Q_C_unique_excess_capture,0.38146764121567556,25,25,1.0
12,7.0,cell,QR_Q_C_unique_largest_canonical_correlation,0.9765421615923284,25,25,1.0
12,7.0,cell,QR_Q_C_unique_smallest_principal_angle,0.21687927003647198,25,25,1.0
12,7.0,cell,QR_Q_C_full_dim_U,7.0,25,25,1.0
12,7.0,cell,QR_Q_C_full_dim_Q,4.0,25,25,1.0
12,7.0,cell,QR_Q_C_full_shared_energy,2.0534690337023616,25,25,1.0
12,7.0,cell,QR_Q_C_full_purity,0.29335271910033733,25,25,1.0
12,7.0,cell,QR_Q_C_full_capture,0.5133672584255904,25,25,1.0
12,7.0,cell,QR_Q_C_full_expected_random_purity,0.04,25,25,1.0
12,7.0,cell,QR_Q_C_full_expected_random_capture,0.07,25,25,1.0
12,7.0,cell,QR_Q_C_full_excess_purity,0.25335271910033735,25,25,1.0
12,7.0,cell,QR_Q_C_full_excess_capture,0.4433672584255904,25,25,1.0
12,7.0,cell,QR_Q_C_full_largest_canonical_correlation,0.9809497082894353,25,25,1.0
12,7.0,cell,QR_Q_C_full_smallest_principal_angle,0.19533349695087124,25,25,1.0
12,7.0,cell,QR_Q_P4_dim_U,7.0,25,25,1.0
12,7.0,cell,QR_Q_P4_dim_Q,4.0,25,25,1.0
12,7.0,cell,QR_Q_P4_shared_energy,2.110508597420089,25,25,1.0
12,7.0,cell,QR_Q_P4_purity,0.3015012282028698,25,25,1.0
12,7.0,cell,QR_Q_P4_capture,0.5276271493550222,25,25,1.0
12,7.0,cell,QR_Q_P4_expected_random_purity,0.04,25,25,1.0
12,7.0,cell,QR_Q_P4_expected_random_capture,0.07,25,25,1.0
12,7.0,cell,QR_Q_P4_excess_purity,0.2615012282028698,25,25,1.0
12,7.0,cell,QR_Q_P4_excess_capture,0.4576271493550222,25,25,1.0
12,7.0,cell,QR_Q_P4_largest_canonical_correlation,0.9911774782045168,25,25,1.0
12,7.0,cell,QR_Q_P4_smallest_principal_angle,0.1327645377446389,25,25,1.0
13,3.0,cell,UMP_Q_F_dim_U,4.0,25,25,1.0
13,3.0,cell,UMP_Q_F_dim_Q,5.0,25,25,1.0
13,3.0,cell,UMP_Q_F_shared_energy,1.9661458320905123,25,25,1.0
13,3.0,cell,UMP_Q_F_purity,0.49153645802262796,25,25,1.0
13,3.0,cell,UMP_Q_F_capture,0.39322916641810246,25,25,1.0
13,3.0,cell,UMP_Q_F_expected_random_purity,0.05000000000000001,25,25,1.0
13,3.0,cell,UMP_Q_F_expected_random_capture,0.04,25,25,1.0
13,3.0,cell,UMP_Q_F_excess_purity,0.44153645802262803,25,25,1.0
13,3.0,cell,UMP_Q_F_excess_capture,0.3532291664181024,25,25,1.0
13,3.0,cell,UMP_Q_F_largest_canonical_correlation,0.9931308755853565,25,25,1.0
13,3.0,cell,UMP_Q_F_smallest_principal_angle,0.1171073890762744,25,25,1.0
13,3.0,cell,U4_Q_F_dim_U,4.0,25,25,1.0
13,3.0,cell,U4_Q_F_dim_Q,5.0,25,25,1.0
13,3.0,cell,U4_Q_F_shared_energy,1.9661458320905123,25,25,1.0
13,3.0,cell,U4_Q_F_purity,0.49153645802262796,25,25,1.0
13,3.0,cell,U4_Q_F_capture,0.39322916641810246,25,25,1.0
13,3.0,cell,U4_Q_F_expected_random_purity,0.05000000000000001,25,25,1.0
13,3.0,cell,U4_Q_F_expected_random_capture,0.04,25,25,1.0
13,3.0,cell,U4_Q_F_excess_purity,0.44153645802262803,25,25,1.0
13,3.0,cell,U4_Q_F_excess_capture,0.3532291664181024,25,25,1.0
13,3.0,cell,U4_Q_F_largest_canonical_correlation,0.9931308755853565,25,25,1.0
13,3.0,cell,U4_Q_F_smallest_principal_angle,0.1171073890762744,25,25,1.0
13,3.0,cell,UMP_Q_F_unique_dim_U,4.0,25,25,1.0
13,3.0,cell,UMP_Q_F_unique_dim_Q,5.0,25,25,1.0
13,3.0,cell,UMP_Q_F_unique_shared_energy,1.9503382258562294,25,25,1.0
13,3.0,cell,UMP_Q_F_unique_purity,0.48758455646405735,25,25,1.0
13,3.0,cell,UMP_Q_F_unique_capture,0.39006764517124587,25,25,1.0
13,3.0,cell,UMP_Q_F_unique_expected_random_purity,0.05000000000000001,25,25,1.0
13,3.0,cell,UMP_Q_F_unique_expected_random_capture,0.04,25,25,1.0
13,3.0,cell,UMP_Q_F_unique_excess_purity,0.43758455646405736,25,25,1.0
13,3.0,cell,UMP_Q_F_unique_excess_capture,0.3500676451712459,25,25,1.0
13,3.0,cell,UMP_Q_F_unique_largest_canonical_correlation,0.9901078121308073,25,25,1.0
13,3.0,cell,UMP_Q_F_unique_smallest_principal_angle,0.1401703859662387,25,25,1.0
13,3.0,cell,U4_Q_F_unique_dim_U,4.0,25,25,1.0
13,3.0,cell,U4_Q_F_unique_dim_Q,5.0,25,25,1.0
13,3.0,cell,U4_Q_F_unique_shared_energy,1.9503382258562294,25,25,1.0
13,3.0,cell,U4_Q_F_unique_purity,0.48758455646405735,25,25,1.0
13,3.0,cell,U4_Q_F_unique_capture,0.39006764517124587,25,25,1.0
13,3.0,cell,U4_Q_F_unique_expected_random_purity,0.05000000000000001,25,25,1.0
13,3.0,cell,U4_Q_F_unique_expected_random_capture,0.04,25,25,1.0
13,3.0,cell,U4_Q_F_unique_excess_purity,0.43758455646405736,25,25,1.0
13,3.0,cell,U4_Q_F_unique_excess_capture,0.3500676451712459,25,25,1.0
13,3.0,cell,U4_Q_F_unique_largest_canonical_correlation,0.9901078121308073,25,25,1.0
13,3.0,cell,U4_Q_F_unique_smallest_principal_angle,0.1401703859662387,25,25,1.0
13,3.0,cell,UMP_Q_C_dim_U,4.0,25,25,1.0
13,3.0,cell,UMP_Q_C_dim_Q,3.0,25,25,1.0
13,3.0,cell,UMP_Q_C_shared_energy,1.3871550026610644,25,25,1.0
13,3.0,cell,UMP_Q_C_purity,0.3467887506652661,25,25,1.0
13,3.0,cell,UMP_Q_C_capture,0.4623850008870214,25,25,1.0
13,3.0,cell,UMP_Q_C_expected_random_purity,0.03,25,25,1.0
13,3.0,cell,UMP_Q_C_expected_random_capture,0.04,25,25,1.0
13,3.0,cell,UMP_Q_C_excess_purity,0.316788750665266,25,25,1.0
13,3.0,cell,UMP_Q_C_excess_capture,0.4223850008870213,25,25,1.0
13,3.0,cell,UMP_Q_C_largest_canonical_correlation,0.9607330305462335,25,25,1.0
13,3.0,cell,UMP_Q_C_smallest_principal_angle,0.280914245852151,25,25,1.0
13,3.0,cell,U4_Q_C_dim_U,4.0,25,25,1.0
13,3.0,cell,U4_Q_C_dim_Q,3.0,25,25,1.0
13,3.0,cell,U4_Q_C_shared_energy,1.3871550026610644,25,25,1.0
13,3.0,cell,U4_Q_C_purity,0.3467887506652661,25,25,1.0
13,3.0,cell,U4_Q_C_capture,0.4623850008870214,25,25,1.0
13,3.0,cell,U4_Q_C_expected_random_purity,0.03,25,25,1.0
13,3.0,cell,U4_Q_C_expected_random_capture,0.04,25,25,1.0
13,3.0,cell,U4_Q_C_excess_purity,0.316788750665266,25,25,1.0
13,3.0,cell,U4_Q_C_excess_capture,0.4223850008870213,25,25,1.0
13,3.0,cell,U4_Q_C_largest_canonical_correlation,0.9607330305462335,25,25,1.0
13,3.0,cell,U4_Q_C_smallest_principal_angle,0.280914245852151,25,25,1.0
13,3.0,cell,UMP_Q_C_unique_dim_U,4.0,25,25,1.0
13,3.0,cell,UMP_Q_C_unique_dim_Q,3.0,25,25,1.0
13,3.0,cell,UMP_Q_C_unique_shared_energy,1.3713473964267797,25,25,1.0
13,3.0,cell,UMP_Q_C_unique_purity,0.34283684910669493,25,25,1.0
13,3.0,cell,UMP_Q_C_unique_capture,0.45711579880892667,25,25,1.0
13,3.0,cell,UMP_Q_C_unique_expected_random_purity,0.03,25,25,1.0
13,3.0,cell,UMP_Q_C_unique_expected_random_capture,0.04,25,25,1.0
13,3.0,cell,UMP_Q_C_unique_excess_purity,0.31283684910669496,25,25,1.0
13,3.0,cell,UMP_Q_C_unique_excess_capture,0.4171157988089266,25,25,1.0
13,3.0,cell,UMP_Q_C_unique_largest_canonical_correlation,0.9739362763434545,25,25,1.0
13,3.0,cell,UMP_Q_C_unique_smallest_principal_angle,0.22869589375118454,25,25,1.0
13,3.0,cell,U4_Q_C_unique_dim_U,4.0,25,25,1.0
13,3.0,cell,U4_Q_C_unique_dim_Q,3.0,25,25,1.0
13,3.0,cell,U4_Q_C_unique_shared_energy,1.3713473964267797,25,25,1.0
13,3.0,cell,U4_Q_C_unique_purity,0.34283684910669493,25,25,1.0
13,3.0,cell,U4_Q_C_unique_capture,0.45711579880892667,25,25,1.0
13,3.0,cell,U4_Q_C_unique_expected_random_purity,0.03,25,25,1.0
13,3.0,cell,U4_Q_C_unique_expected_random_capture,0.04,25,25,1.0
13,3.0,cell,U4_Q_C_unique_excess_purity,0.31283684910669496,25,25,1.0
13,3.0,cell,U4_Q_C_unique_excess_capture,0.4171157988089266,25,25,1.0
13,3.0,cell,U4_Q_C_unique_largest_canonical_correlation,0.9739362763434545,25,25,1.0
13,3.0,cell,U4_Q_C_unique_smallest_principal_angle,0.22869589375118454,25,25,1.0
13,3.0,cell,UMP_Q_C_full_dim_U,4.0,25,25,1.0
13,3.0,cell,UMP_Q_C_full_dim_Q,4.0,25,25,1.0
13,3.0,cell,UMP_Q_C_full_shared_energy,1.9146958832846264,25,25,1.0
13,3.0,cell,UMP_Q_C_full_purity,0.4786739708211566,25,25,1.0
13,3.0,cell,UMP_Q_C_full_capture,0.4786739708211566,25,25,1.0
13,3.0,cell,UMP_Q_C_full_expected_random_purity,0.04,25,25,1.0
13,3.0,cell,UMP_Q_C_full_expected_random_capture,0.04,25,25,1.0
13,3.0,cell,UMP_Q_C_full_excess_purity,0.4386739708211566,25,25,1.0
13,3.0,cell,UMP_Q_C_full_excess_capture,0.4386739708211566,25,25,1.0
13,3.0,cell,UMP_Q_C_full_largest_canonical_correlation,0.9758275074024008,25,25,1.0
13,3.0,cell,UMP_Q_C_full_smallest_principal_angle,0.22023993494165472,25,25,1.0
13,3.0,cell,U4_Q_C_full_dim_U,4.0,25,25,1.0
13,3.0,cell,U4_Q_C_full_dim_Q,4.0,25,25,1.0
13,3.0,cell,U4_Q_C_full_shared_energy,1.9146958832846264,25,25,1.0
13,3.0,cell,U4_Q_C_full_purity,0.4786739708211566,25,25,1.0
13,3.0,cell,U4_Q_C_full_capture,0.4786739708211566,25,25,1.0
13,3.0,cell,U4_Q_C_full_expected_random_purity,0.04,25,25,1.0
13,3.0,cell,U4_Q_C_full_expected_random_capture,0.04,25,25,1.0
13,3.0,cell,U4_Q_C_full_excess_purity,0.4386739708211566,25,25,1.0
13,3.0,cell,U4_Q_C_full_excess_capture,0.4386739708211566,25,25,1.0
13,3.0,cell,U4_Q_C_full_largest_canonical_correlation,0.9758275074024008,25,25,1.0
13,3.0,cell,U4_Q_C_full_smallest_principal_angle,0.22023993494165472,25,25,1.0
13,3.0,cell,UMP_Q_P4_dim_U,4.0,25,25,1.0
13,3.0,cell,UMP_Q_P4_dim_Q,4.0,25,25,1.0
13,3.0,cell,UMP_Q_P4_shared_energy,1.9443093706549337,25,25,1.0
13,3.0,cell,UMP_Q_P4_purity,0.4860773426637334,25,25,1.0
13,3.0,cell,UMP_Q_P4_capture,0.4860773426637334,25,25,1.0
13,3.0,cell,UMP_Q_P4_expected_random_purity,0.04,25,25,1.0
13,3.0,cell,UMP_Q_P4_expected_random_capture,0.04,25,25,1.0
13,3.0,cell,UMP_Q_P4_excess_purity,0.4460773426637335,25,25,1.0
13,3.0,cell,UMP_Q_P4_excess_capture,0.4460773426637335,25,25,1.0
13,3.0,cell,UMP_Q_P4_largest_canonical_correlation,0.9851684120677446,25,25,1.0
13,3.0,cell,UMP_Q_P4_smallest_principal_angle,0.1723436696707457,25,25,1.0
13,3.0,cell,U4_Q_P4_dim_U,4.0,25,25,1.0
13,3.0,cell,U4_Q_P4_dim_Q,4.0,25,25,1.0
13,3.0,cell,U4_Q_P4_shared_energy,1.9443093706549337,25,25,1.0
13,3.0,cell,U4_Q_P4_purity,0.4860773426637334,25,25,1.0
13,3.0,cell,U4_Q_P4_capture,0.4860773426637334,25,25,1.0
13,3.0,cell,U4_Q_P4_expected_random_purity,0.04,25,25,1.0
13,3.0,cell,U4_Q_P4_expected_random_capture,0.04,25,25,1.0
13,3.0,cell,U4_Q_P4_excess_purity,0.4460773426637335,25,25,1.0
13,3.0,cell,U4_Q_P4_excess_capture,0.4460773426637335,25,25,1.0
13,3.0,cell,U4_Q_P4_largest_canonical_correlation,0.9851684120677446,25,25,1.0
13,3.0,cell,U4_Q_P4_smallest_principal_angle,0.1723436696707457,25,25,1.0
13,3.0,cell,QR_Q_F_dim_U,3.0,25,25,1.0
13,3.0,cell,QR_Q_F_dim_Q,5.0,25,25,1.0
13,3.0,cell,QR_Q_F_shared_energy,2.9926960404257836,25,25,1.0
13,3.0,cell,QR_Q_F_purity,0.9975653468085945,25,25,1.0
13,3.0,cell,QR_Q_F_capture,0.5985392080851567,25,25,1.0
13,3.0,cell,QR_Q_F_expected_random_purity,0.05000000000000001,25,25,1.0
13,3.0,cell,QR_Q_F_expected_random_capture,0.03,25,25,1.0
13,3.0,cell,QR_Q_F_excess_purity,0.9475653468085945,25,25,1.0
13,3.0,cell,QR_Q_F_excess_capture,0.5685392080851568,25,25,1.0
13,3.0,cell,QR_Q_F_largest_canonical_correlation,0.9994763959238093,25,25,1.0
13,3.0,cell,QR_Q_F_smallest_principal_angle,0.032335616145135415,25,25,1.0
13,3.0,cell,QR_Q_C_dim_U,3.0,25,25,1.0
13,3.0,cell,QR_Q_C_dim_Q,3.0,25,25,1.0
13,3.0,cell,QR_Q_C_shared_energy,0.0902876128879551,25,25,1.0
13,3.0,cell,QR_Q_C_purity,0.03009587096265166,25,25,1.0
13,3.0,cell,QR_Q_C_capture,0.03009587096265166,25,25,1.0
13,3.0,cell,QR_Q_C_expected_random_purity,0.03,25,25,1.0
13,3.0,cell,QR_Q_C_expected_random_capture,0.03,25,25,1.0
13,3.0,cell,QR_Q_C_excess_purity,9.587096265170392e-05,25,25,1.0
13,3.0,cell,QR_Q_C_excess_capture,9.587096265170392e-05,25,25,1.0
13,3.0,cell,QR_Q_C_largest_canonical_correlation,0.29234692396161654,25,25,1.0
13,3.0,cell,QR_Q_C_smallest_principal_angle,1.2740944283968916,25,25,1.0
13,3.0,cell,QR_Q_C_unique_dim_U,3.0,25,25,1.0
13,3.0,cell,QR_Q_C_unique_dim_Q,3.0,25,25,1.0
13,3.0,cell,QR_Q_C_unique_shared_energy,0.0015727383998407,25,25,1.0
13,3.0,cell,QR_Q_C_unique_purity,0.000524246133280196,25,25,1.0
13,3.0,cell,QR_Q_C_unique_capture,0.000524246133280196,25,25,1.0
13,3.0,cell,QR_Q_C_unique_expected_random_purity,0.03,25,25,1.0
13,3.0,cell,QR_Q_C_unique_expected_random_capture,0.03,25,25,1.0
13,3.0,cell,QR_Q_C_unique_excess_purity,-0.029475753866719703,25,25,1.0
13,3.0,cell,QR_Q_C_unique_excess_capture,-0.029475753866719703,25,25,1.0
13,3.0,cell,QR_Q_C_unique_largest_canonical_correlation,0.03485706416951824,25,25,1.0
13,3.0,cell,QR_Q_C_unique_smallest_principal_angle,1.5359301380976698,25,25,1.0
13,3.0,cell,QR_Q_C_full_dim_U,3.0,25,25,1.0
13,3.0,cell,QR_Q_C_full_dim_Q,4.0,25,25,1.0
13,3.0,cell,QR_Q_C_full_shared_energy,0.09638692165992038,25,25,1.0
13,3.0,cell,QR_Q_C_full_purity,0.03212897388664011,25,25,1.0
13,3.0,cell,QR_Q_C_full_capture,0.024096730414980057,25,25,1.0
13,3.0,cell,QR_Q_C_full_expected_random_purity,0.04,25,25,1.0
13,3.0,cell,QR_Q_C_full_expected_random_capture,0.03,25,25,1.0
13,3.0,cell,QR_Q_C_full_excess_purity,-0.007871026113359795,25,25,1.0
13,3.0,cell,QR_Q_C_full_excess_capture,-0.005903269585019851,25,25,1.0
13,3.0,cell,QR_Q_C_full_largest_canonical_correlation,0.2969218148925417,25,25,1.0
13,3.0,cell,QR_Q_C_full_smallest_principal_angle,1.269318076184911,25,25,1.0
13,3.0,cell,QR_Q_P4_dim_U,3.0,25,25,1.0
13,3.0,cell,QR_Q_P4_dim_Q,4.0,25,25,1.0
13,3.0,cell,QR_Q_P4_shared_energy,0.09865800776584849,25,25,1.0
13,3.0,cell,QR_Q_P4_purity,0.03288600258861612,25,25,1.0
13,3.0,cell,QR_Q_P4_capture,0.02466450194146207,25,25,1.0
13,3.0,cell,QR_Q_P4_expected_random_purity,0.04,25,25,1.0
13,3.0,cell,QR_Q_P4_expected_random_capture,0.03,25,25,1.0
13,3.0,cell,QR_Q_P4_excess_purity,-0.0071139974113837885,25,25,1.0
13,3.0,cell,QR_Q_P4_excess_capture,-0.005335498058537824,25,25,1.0
13,3.0,cell,QR_Q_P4_largest_canonical_correlation,0.30837855532027353,25,25,1.0
13,3.0,cell,QR_Q_P4_smallest_principal_angle,1.2572926305161196,25,25,1.0
13,5.0,cell,UMP_Q_F_dim_U,2.0,25,25,1.0
13,5.0,cell,UMP_Q_F_dim_Q,5.0,25,25,1.0
13,5.0,cell,UMP_Q_F_shared_energy,0.03653737853184328,25,25,1.0
13,5.0,cell,UMP_Q_F_purity,0.018268689265921612,25,25,1.0
13,5.0,cell,UMP_Q_F_capture,0.007307475706368611,25,25,1.0
13,5.0,cell,UMP_Q_F_expected_random_purity,0.05000000000000001,25,25,1.0
13,5.0,cell,UMP_Q_F_expected_random_capture,0.02,25,25,1.0
13,5.0,cell,UMP_Q_F_excess_purity,-0.031731310734078304,25,25,1.0
13,5.0,cell,UMP_Q_F_excess_capture,-0.012692524293631291,25,25,1.0
13,5.0,cell,UMP_Q_F_largest_canonical_correlation,0.18458394346010756,25,25,1.0
13,5.0,cell,UMP_Q_F_smallest_principal_angle,1.385125265410818,25,25,1.0
13,5.0,cell,U4_Q_F_dim_U,4.0,25,25,1.0
13,5.0,cell,U4_Q_F_dim_Q,5.0,25,25,1.0
13,5.0,cell,U4_Q_F_shared_energy,0.03726277394654137,25,25,1.0
13,5.0,cell,U4_Q_F_purity,0.009315693486635308,25,25,1.0
13,5.0,cell,U4_Q_F_capture,0.007452554789308235,25,25,1.0
13,5.0,cell,U4_Q_F_expected_random_purity,0.05000000000000001,25,25,1.0
13,5.0,cell,U4_Q_F_expected_random_capture,0.04,25,25,1.0
13,5.0,cell,U4_Q_F_excess_purity,-0.0406843065133646,25,25,1.0
13,5.0,cell,U4_Q_F_excess_capture,-0.03254744521069167,25,25,1.0
13,5.0,cell,U4_Q_F_largest_canonical_correlation,0.18544276137953802,25,25,1.0
13,5.0,cell,U4_Q_F_smallest_principal_angle,1.3842525767787024,25,25,1.0
13,5.0,cell,UMP_Q_F_unique_dim_U,2.0,25,25,1.0
13,5.0,cell,UMP_Q_F_unique_dim_Q,5.0,25,25,1.0
13,5.0,cell,UMP_Q_F_unique_shared_energy,0.15463821518287482,25,25,1.0
13,5.0,cell,UMP_Q_F_unique_purity,0.07731910759143738,25,25,1.0
13,5.0,cell,UMP_Q_F_unique_capture,0.030927643036574925,25,25,1.0
13,5.0,cell,UMP_Q_F_unique_expected_random_purity,0.05000000000000001,25,25,1.0
13,5.0,cell,UMP_Q_F_unique_expected_random_capture,0.02,25,25,1.0
13,5.0,cell,UMP_Q_F_unique_excess_purity,0.027319107591437377,25,25,1.0
13,5.0,cell,UMP_Q_F_unique_excess_capture,0.010927643036574926,25,25,1.0
13,5.0,cell,UMP_Q_F_unique_largest_canonical_correlation,0.3349371850996121,25,25,1.0
13,5.0,cell,UMP_Q_F_unique_smallest_principal_angle,1.2292174247439123,25,25,1.0
13,5.0,cell,U4_Q_F_unique_dim_U,4.0,25,25,1.0
13,5.0,cell,U4_Q_F_unique_dim_Q,5.0,25,25,1.0
13,5.0,cell,U4_Q_F_unique_shared_energy,0.18810261844975412,25,25,1.0
13,5.0,cell,U4_Q_F_unique_purity,0.0470256546124385,25,25,1.0
13,5.0,cell,U4_Q_F_unique_capture,0.03762052368995079,25,25,1.0
13,5.0,cell,U4_Q_F_unique_expected_random_purity,0.05000000000000001,25,25,1.0
13,5.0,cell,U4_Q_F_unique_expected_random_capture,0.04,25,25,1.0
13,5.0,cell,U4_Q_F_unique_excess_purity,-0.002974345387561424,25,25,1.0
13,5.0,cell,U4_Q_F_unique_excess_capture,-0.00237947631004912,25,25,1.0
13,5.0,cell,U4_Q_F_unique_largest_canonical_correlation,0.3532126588177659,25,25,1.0
13,5.0,cell,U4_Q_F_unique_smallest_principal_angle,1.209760347528371,25,25,1.0
13,5.0,cell,UMP_Q_C_dim_U,2.0,25,25,1.0
13,5.0,cell,UMP_Q_C_dim_Q,3.0,25,25,1.0
13,5.0,cell,UMP_Q_C_shared_energy,1.2417396266833616,25,25,1.0
13,5.0,cell,UMP_Q_C_purity,0.6208698133416808,25,25,1.0
13,5.0,cell,UMP_Q_C_capture,0.41391320889445377,25,25,1.0
13,5.0,cell,UMP_Q_C_expected_random_purity,0.03,25,25,1.0
13,5.0,cell,UMP_Q_C_expected_random_capture,0.02,25,25,1.0
13,5.0,cell,UMP_Q_C_excess_purity,0.5908698133416808,25,25,1.0
13,5.0,cell,UMP_Q_C_excess_capture,0.39391320889445375,25,25,1.0
13,5.0,cell,UMP_Q_C_largest_canonical_correlation,0.9415849523886568,25,25,1.0
13,5.0,cell,UMP_Q_C_smallest_principal_angle,0.3431710517770757,25,25,1.0
13,5.0,cell,U4_Q_C_dim_U,4.0,25,25,1.0
13,5.0,cell,U4_Q_C_dim_Q,3.0,25,25,1.0
13,5.0,cell,U4_Q_C_shared_energy,1.550026897258032,25,25,1.0
13,5.0,cell,U4_Q_C_purity,0.38750672431450794,25,25,1.0
13,5.0,cell,U4_Q_C_capture,0.516675632419344,25,25,1.0
13,5.0,cell,U4_Q_C_expected_random_purity,0.03,25,25,1.0
13,5.0,cell,U4_Q_C_expected_random_capture,0.04,25,25,1.0
13,5.0,cell,U4_Q_C_excess_purity,0.35750672431450803,25,25,1.0
13,5.0,cell,U4_Q_C_excess_capture,0.47667563241934396,25,25,1.0
13,5.0,cell,U4_Q_C_largest_canonical_correlation,0.9420856834979591,25,25,1.0
13,5.0,cell,U4_Q_C_smallest_principal_angle,0.34171139127728084,25,25,1.0
13,5.0,cell,UMP_Q_C_unique_dim_U,2.0,25,25,1.0
13,5.0,cell,UMP_Q_C_unique_dim_Q,3.0,25,25,1.0
13,5.0,cell,UMP_Q_C_unique_shared_energy,1.359840463334392,25,25,1.0
13,5.0,cell,UMP_Q_C_unique_purity,0.679920231667196,25,25,1.0
13,5.0,cell,UMP_Q_C_unique_capture,0.45328015444479725,25,25,1.0
13,5.0,cell,UMP_Q_C_unique_expected_random_purity,0.03,25,25,1.0
13,5.0,cell,UMP_Q_C_unique_expected_random_capture,0.02,25,25,1.0
13,5.0,cell,UMP_Q_C_unique_excess_purity,0.6499202316671959,25,25,1.0
13,5.0,cell,UMP_Q_C_unique_excess_capture,0.43328015444479717,25,25,1.0
13,5.0,cell,UMP_Q_C_unique_largest_canonical_correlation,0.9714214839261777,25,25,1.0
13,5.0,cell,UMP_Q_C_unique_smallest_principal_angle,0.23919135627070268,25,25,1.0
13,5.0,cell,U4_Q_C_unique_dim_U,4.0,25,25,1.0
13,5.0,cell,U4_Q_C_unique_dim_Q,3.0,25,25,1.0
13,5.0,cell,U4_Q_C_unique_shared_energy,1.7008667417612429,25,25,1.0
13,5.0,cell,U4_Q_C_unique_purity,0.4252166854403107,25,25,1.0
13,5.0,cell,U4_Q_C_unique_capture,0.566955580587081,25,25,1.0
13,5.0,cell,U4_Q_C_unique_expected_random_purity,0.03,25,25,1.0
13,5.0,cell,U4_Q_C_unique_expected_random_capture,0.04,25,25,1.0
13,5.0,cell,U4_Q_C_unique_excess_purity,0.39521668544031063,25,25,1.0
13,5.0,cell,U4_Q_C_unique_excess_capture,0.5269555805870809,25,25,1.0
13,5.0,cell,U4_Q_C_unique_largest_canonical_correlation,0.9717619517084104,25,25,1.0
13,5.0,cell,U4_Q_C_unique_smallest_principal_angle,0.2377962885938307,25,25,1.0
13,5.0,cell,UMP_Q_C_full_dim_U,2.0,25,25,1.0
13,5.0,cell,UMP_Q_C_full_dim_Q,4.0,25,25,1.0
13,5.0,cell,UMP_Q_C_full_shared_energy,1.7361262059950782,25,25,1.0
13,5.0,cell,UMP_Q_C_full_purity,0.8680631029975391,25,25,1.0
13,5.0,cell,UMP_Q_C_full_capture,0.43403155149876943,25,25,1.0
13,5.0,cell,UMP_Q_C_full_expected_random_purity,0.04,25,25,1.0
13,5.0,cell,UMP_Q_C_full_expected_random_capture,0.02,25,25,1.0
13,5.0,cell,UMP_Q_C_full_excess_purity,0.8280631029975389,25,25,1.0
13,5.0,cell,UMP_Q_C_full_excess_capture,0.41403155149876947,25,25,1.0
13,5.0,cell,UMP_Q_C_full_largest_canonical_correlation,0.9447222548555138,25,25,1.0
13,5.0,cell,UMP_Q_C_full_smallest_principal_angle,0.3337502295326841,25,25,1.0
13,5.0,cell,U4_Q_C_full_dim_U,4.0,25,25,1.0
13,5.0,cell,U4_Q_C_full_dim_Q,4.0,25,25,1.0
13,5.0,cell,U4_Q_C_full_shared_energy,2.1366412996922284,25,25,1.0
13,5.0,cell,U4_Q_C_full_purity,0.534160324923057,25,25,1.0
13,5.0,cell,U4_Q_C_full_capture,0.534160324923057,25,25,1.0
13,5.0,cell,U4_Q_C_full_expected_random_purity,0.04,25,25,1.0
13,5.0,cell,U4_Q_C_full_expected_random_capture,0.04,25,25,1.0
13,5.0,cell,U4_Q_C_full_excess_purity,0.49416032492305695,25,25,1.0
13,5.0,cell,U4_Q_C_full_excess_capture,0.49416032492305695,25,25,1.0
13,5.0,cell,U4_Q_C_full_largest_canonical_correlation,0.9451349863182705,25,25,1.0
13,5.0,cell,U4_Q_C_full_smallest_principal_angle,0.33249732940770643,25,25,1.0
13,5.0,cell,UMP_Q_P4_dim_U,2.0,25,25,1.0
13,5.0,cell,UMP_Q_P4_dim_Q,4.0,25,25,1.0
13,5.0,cell,UMP_Q_P4_shared_energy,1.7650658092434925,25,25,1.0
13,5.0,cell,UMP_Q_P4_purity,0.8825329046217463,25,25,1.0
13,5.0,cell,UMP_Q_P4_capture,0.4412664523108731,25,25,1.0
13,5.0,cell,UMP_Q_P4_expected_random_purity,0.04,25,25,1.0
13,5.0,cell,UMP_Q_P4_expected_random_capture,0.02,25,25,1.0
13,5.0,cell,UMP_Q_P4_excess_purity,0.8425329046217462,25,25,1.0
13,5.0,cell,UMP_Q_P4_excess_capture,0.421266452310873,25,25,1.0
13,5.0,cell,UMP_Q_P4_largest_canonical_correlation,0.9510883757042857,25,25,1.0
13,5.0,cell,UMP_Q_P4_smallest_principal_angle,0.3134891472462586,25,25,1.0
13,5.0,cell,U4_Q_P4_dim_U,4.0,25,25,1.0
13,5.0,cell,U4_Q_P4_dim_Q,4.0,25,25,1.0
13,5.0,cell,U4_Q_P4_shared_energy,2.1803569006746746,25,25,1.0
13,5.0,cell,U4_Q_P4_purity,0.5450892251686686,25,25,1.0
13,5.0,cell,U4_Q_P4_capture,0.5450892251686686,25,25,1.0
13,5.0,cell,U4_Q_P4_expected_random_purity,0.04,25,25,1.0
13,5.0,cell,U4_Q_P4_expected_random_capture,0.04,25,25,1.0
13,5.0,cell,U4_Q_P4_excess_purity,0.5050892251686687,25,25,1.0
13,5.0,cell,U4_Q_P4_excess_capture,0.5050892251686687,25,25,1.0
13,5.0,cell,U4_Q_P4_largest_canonical_correlation,0.9516202837817177,25,25,1.0
13,5.0,cell,U4_Q_P4_smallest_principal_angle,0.311733459884233,25,25,1.0
13,5.0,cell,QR_Q_F_dim_U,5.0,25,25,1.0
13,5.0,cell,QR_Q_F_dim_Q,5.0,25,25,1.0
13,5.0,cell,QR_Q_F_shared_energy,4.955302742724918,25,25,1.0
13,5.0,cell,QR_Q_F_purity,0.9910605485449835,25,25,1.0
13,5.0,cell,QR_Q_F_capture,0.9910605485449835,25,25,1.0
13,5.0,cell,QR_Q_F_expected_random_purity,0.05000000000000001,25,25,1.0
13,5.0,cell,QR_Q_F_expected_random_capture,0.05000000000000001,25,25,1.0
13,5.0,cell,QR_Q_F_excess_purity,0.9410605485449836,25,25,1.0
13,5.0,cell,QR_Q_F_excess_capture,0.9410605485449836,25,25,1.0
13,5.0,cell,QR_Q_F_largest_canonical_correlation,0.9994876980386644,25,25,1.0
13,5.0,cell,QR_Q_F_smallest_principal_angle,0.03198446109575325,25,25,1.0
13,5.0,cell,QR_Q_C_dim_U,5.0,25,25,1.0
13,5.0,cell,QR_Q_C_dim_Q,3.0,25,25,1.0
13,5.0,cell,QR_Q_C_shared_energy,0.23699365318522317,25,25,1.0
13,5.0,cell,QR_Q_C_purity,0.047398730637044605,25,25,1.0
13,5.0,cell,QR_Q_C_capture,0.07899788439507437,25,25,1.0
13,5.0,cell,QR_Q_C_expected_random_purity,0.03,25,25,1.0
13,5.0,cell,QR_Q_C_expected_random_capture,0.05000000000000001,25,25,1.0
13,5.0,cell,QR_Q_C_excess_purity,0.017398730637044602,25,25,1.0
13,5.0,cell,QR_Q_C_excess_capture,0.028997884395074357,25,25,1.0
13,5.0,cell,QR_Q_C_largest_canonical_correlation,0.3876068892209396,25,25,1.0
13,5.0,cell,QR_Q_C_smallest_principal_angle,1.1727569614855942,25,25,1.0
13,5.0,cell,QR_Q_C_unique_dim_U,5.0,25,25,1.0
13,5.0,cell,QR_Q_C_unique_dim_Q,3.0,25,25,1.0
13,5.0,cell,QR_Q_C_unique_shared_energy,0.023971172097610287,25,25,1.0
13,5.0,cell,QR_Q_C_unique_purity,0.004794234419522016,25,25,1.0
13,5.0,cell,QR_Q_C_unique_capture,0.007990390699203409,25,25,1.0
13,5.0,cell,QR_Q_C_unique_expected_random_purity,0.03,25,25,1.0
13,5.0,cell,QR_Q_C_unique_expected_random_capture,0.05000000000000001,25,25,1.0
13,5.0,cell,QR_Q_C_unique_excess_purity,-0.025205765580477886,25,25,1.0
13,5.0,cell,QR_Q_C_unique_excess_capture,-0.04200960930079649,25,25,1.0
13,5.0,cell,QR_Q_C_unique_largest_canonical_correlation,0.14880747908908154,25,25,1.0
13,5.0,cell,QR_Q_C_unique_smallest_principal_angle,1.4214202294974905,25,25,1.0
13,5.0,cell,QR_Q_C_full_dim_U,5.0,25,25,1.0
13,5.0,cell,QR_Q_C_full_dim_Q,4.0,25,25,1.0
13,5.0,cell,QR_Q_C_full_shared_energy,0.28540015793343015,25,25,1.0
13,5.0,cell,QR_Q_C_full_purity,0.05708003158668598,25,25,1.0
13,5.0,cell,QR_Q_C_full_capture,0.07135003948335752,25,25,1.0
13,5.0,cell,QR_Q_C_full_expected_random_purity,0.04,25,25,1.0
13,5.0,cell,QR_Q_C_full_expected_random_capture,0.05000000000000001,25,25,1.0
13,5.0,cell,QR_Q_C_full_excess_purity,0.017080031586685987,25,25,1.0
13,5.0,cell,QR_Q_C_full_excess_capture,0.02135003948335751,25,25,1.0
13,5.0,cell,QR_Q_C_full_largest_canonical_correlation,0.39183311150957584,25,25,1.0
13,5.0,cell,QR_Q_C_full_smallest_principal_angle,1.1681665585487204,25,25,1.0
13,5.0,cell,QR_Q_P4_dim_U,5.0,25,25,1.0
13,5.0,cell,QR_Q_P4_dim_Q,4.0,25,25,1.0
13,5.0,cell,QR_Q_P4_shared_energy,0.28964809411096754,25,25,1.0
13,5.0,cell,QR_Q_P4_purity,0.05792961882219345,25,25,1.0
13,5.0,cell,QR_Q_P4_capture,0.07241202352774184,25,25,1.0
13,5.0,cell,QR_Q_P4_expected_random_purity,0.04,25,25,1.0
13,5.0,cell,QR_Q_P4_expected_random_capture,0.05000000000000001,25,25,1.0
13,5.0,cell,QR_Q_P4_excess_purity,0.017929618822193457,25,25,1.0
13,5.0,cell,QR_Q_P4_excess_capture,0.022412023527741833,25,25,1.0
13,5.0,cell,QR_Q_P4_largest_canonical_correlation,0.3954597100134057,25,25,1.0
13,5.0,cell,QR_Q_P4_smallest_principal_angle,1.1642198183486006,25,25,1.0
13,7.0,cell,UMP_Q_F_dim_U,2.16,25,25,1.0
13,7.0,cell,UMP_Q_F_dim_Q,5.0,25,25,1.0
13,7.0,cell,UMP_Q_F_shared_energy,0.000536530449873484,25,25,1.0
13,7.0,cell,UMP_Q_F_purity,0.00025501486879393065,25,25,1.0
13,7.0,cell,UMP_Q_F_capture,0.00010730608997467267,25,25,1.0
13,7.0,cell,UMP_Q_F_expected_random_purity,0.05000000000000001,25,25,1.0
13,7.0,cell,UMP_Q_F_expected_random_capture,0.0216,25,25,1.0
13,7.0,cell,UMP_Q_F_excess_purity,-0.049744985131205975,25,25,1.0
13,7.0,cell,UMP_Q_F_excess_capture,-0.021492693910025253,25,25,1.0
13,7.0,cell,UMP_Q_F_largest_canonical_correlation,0.019900203669883435,25,25,1.0
13,7.0,cell,UMP_Q_F_smallest_principal_angle,1.5508946795570406,25,25,1.0
13,7.0,cell,U4_Q_F_dim_U,4.0,25,25,1.0
13,7.0,cell,U4_Q_F_dim_Q,5.0,25,25,1.0
13,7.0,cell,U4_Q_F_shared_energy,0.000862453167969296,25,25,1.0
13,7.0,cell,U4_Q_F_purity,0.00021561329199228397,25,25,1.0
13,7.0,cell,U4_Q_F_capture,0.000172490633593816,25,25,1.0
13,7.0,cell,U4_Q_F_expected_random_purity,0.05000000000000001,25,25,1.0
13,7.0,cell,U4_Q_F_expected_random_capture,0.04,25,25,1.0
13,7.0,cell,U4_Q_F_excess_purity,-0.04978438670800761,25,25,1.0
13,7.0,cell,U4_Q_F_excess_capture,-0.03982750936640609,25,25,1.0
13,7.0,cell,U4_Q_F_largest_canonical_correlation,0.021866883028341087,25,25,1.0
13,7.0,cell,U4_Q_F_smallest_principal_angle,1.5489276434950432,25,25,1.0
13,7.0,cell,UMP_Q_F_unique_dim_U,2.16,25,25,1.0
13,7.0,cell,UMP_Q_F_unique_dim_Q,5.0,25,25,1.0
13,7.0,cell,UMP_Q_F_unique_shared_energy,0.020878483449315654,25,25,1.0
13,7.0,cell,UMP_Q_F_unique_purity,0.010947188066982184,25,25,1.0
13,7.0,cell,UMP_Q_F_unique_capture,0.004175696689863099,25,25,1.0
13,7.0,cell,UMP_Q_F_unique_expected_random_purity,0.05000000000000001,25,25,1.0
13,7.0,cell,UMP_Q_F_unique_expected_random_capture,0.0216,25,25,1.0
13,7.0,cell,UMP_Q_F_unique_excess_purity,-0.039052811933017725,25,25,1.0
13,7.0,cell,UMP_Q_F_unique_excess_capture,-0.017424303310136804,25,25,1.0
13,7.0,cell,UMP_Q_F_unique_largest_canonical_correlation,0.1423830749992998,25,25,1.0
13,7.0,cell,UMP_Q_F_unique_smallest_principal_angle,1.4279035826097373,25,25,1.0
13,7.0,cell,U4_Q_F_unique_dim_U,4.0,25,25,1.0
13,7.0,cell,U4_Q_F_unique_dim_Q,5.0,25,25,1.0
13,7.0,cell,U4_Q_F_unique_shared_energy,0.02558600553936541,25,25,1.0
13,7.0,cell,U4_Q_F_unique_purity,0.006396501384841316,25,25,1.0
13,7.0,cell,U4_Q_F_unique_capture,0.005117201107873044,25,25,1.0
13,7.0,cell,U4_Q_F_unique_expected_random_purity,0.05000000000000001,25,25,1.0
13,7.0,cell,U4_Q_F_unique_expected_random_capture,0.04,25,25,1.0
13,7.0,cell,U4_Q_F_unique_excess_purity,-0.04360349861515861,25,25,1.0
13,7.0,cell,U4_Q_F_unique_excess_capture,-0.03488279889212687,25,25,1.0
13,7.0,cell,U4_Q_F_unique_largest_canonical_correlation,0.15728353715946136,25,25,1.0
13,7.0,cell,U4_Q_F_unique_smallest_principal_angle,1.4128386029960436,25,25,1.0
13,7.0,cell,UMP_Q_C_dim_U,2.16,25,25,1.0
13,7.0,cell,UMP_Q_C_dim_Q,3.0,25,25,1.0
13,7.0,cell,UMP_Q_C_shared_energy,0.18164369047253043,25,25,1.0
13,7.0,cell,UMP_Q_C_purity,0.09508738100569372,25,25,1.0
13,7.0,cell,UMP_Q_C_capture,0.06054789682417677,25,25,1.0
13,7.0,cell,UMP_Q_C_expected_random_purity,0.03,25,25,1.0
13,7.0,cell,UMP_Q_C_expected_random_capture,0.0216,25,25,1.0
13,7.0,cell,UMP_Q_C_excess_purity,0.06508738100569372,25,25,1.0
13,7.0,cell,UMP_Q_C_excess_capture,0.03894789682417678,25,25,1.0
13,7.0,cell,UMP_Q_C_largest_canonical_correlation,0.4059015627715023,25,25,1.0
13,7.0,cell,UMP_Q_C_smallest_principal_angle,1.1512421700872173,25,25,1.0
13,7.0,cell,U4_Q_C_dim_U,4.0,25,25,1.0
13,7.0,cell,U4_Q_C_dim_Q,3.0,25,25,1.0
13,7.0,cell,U4_Q_C_shared_energy,0.23458308484819046,25,25,1.0
13,7.0,cell,U4_Q_C_purity,0.05864577121204757,25,25,1.0
13,7.0,cell,U4_Q_C_capture,0.07819436161606345,25,25,1.0
13,7.0,cell,U4_Q_C_expected_random_purity,0.03,25,25,1.0
13,7.0,cell,U4_Q_C_expected_random_capture,0.04,25,25,1.0
13,7.0,cell,U4_Q_C_excess_purity,0.028645771212047574,25,25,1.0
13,7.0,cell,U4_Q_C_excess_capture,0.038194361616063446,25,25,1.0
13,7.0,cell,U4_Q_C_largest_canonical_correlation,0.43160305231295426,25,25,1.0
13,7.0,cell,U4_Q_C_smallest_principal_angle,1.1231983865955042,25,25,1.0
13,7.0,cell,UMP_Q_C_unique_dim_U,2.16,25,25,1.0
13,7.0,cell,UMP_Q_C_unique_dim_Q,3.0,25,25,1.0
13,7.0,cell,UMP_Q_C_unique_shared_energy,0.20198564347197234,25,25,1.0
13,7.0,cell,UMP_Q_C_unique_purity,0.1057795542038818,25,25,1.0
13,7.0,cell,UMP_Q_C_unique_capture,0.06732854782399073,25,25,1.0
13,7.0,cell,UMP_Q_C_unique_expected_random_purity,0.03,25,25,1.0
13,7.0,cell,UMP_Q_C_unique_expected_random_capture,0.0216,25,25,1.0
13,7.0,cell,UMP_Q_C_unique_excess_purity,0.0757795542038818,25,25,1.0
13,7.0,cell,UMP_Q_C_unique_excess_capture,0.04572854782399073,25,25,1.0
13,7.0,cell,UMP_Q_C_unique_largest_canonical_correlation,0.4297979643579767,25,25,1.0
13,7.0,cell,UMP_Q_C_unique_smallest_principal_angle,1.1247280423211807,25,25,1.0
13,7.0,cell,U4_Q_C_unique_dim_U,4.0,25,25,1.0
13,7.0,cell,U4_Q_C_unique_dim_Q,3.0,25,25,1.0
13,7.0,cell,U4_Q_C_unique_shared_energy,0.2593066372195862,25,25,1.0
13,7.0,cell,U4_Q_C_unique_purity,0.0648266593048965,25,25,1.0
13,7.0,cell,U4_Q_C_unique_capture,0.08643554573986205,25,25,1.0
13,7.0,cell,U4_Q_C_unique_expected_random_purity,0.03,25,25,1.0
13,7.0,cell,U4_Q_C_unique_expected_random_capture,0.04,25,25,1.0
13,7.0,cell,U4_Q_C_unique_excess_purity,0.034826659304896514,25,25,1.0
13,7.0,cell,U4_Q_C_unique_excess_capture,0.04643554573986203,25,25,1.0
13,7.0,cell,U4_Q_C_unique_largest_canonical_correlation,0.45837776516283674,25,25,1.0
13,7.0,cell,U4_Q_C_unique_smallest_principal_angle,1.093171868437165,25,25,1.0
13,7.0,cell,UMP_Q_C_full_dim_U,2.16,25,25,1.0
13,7.0,cell,UMP_Q_C_full_dim_Q,4.0,25,25,1.0
13,7.0,cell,UMP_Q_C_full_shared_energy,0.23213866790376492,25,25,1.0
13,7.0,cell,UMP_Q_C_full_purity,0.11873159997799698,25,25,1.0
13,7.0,cell,UMP_Q_C_full_capture,0.05803466697594119,25,25,1.0
13,7.0,cell,UMP_Q_C_full_expected_random_purity,0.04,25,25,1.0
13,7.0,cell,UMP_Q_C_full_expected_random_capture,0.0216,25,25,1.0
13,7.0,cell,UMP_Q_C_full_excess_purity,0.07873159997799699,25,25,1.0
13,7.0,cell,UMP_Q_C_full_excess_capture,0.03643466697594119,25,25,1.0
13,7.0,cell,UMP_Q_C_full_largest_canonical_correlation,0.4629323262636376,25,25,1.0
13,7.0,cell,UMP_Q_C_full_smallest_principal_angle,1.0882298618335289,25,25,1.0
13,7.0,cell,U4_Q_C_full_dim_U,4.0,25,25,1.0
13,7.0,cell,U4_Q_C_full_dim_Q,4.0,25,25,1.0
13,7.0,cell,U4_Q_C_full_shared_energy,0.3214641958427413,25,25,1.0
13,7.0,cell,U4_Q_C_full_purity,0.08036604896068528,25,25,1.0
13,7.0,cell,U4_Q_C_full_capture,0.08036604896068528,25,25,1.0
13,7.0,cell,U4_Q_C_full_expected_random_purity,0.04,25,25,1.0
13,7.0,cell,U4_Q_C_full_expected_random_capture,0.04,25,25,1.0
13,7.0,cell,U4_Q_C_full_excess_purity,0.04036604896068529,25,25,1.0
13,7.0,cell,U4_Q_C_full_excess_capture,0.04036604896068529,25,25,1.0
13,7.0,cell,U4_Q_C_full_largest_canonical_correlation,0.5064777393584703,25,25,1.0
13,7.0,cell,U4_Q_C_full_smallest_principal_angle,1.0388879944725262,25,25,1.0
13,7.0,cell,UMP_Q_P4_dim_U,2.16,25,25,1.0
13,7.0,cell,UMP_Q_P4_dim_Q,4.0,25,25,1.0
13,7.0,cell,UMP_Q_P4_shared_energy,0.25822484413780794,25,25,1.0
13,7.0,cell,UMP_Q_P4_purity,0.1337831248238449,25,25,1.0
13,7.0,cell,UMP_Q_P4_capture,0.06455621103445196,25,25,1.0
13,7.0,cell,UMP_Q_P4_expected_random_purity,0.04,25,25,1.0
13,7.0,cell,UMP_Q_P4_expected_random_capture,0.0216,25,25,1.0
13,7.0,cell,UMP_Q_P4_excess_purity,0.0937831248238449,25,25,1.0
13,7.0,cell,UMP_Q_P4_excess_capture,0.04295621103445196,25,25,1.0
13,7.0,cell,UMP_Q_P4_largest_canonical_correlation,0.49016627588128886,25,25,1.0
13,7.0,cell,UMP_Q_P4_smallest_principal_angle,1.0575332768814787,25,25,1.0
13,7.0,cell,U4_Q_P4_dim_U,4.0,25,25,1.0
13,7.0,cell,U4_Q_P4_dim_Q,4.0,25,25,1.0
13,7.0,cell,U4_Q_P4_shared_energy,0.3368217056106127,25,25,1.0
13,7.0,cell,U4_Q_P4_purity,0.08420542640265313,25,25,1.0
13,7.0,cell,U4_Q_P4_capture,0.08420542640265313,25,25,1.0
13,7.0,cell,U4_Q_P4_expected_random_purity,0.04,25,25,1.0
13,7.0,cell,U4_Q_P4_expected_random_capture,0.04,25,25,1.0
13,7.0,cell,U4_Q_P4_excess_purity,0.04420542640265313,25,25,1.0
13,7.0,cell,U4_Q_P4_excess_capture,0.04420542640265313,25,25,1.0
13,7.0,cell,U4_Q_P4_largest_canonical_correlation,0.5238945249450929,25,25,1.0
13,7.0,cell,U4_Q_P4_smallest_principal_angle,1.0188065196227527,25,25,1.0
13,7.0,cell,QR_Q_F_dim_U,7.0,25,25,1.0
13,7.0,cell,QR_Q_F_dim_Q,5.0,25,25,1.0
13,7.0,cell,QR_Q_F_shared_energy,4.986160842127822,25,25,1.0
13,7.0,cell,QR_Q_F_purity,0.7123086917325459,25,25,1.0
13,7.0,cell,QR_Q_F_capture,0.9972321684255644,25,25,1.0
13,7.0,cell,QR_Q_F_expected_random_purity,0.05000000000000001,25,25,1.0
13,7.0,cell,QR_Q_F_expected_random_capture,0.07,25,25,1.0
13,7.0,cell,QR_Q_F_excess_purity,0.6623086917325459,25,25,1.0
13,7.0,cell,QR_Q_F_excess_capture,0.9272321684255642,25,25,1.0
13,7.0,cell,QR_Q_F_largest_canonical_correlation,0.9995182350028725,25,25,1.0
13,7.0,cell,QR_Q_F_smallest_principal_angle,0.031009006488856787,25,25,1.0
13,7.0,cell,QR_Q_C_dim_U,7.0,25,25,1.0
13,7.0,cell,QR_Q_C_dim_Q,3.0,25,25,1.0
13,7.0,cell,QR_Q_C_shared_energy,1.4971537542393378,25,25,1.0
13,7.0,cell,QR_Q_C_purity,0.2138791077484768,25,25,1.0
13,7.0,cell,QR_Q_C_capture,0.4990512514131126,25,25,1.0
13,7.0,cell,QR_Q_C_expected_random_purity,0.03,25,25,1.0
13,7.0,cell,QR_Q_C_expected_random_capture,0.07,25,25,1.0
13,7.0,cell,QR_Q_C_excess_purity,0.18387910774847677,25,25,1.0
13,7.0,cell,QR_Q_C_excess_capture,0.42905125141311246,25,25,1.0
13,7.0,cell,QR_Q_C_largest_canonical_correlation,0.9820700574837004,25,25,1.0
13,7.0,cell,QR_Q_C_smallest_principal_angle,0.18957619034165218,25,25,1.0
13,7.0,cell,QR_Q_C_unique_dim_U,7.0,25,25,1.0
13,7.0,cell,QR_Q_C_unique_dim_Q,3.0,25,25,1.0
13,7.0,cell,QR_Q_C_unique_shared_energy,1.3984691423959577,25,25,1.0
13,7.0,cell,QR_Q_C_unique_purity,0.19978130605656538,25,25,1.0
13,7.0,cell,QR_Q_C_unique_capture,0.4661563807986526,25,25,1.0
13,7.0,cell,QR_Q_C_unique_expected_random_purity,0.03,25,25,1.0
13,7.0,cell,QR_Q_C_unique_expected_random_capture,0.07,25,25,1.0
13,7.0,cell,QR_Q_C_unique_excess_purity,0.16978130605656538,25,25,1.0
13,7.0,cell,QR_Q_C_unique_excess_capture,0.3961563807986526,25,25,1.0
13,7.0,cell,QR_Q_C_unique_largest_canonical_correlation,0.98143316392701,25,25,1.0
13,7.0,cell,QR_Q_C_unique_smallest_principal_angle,0.19291337457409277,25,25,1.0
13,7.0,cell,QR_Q_C_full_dim_U,7.0,25,25,1.0
13,7.0,cell,QR_Q_C_full_dim_Q,4.0,25,25,1.0
13,7.0,cell,QR_Q_C_full_shared_energy,2.0366934747983443,25,25,1.0
13,7.0,cell,QR_Q_C_full_purity,0.2909562106854777,25,25,1.0
13,7.0,cell,QR_Q_C_full_capture,0.5091733686995861,25,25,1.0
13,7.0,cell,QR_Q_C_full_expected_random_purity,0.04,25,25,1.0
13,7.0,cell,QR_Q_C_full_expected_random_capture,0.07,25,25,1.0
13,7.0,cell,QR_Q_C_full_excess_purity,0.2509562106854777,25,25,1.0
13,7.0,cell,QR_Q_C_full_excess_capture,0.439173368699586,25,25,1.0
13,7.0,cell,QR_Q_C_full_largest_canonical_correlation,0.9844961280925029,25,25,1.0
13,7.0,cell,QR_Q_C_full_smallest_principal_angle,0.1762862203517668,25,25,1.0
13,7.0,cell,QR_Q_P4_dim_U,7.0,25,25,1.0
13,7.0,cell,QR_Q_P4_dim_Q,4.0,25,25,1.0
13,7.0,cell,QR_Q_P4_shared_energy,2.0719017119335272,25,25,1.0
13,7.0,cell,QR_Q_P4_purity,0.2959859588476468,25,25,1.0
13,7.0,cell,QR_Q_P4_capture,0.5179754279833818,25,25,1.0
13,7.0,cell,QR_Q_P4_expected_random_purity,0.04,25,25,1.0
13,7.0,cell,QR_Q_P4_expected_random_capture,0.07,25,25,1.0
13,7.0,cell,QR_Q_P4_excess_purity,0.2559859588476468,25,25,1.0
13,7.0,cell,QR_Q_P4_excess_capture,0.44797542798338186,25,25,1.0
13,7.0,cell,QR_Q_P4_largest_canonical_correlation,0.9934266755789192,25,25,1.0
13,7.0,cell,QR_Q_P4_smallest_principal_angle,0.11454687429236048,25,25,1.0
14,3.0,cell,UMP_Q_F_dim_U,4.0,25,25,1.0
14,3.0,cell,UMP_Q_F_dim_Q,5.0,25,25,1.0
14,3.0,cell,UMP_Q_F_shared_energy,1.9592210030985513,25,25,1.0
14,3.0,cell,UMP_Q_F_purity,0.48980525077463766,25,25,1.0
14,3.0,cell,UMP_Q_F_capture,0.3918442006197102,25,25,1.0
14,3.0,cell,UMP_Q_F_expected_random_purity,0.05000000000000001,25,25,1.0
14,3.0,cell,UMP_Q_F_expected_random_capture,0.04,25,25,1.0
14,3.0,cell,UMP_Q_F_excess_purity,0.4398052507746377,25,25,1.0
14,3.0,cell,UMP_Q_F_excess_capture,0.35184420061971017,25,25,1.0
14,3.0,cell,UMP_Q_F_largest_canonical_correlation,0.9936986333588842,25,25,1.0
14,3.0,cell,UMP_Q_F_smallest_principal_angle,0.11222771207277786,25,25,1.0
14,3.0,cell,U4_Q_F_dim_U,4.0,25,25,1.0
14,3.0,cell,U4_Q_F_dim_Q,5.0,25,25,1.0
14,3.0,cell,U4_Q_F_shared_energy,1.9592210030985513,25,25,1.0
14,3.0,cell,U4_Q_F_purity,0.48980525077463766,25,25,1.0
14,3.0,cell,U4_Q_F_capture,0.3918442006197102,25,25,1.0
14,3.0,cell,U4_Q_F_expected_random_purity,0.05000000000000001,25,25,1.0
14,3.0,cell,U4_Q_F_expected_random_capture,0.04,25,25,1.0
14,3.0,cell,U4_Q_F_excess_purity,0.4398052507746377,25,25,1.0
14,3.0,cell,U4_Q_F_excess_capture,0.35184420061971017,25,25,1.0
14,3.0,cell,U4_Q_F_largest_canonical_correlation,0.9936986333588842,25,25,1.0
14,3.0,cell,U4_Q_F_smallest_principal_angle,0.11222771207277786,25,25,1.0
14,3.0,cell,UMP_Q_F_unique_dim_U,4.0,25,25,1.0
14,3.0,cell,UMP_Q_F_unique_dim_Q,5.0,25,25,1.0
14,3.0,cell,UMP_Q_F_unique_shared_energy,2.002407594746911,25,25,1.0
14,3.0,cell,UMP_Q_F_unique_purity,0.5006018986867278,25,25,1.0
14,3.0,cell,UMP_Q_F_unique_capture,0.40048151894938216,25,25,1.0
14,3.0,cell,UMP_Q_F_unique_expected_random_purity,0.05000000000000001,25,25,1.0
14,3.0,cell,UMP_Q_F_unique_expected_random_capture,0.04,25,25,1.0
14,3.0,cell,UMP_Q_F_unique_excess_purity,0.4506018986867278,25,25,1.0
14,3.0,cell,UMP_Q_F_unique_excess_capture,0.3604815189493823,25,25,1.0
14,3.0,cell,UMP_Q_F_unique_largest_canonical_correlation,0.9818969489690973,25,25,1.0
14,3.0,cell,UMP_Q_F_unique_smallest_principal_angle,0.19048261078091483,25,25,1.0
14,3.0,cell,U4_Q_F_unique_dim_U,4.0,25,25,1.0
14,3.0,cell,U4_Q_F_unique_dim_Q,5.0,25,25,1.0
14,3.0,cell,U4_Q_F_unique_shared_energy,2.002407594746911,25,25,1.0
14,3.0,cell,U4_Q_F_unique_purity,0.5006018986867278,25,25,1.0
14,3.0,cell,U4_Q_F_unique_capture,0.40048151894938216,25,25,1.0
14,3.0,cell,U4_Q_F_unique_expected_random_purity,0.05000000000000001,25,25,1.0
14,3.0,cell,U4_Q_F_unique_expected_random_capture,0.04,25,25,1.0
14,3.0,cell,U4_Q_F_unique_excess_purity,0.4506018986867278,25,25,1.0
14,3.0,cell,U4_Q_F_unique_excess_capture,0.3604815189493823,25,25,1.0
14,3.0,cell,U4_Q_F_unique_largest_canonical_correlation,0.9818969489690973,25,25,1.0
14,3.0,cell,U4_Q_F_unique_smallest_principal_angle,0.19048261078091483,25,25,1.0
14,3.0,cell,UMP_Q_C_dim_U,4.0,25,25,1.0
14,3.0,cell,UMP_Q_C_dim_Q,3.0,25,25,1.0
14,3.0,cell,UMP_Q_C_shared_energy,1.2137667931079072,25,25,1.0
14,3.0,cell,UMP_Q_C_purity,0.30344169827697676,25,25,1.0
14,3.0,cell,UMP_Q_C_capture,0.40458893103596905,25,25,1.0
14,3.0,cell,UMP_Q_C_expected_random_purity,0.03,25,25,1.0
14,3.0,cell,UMP_Q_C_expected_random_capture,0.04,25,25,1.0
14,3.0,cell,UMP_Q_C_excess_purity,0.2734416982769768,25,25,1.0
14,3.0,cell,UMP_Q_C_excess_capture,0.36458893103596907,25,25,1.0
14,3.0,cell,UMP_Q_C_largest_canonical_correlation,0.8946243887058238,25,25,1.0
14,3.0,cell,UMP_Q_C_smallest_principal_angle,0.4629036395886901,25,25,1.0
14,3.0,cell,U4_Q_C_dim_U,4.0,25,25,1.0
14,3.0,cell,U4_Q_C_dim_Q,3.0,25,25,1.0
14,3.0,cell,U4_Q_C_shared_energy,1.2137667931079072,25,25,1.0
14,3.0,cell,U4_Q_C_purity,0.30344169827697676,25,25,1.0
14,3.0,cell,U4_Q_C_capture,0.40458893103596905,25,25,1.0
14,3.0,cell,U4_Q_C_expected_random_purity,0.03,25,25,1.0
14,3.0,cell,U4_Q_C_expected_random_capture,0.04,25,25,1.0
14,3.0,cell,U4_Q_C_excess_purity,0.2734416982769768,25,25,1.0
14,3.0,cell,U4_Q_C_excess_capture,0.36458893103596907,25,25,1.0
14,3.0,cell,U4_Q_C_largest_canonical_correlation,0.8946243887058238,25,25,1.0
14,3.0,cell,U4_Q_C_smallest_principal_angle,0.4629036395886901,25,25,1.0
14,3.0,cell,UMP_Q_C_unique_dim_U,4.0,25,25,1.0
14,3.0,cell,UMP_Q_C_unique_dim_Q,3.0,25,25,1.0
14,3.0,cell,UMP_Q_C_unique_shared_energy,1.2569533847562675,25,25,1.0
14,3.0,cell,UMP_Q_C_unique_purity,0.3142383461890669,25,25,1.0
14,3.0,cell,UMP_Q_C_unique_capture,0.4189844615854225,25,25,1.0
14,3.0,cell,UMP_Q_C_unique_expected_random_purity,0.03,25,25,1.0
14,3.0,cell,UMP_Q_C_unique_expected_random_capture,0.04,25,25,1.0
14,3.0,cell,UMP_Q_C_unique_excess_purity,0.28423834618906685,25,25,1.0
14,3.0,cell,UMP_Q_C_unique_excess_capture,0.3789844615854225,25,25,1.0
14,3.0,cell,UMP_Q_C_unique_largest_canonical_correlation,0.9503640956763914,25,25,1.0
14,3.0,cell,UMP_Q_C_unique_smallest_principal_angle,0.31614701147608415,25,25,1.0
14,3.0,cell,U4_Q_C_unique_dim_U,4.0,25,25,1.0
14,3.0,cell,U4_Q_C_unique_dim_Q,3.0,25,25,1.0
14,3.0,cell,U4_Q_C_unique_shared_energy,1.2569533847562675,25,25,1.0
14,3.0,cell,U4_Q_C_unique_purity,0.3142383461890669,25,25,1.0
14,3.0,cell,U4_Q_C_unique_capture,0.4189844615854225,25,25,1.0
14,3.0,cell,U4_Q_C_unique_expected_random_purity,0.03,25,25,1.0
14,3.0,cell,U4_Q_C_unique_expected_random_capture,0.04,25,25,1.0
14,3.0,cell,U4_Q_C_unique_excess_purity,0.28423834618906685,25,25,1.0
14,3.0,cell,U4_Q_C_unique_excess_capture,0.3789844615854225,25,25,1.0
14,3.0,cell,U4_Q_C_unique_largest_canonical_correlation,0.9503640956763914,25,25,1.0
14,3.0,cell,U4_Q_C_unique_smallest_principal_angle,0.31614701147608415,25,25,1.0
14,3.0,cell,UMP_Q_C_full_dim_U,4.0,25,25,1.0
14,3.0,cell,UMP_Q_C_full_dim_Q,4.0,25,25,1.0
14,3.0,cell,UMP_Q_C_full_shared_energy,1.707316779016478,25,25,1.0
14,3.0,cell,UMP_Q_C_full_purity,0.4268291947541195,25,25,1.0
14,3.0,cell,UMP_Q_C_full_capture,0.4268291947541195,25,25,1.0
14,3.0,cell,UMP_Q_C_full_expected_random_purity,0.04,25,25,1.0
14,3.0,cell,UMP_Q_C_full_expected_random_capture,0.04,25,25,1.0
14,3.0,cell,UMP_Q_C_full_excess_purity,0.3868291947541195,25,25,1.0
14,3.0,cell,UMP_Q_C_full_excess_capture,0.3868291947541195,25,25,1.0
14,3.0,cell,UMP_Q_C_full_largest_canonical_correlation,0.9414089650172447,25,25,1.0
14,3.0,cell,UMP_Q_C_full_smallest_principal_angle,0.34383677712611366,25,25,1.0
14,3.0,cell,U4_Q_C_full_dim_U,4.0,25,25,1.0
14,3.0,cell,U4_Q_C_full_dim_Q,4.0,25,25,1.0
14,3.0,cell,U4_Q_C_full_shared_energy,1.707316779016478,25,25,1.0
14,3.0,cell,U4_Q_C_full_purity,0.4268291947541195,25,25,1.0
14,3.0,cell,U4_Q_C_full_capture,0.4268291947541195,25,25,1.0
14,3.0,cell,U4_Q_C_full_expected_random_purity,0.04,25,25,1.0
14,3.0,cell,U4_Q_C_full_expected_random_capture,0.04,25,25,1.0
14,3.0,cell,U4_Q_C_full_excess_purity,0.3868291947541195,25,25,1.0
14,3.0,cell,U4_Q_C_full_excess_capture,0.3868291947541195,25,25,1.0
14,3.0,cell,U4_Q_C_full_largest_canonical_correlation,0.9414089650172447,25,25,1.0
14,3.0,cell,U4_Q_C_full_smallest_principal_angle,0.34383677712611366,25,25,1.0
14,3.0,cell,UMP_Q_P4_dim_U,4.0,25,25,1.0
14,3.0,cell,UMP_Q_P4_dim_Q,4.0,25,25,1.0
14,3.0,cell,UMP_Q_P4_shared_energy,1.7238799725854712,25,25,1.0
14,3.0,cell,UMP_Q_P4_purity,0.43096999314636775,25,25,1.0
14,3.0,cell,UMP_Q_P4_capture,0.43096999314636775,25,25,1.0
14,3.0,cell,UMP_Q_P4_expected_random_purity,0.04,25,25,1.0
14,3.0,cell,UMP_Q_P4_expected_random_capture,0.04,25,25,1.0
14,3.0,cell,UMP_Q_P4_excess_purity,0.3909699931463678,25,25,1.0
14,3.0,cell,UMP_Q_P4_excess_capture,0.3909699931463678,25,25,1.0
14,3.0,cell,UMP_Q_P4_largest_canonical_correlation,0.9498968783611409,25,25,1.0
14,3.0,cell,UMP_Q_P4_smallest_principal_angle,0.3177623837818323,25,25,1.0
14,3.0,cell,U4_Q_P4_dim_U,4.0,25,25,1.0
14,3.0,cell,U4_Q_P4_dim_Q,4.0,25,25,1.0
14,3.0,cell,U4_Q_P4_shared_energy,1.7238799725854712,25,25,1.0
14,3.0,cell,U4_Q_P4_purity,0.43096999314636775,25,25,1.0
14,3.0,cell,U4_Q_P4_capture,0.43096999314636775,25,25,1.0
14,3.0,cell,U4_Q_P4_expected_random_purity,0.04,25,25,1.0
14,3.0,cell,U4_Q_P4_expected_random_capture,0.04,25,25,1.0
14,3.0,cell,U4_Q_P4_excess_purity,0.3909699931463678,25,25,1.0
14,3.0,cell,U4_Q_P4_excess_capture,0.3909699931463678,25,25,1.0
14,3.0,cell,U4_Q_P4_largest_canonical_correlation,0.9498968783611409,25,25,1.0
14,3.0,cell,U4_Q_P4_smallest_principal_angle,0.3177623837818323,25,25,1.0
14,3.0,cell,QR_Q_F_dim_U,3.0,25,25,1.0
14,3.0,cell,QR_Q_F_dim_Q,5.0,25,25,1.0
14,3.0,cell,QR_Q_F_shared_energy,2.995418562092256,25,25,1.0
14,3.0,cell,QR_Q_F_purity,0.998472854030752,25,25,1.0
14,3.0,cell,QR_Q_F_capture,0.5990837124184513,25,25,1.0
14,3.0,cell,QR_Q_F_expected_random_purity,0.05000000000000001,25,25,1.0
14,3.0,cell,QR_Q_F_expected_random_capture,0.03,25,25,1.0
14,3.0,cell,QR_Q_F_excess_purity,0.9484728540307521,25,25,1.0
14,3.0,cell,QR_Q_F_excess_capture,0.5690837124184512,25,25,1.0
14,3.0,cell,QR_Q_F_largest_canonical_correlation,0.9995032998061602,25,25,1.0
14,3.0,cell,QR_Q_F_smallest_principal_angle,0.031475603865575914,25,25,1.0
14,3.0,cell,QR_Q_C_dim_U,3.0,25,25,1.0
14,3.0,cell,QR_Q_C_dim_Q,3.0,25,25,1.0
14,3.0,cell,QR_Q_C_shared_energy,0.217918046158468,25,25,1.0
14,3.0,cell,QR_Q_C_purity,0.07263934871948931,25,25,1.0
14,3.0,cell,QR_Q_C_capture,0.07263934871948931,25,25,1.0
14,3.0,cell,QR_Q_C_expected_random_purity,0.03,25,25,1.0
14,3.0,cell,QR_Q_C_expected_random_capture,0.03,25,25,1.0
14,3.0,cell,QR_Q_C_excess_purity,0.042639348719489295,25,25,1.0
14,3.0,cell,QR_Q_C_excess_capture,0.042639348719489295,25,25,1.0
14,3.0,cell,QR_Q_C_largest_canonical_correlation,0.3883879215835799,25,25,1.0
14,3.0,cell,QR_Q_C_smallest_principal_angle,1.171910315017059,25,25,1.0
14,3.0,cell,QR_Q_C_unique_dim_U,3.0,25,25,1.0
14,3.0,cell,QR_Q_C_unique_dim_Q,3.0,25,25,1.0
14,3.0,cell,QR_Q_C_unique_shared_energy,0.000704333339363436,25,25,1.0
14,3.0,cell,QR_Q_C_unique_purity,0.00023477777978777602,25,25,1.0
14,3.0,cell,QR_Q_C_unique_capture,0.00023477777978777602,25,25,1.0
14,3.0,cell,QR_Q_C_unique_expected_random_purity,0.03,25,25,1.0
14,3.0,cell,QR_Q_C_unique_expected_random_capture,0.03,25,25,1.0
14,3.0,cell,QR_Q_C_unique_excess_purity,-0.02976522222021212,25,25,1.0
14,3.0,cell,QR_Q_C_unique_excess_capture,-0.02976522222021212,25,25,1.0
14,3.0,cell,QR_Q_C_unique_largest_canonical_correlation,0.02337448718516189,25,25,1.0
14,3.0,cell,QR_Q_C_unique_smallest_principal_angle,1.547419485411204,25,25,1.0
14,3.0,cell,QR_Q_C_full_dim_U,3.0,25,25,1.0
14,3.0,cell,QR_Q_C_full_dim_Q,4.0,25,25,1.0
14,3.0,cell,QR_Q_C_full_shared_energy,0.22749712700571437,25,25,1.0
14,3.0,cell,QR_Q_C_full_purity,0.07583237566857143,25,25,1.0
14,3.0,cell,QR_Q_C_full_capture,0.05687428175142856,25,25,1.0
14,3.0,cell,QR_Q_C_full_expected_random_purity,0.04,25,25,1.0
14,3.0,cell,QR_Q_C_full_expected_random_capture,0.03,25,25,1.0
14,3.0,cell,QR_Q_C_full_excess_purity,0.03583237566857142,25,25,1.0
14,3.0,cell,QR_Q_C_full_excess_capture,0.026874281751428555,25,25,1.0
14,3.0,cell,QR_Q_C_full_largest_canonical_correlation,0.3970426857787064,25,25,1.0
14,3.0,cell,QR_Q_C_full_smallest_principal_angle,1.1625003197223611,25,25,1.0
14,3.0,cell,QR_Q_P4_dim_U,3.0,25,25,1.0
14,3.0,cell,QR_Q_P4_dim_Q,4.0,25,25,1.0
14,3.0,cell,QR_Q_P4_shared_energy,0.2288137639030259,25,25,1.0
14,3.0,cell,QR_Q_P4_purity,0.07627125463434195,25,25,1.0
14,3.0,cell,QR_Q_P4_capture,0.057203440975756435,25,25,1.0
14,3.0,cell,QR_Q_P4_expected_random_purity,0.04,25,25,1.0
14,3.0,cell,QR_Q_P4_expected_random_capture,0.03,25,25,1.0
14,3.0,cell,QR_Q_P4_excess_purity,0.03627125463434196,25,25,1.0
14,3.0,cell,QR_Q_P4_excess_capture,0.027203440975756443,25,25,1.0
14,3.0,cell,QR_Q_P4_largest_canonical_correlation,0.3979228577629496,25,25,1.0
14,3.0,cell,QR_Q_P4_smallest_principal_angle,1.16154092321937,25,25,1.0
14,5.0,cell,UMP_Q_F_dim_U,2.52,25,25,1.0
14,5.0,cell,UMP_Q_F_dim_Q,5.0,25,25,1.0
14,5.0,cell,UMP_Q_F_shared_energy,0.0025994541072603115,25,25,1.0
14,5.0,cell,UMP_Q_F_purity,0.0010194026338784,25,25,1.0
14,5.0,cell,UMP_Q_F_capture,0.00051989082145202,25,25,1.0
14,5.0,cell,UMP_Q_F_expected_random_purity,0.05000000000000001,25,25,1.0
14,5.0,cell,UMP_Q_F_expected_random_capture,0.025200000000000004,25,25,1.0
14,5.0,cell,UMP_Q_F_excess_purity,-0.04898059736612151,25,25,1.0
14,5.0,cell,UMP_Q_F_excess_capture,-0.024680109178547877,25,25,1.0
14,5.0,cell,UMP_Q_F_largest_canonical_correlation,0.04329855872764291,25,25,1.0
14,5.0,cell,UMP_Q_F_smallest_principal_angle,1.5274817607833202,25,25,1.0
14,5.0,cell,U4_Q_F_dim_U,4.0,25,25,1.0
14,5.0,cell,U4_Q_F_dim_Q,5.0,25,25,1.0
14,5.0,cell,U4_Q_F_shared_energy,0.002825653859469848,25,25,1.0
14,5.0,cell,U4_Q_F_purity,0.000706413464867424,25,25,1.0
14,5.0,cell,U4_Q_F_capture,0.000565130771893936,25,25,1.0
14,5.0,cell,U4_Q_F_expected_random_purity,0.05000000000000001,25,25,1.0
14,5.0,cell,U4_Q_F_expected_random_capture,0.04,25,25,1.0
14,5.0,cell,U4_Q_F_excess_purity,-0.049293586535132494,25,25,1.0
14,5.0,cell,U4_Q_F_excess_capture,-0.03943486922810596,25,25,1.0
14,5.0,cell,U4_Q_F_largest_canonical_correlation,0.04412875434207612,25,25,1.0
14,5.0,cell,U4_Q_F_smallest_principal_angle,1.5266510021654793,25,25,1.0
14,5.0,cell,UMP_Q_F_unique_dim_U,2.52,25,25,1.0
14,5.0,cell,UMP_Q_F_unique_dim_Q,5.0,25,25,1.0
14,5.0,cell,UMP_Q_F_unique_shared_energy,0.1809326590035994,25,25,1.0
14,5.0,cell,UMP_Q_F_unique_purity,0.07347506819256032,25,25,1.0
14,5.0,cell,UMP_Q_F_unique_capture,0.03618653180071983,25,25,1.0
14,5.0,cell,UMP_Q_F_unique_expected_random_purity,0.05000000000000001,25,25,1.0
14,5.0,cell,UMP_Q_F_unique_expected_random_capture,0.025200000000000004,25,25,1.0
14,5.0,cell,UMP_Q_F_unique_excess_purity,0.02347506819256031,25,25,1.0
14,5.0,cell,UMP_Q_F_unique_excess_capture,0.010986531800719828,25,25,1.0
14,5.0,cell,UMP_Q_F_unique_largest_canonical_correlation,0.3660664450848128,25,25,1.0
14,5.0,cell,UMP_Q_F_unique_smallest_principal_angle,1.195995457038761,25,25,1.0
14,5.0,cell,U4_Q_F_unique_dim_U,4.0,25,25,1.0
14,5.0,cell,U4_Q_F_unique_dim_Q,5.0,25,25,1.0
14,5.0,cell,U4_Q_F_unique_shared_energy,0.19374075321931572,25,25,1.0
14,5.0,cell,U4_Q_F_unique_purity,0.04843518830482889,25,25,1.0
14,5.0,cell,U4_Q_F_unique_capture,0.03874815064386311,25,25,1.0
14,5.0,cell,U4_Q_F_unique_expected_random_purity,0.05000000000000001,25,25,1.0
14,5.0,cell,U4_Q_F_unique_expected_random_capture,0.04,25,25,1.0
14,5.0,cell,U4_Q_F_unique_excess_purity,-0.0015648116951710279,25,25,1.0
14,5.0,cell,U4_Q_F_unique_excess_capture,-0.001251849356136804,25,25,1.0
14,5.0,cell,U4_Q_F_unique_largest_canonical_correlation,0.3677731007434535,25,25,1.0
14,5.0,cell,U4_Q_F_unique_smallest_principal_angle,1.194162860761073,25,25,1.0
14,5.0,cell,UMP_Q_C_dim_U,2.52,25,25,1.0
14,5.0,cell,UMP_Q_C_dim_Q,3.0,25,25,1.0
14,5.0,cell,UMP_Q_C_shared_energy,1.3141031321739212,25,25,1.0
14,5.0,cell,UMP_Q_C_purity,0.5293819353751382,25,25,1.0
14,5.0,cell,UMP_Q_C_capture,0.438034377391307,25,25,1.0
14,5.0,cell,UMP_Q_C_expected_random_purity,0.03,25,25,1.0
14,5.0,cell,UMP_Q_C_expected_random_capture,0.025200000000000004,25,25,1.0
14,5.0,cell,UMP_Q_C_excess_purity,0.4993819353751382,25,25,1.0
14,5.0,cell,UMP_Q_C_excess_capture,0.41283437739130696,25,25,1.0
14,5.0,cell,UMP_Q_C_largest_canonical_correlation,0.8996945105858081,25,25,1.0
14,5.0,cell,UMP_Q_C_smallest_principal_angle,0.45163414981853106,25,25,1.0
14,5.0,cell,U4_Q_C_dim_U,4.0,25,25,1.0
14,5.0,cell,U4_Q_C_dim_Q,3.0,25,25,1.0
14,5.0,cell,U4_Q_C_shared_energy,1.4710050687987932,25,25,1.0
14,5.0,cell,U4_Q_C_purity,0.36775126719969825,25,25,1.0
14,5.0,cell,U4_Q_C_capture,0.49033502293293113,25,25,1.0
14,5.0,cell,U4_Q_C_expected_random_purity,0.03,25,25,1.0
14,5.0,cell,U4_Q_C_expected_random_capture,0.04,25,25,1.0
14,5.0,cell,U4_Q_C_excess_purity,0.33775126719969834,25,25,1.0
14,5.0,cell,U4_Q_C_excess_capture,0.4503350229329311,25,25,1.0
14,5.0,cell,U4_Q_C_largest_canonical_correlation,0.901724995056699,25,25,1.0
14,5.0,cell,U4_Q_C_smallest_principal_angle,0.44688678484437794,25,25,1.0
14,5.0,cell,UMP_Q_C_unique_dim_U,2.52,25,25,1.0
14,5.0,cell,UMP_Q_C_unique_dim_Q,3.0,25,25,1.0
14,5.0,cell,UMP_Q_C_unique_shared_energy,1.4924363370702605,25,25,1.0
14,5.0,cell,UMP_Q_C_unique_purity,0.6018376009338203,25,25,1.0
14,5.0,cell,UMP_Q_C_unique_capture,0.4974787790234202,25,25,1.0
14,5.0,cell,UMP_Q_C_unique_expected_random_purity,0.03,25,25,1.0
14,5.0,cell,UMP_Q_C_unique_expected_random_capture,0.025200000000000004,25,25,1.0
14,5.0,cell,UMP_Q_C_unique_excess_purity,0.5718376009338203,25,25,1.0
14,5.0,cell,UMP_Q_C_unique_excess_capture,0.47227877902342014,25,25,1.0
14,5.0,cell,UMP_Q_C_unique_largest_canonical_correlation,0.9686355814770955,25,25,1.0
14,5.0,cell,UMP_Q_C_unique_smallest_principal_angle,0.25094549906005126,25,25,1.0
14,5.0,cell,U4_Q_C_unique_dim_U,4.0,25,25,1.0
14,5.0,cell,U4_Q_C_unique_dim_Q,3.0,25,25,1.0
14,5.0,cell,U4_Q_C_unique_shared_energy,1.6619201681586395,25,25,1.0
14,5.0,cell,U4_Q_C_unique_purity,0.4154800420396598,25,25,1.0
14,5.0,cell,U4_Q_C_unique_capture,0.5539733893862132,25,25,1.0
14,5.0,cell,U4_Q_C_unique_expected_random_purity,0.03,25,25,1.0
14,5.0,cell,U4_Q_C_unique_expected_random_capture,0.04,25,25,1.0
14,5.0,cell,U4_Q_C_unique_excess_purity,0.38548004203965985,25,25,1.0
14,5.0,cell,U4_Q_C_unique_excess_capture,0.5139733893862132,25,25,1.0
14,5.0,cell,U4_Q_C_unique_largest_canonical_correlation,0.9699064681990567,25,25,1.0
14,5.0,cell,U4_Q_C_unique_smallest_principal_angle,0.2456781796632704,25,25,1.0
14,5.0,cell,UMP_Q_C_full_dim_U,2.52,25,25,1.0
14,5.0,cell,UMP_Q_C_full_dim_Q,4.0,25,25,1.0
14,5.0,cell,UMP_Q_C_full_shared_energy,1.875378089921374,25,25,1.0
14,5.0,cell,UMP_Q_C_full_purity,0.758610758526093,25,25,1.0
14,5.0,cell,UMP_Q_C_full_capture,0.4688445224803435,25,25,1.0
14,5.0,cell,UMP_Q_C_full_expected_random_purity,0.04,25,25,1.0
14,5.0,cell,UMP_Q_C_full_expected_random_capture,0.025200000000000004,25,25,1.0
14,5.0,cell,UMP_Q_C_full_excess_purity,0.718610758526093,25,25,1.0
14,5.0,cell,UMP_Q_C_full_excess_capture,0.4436445224803435,25,25,1.0
14,5.0,cell,UMP_Q_C_full_largest_canonical_correlation,0.937403625563521,25,25,1.0
14,5.0,cell,UMP_Q_C_full_smallest_principal_angle,0.35564205769121093,25,25,1.0
14,5.0,cell,U4_Q_C_full_dim_U,4.0,25,25,1.0
14,5.0,cell,U4_Q_C_full_dim_Q,4.0,25,25,1.0
14,5.0,cell,U4_Q_C_full_shared_energy,2.0581186668492495,25,25,1.0
14,5.0,cell,U4_Q_C_full_purity,0.5145296667123124,25,25,1.0
14,5.0,cell,U4_Q_C_full_capture,0.5145296667123124,25,25,1.0
14,5.0,cell,U4_Q_C_full_expected_random_purity,0.04,25,25,1.0
14,5.0,cell,U4_Q_C_full_expected_random_capture,0.04,25,25,1.0
14,5.0,cell,U4_Q_C_full_excess_purity,0.4745296667123124,25,25,1.0
14,5.0,cell,U4_Q_C_full_excess_capture,0.4745296667123124,25,25,1.0
14,5.0,cell,U4_Q_C_full_largest_canonical_correlation,0.9376457506140793,25,25,1.0
14,5.0,cell,U4_Q_C_full_smallest_principal_angle,0.35494225553067593,25,25,1.0
14,5.0,cell,UMP_Q_P4_dim_U,2.52,25,25,1.0
14,5.0,cell,UMP_Q_P4_dim_Q,4.0,25,25,1.0
14,5.0,cell,UMP_Q_P4_shared_energy,1.9201554460338353,25,25,1.0
14,5.0,cell,UMP_Q_P4_purity,0.7765124425243313,25,25,1.0
14,5.0,cell,UMP_Q_P4_capture,0.4800388615084588,25,25,1.0
14,5.0,cell,UMP_Q_P4_expected_random_purity,0.04,25,25,1.0
14,5.0,cell,UMP_Q_P4_expected_random_capture,0.025200000000000004,25,25,1.0
14,5.0,cell,UMP_Q_P4_excess_purity,0.7365124425243313,25,25,1.0
14,5.0,cell,UMP_Q_P4_excess_capture,0.4548388615084588,25,25,1.0
14,5.0,cell,UMP_Q_P4_largest_canonical_correlation,0.9484011494440994,25,25,1.0
14,5.0,cell,UMP_Q_P4_smallest_principal_angle,0.3225888876441313,25,25,1.0
14,5.0,cell,U4_Q_P4_dim_U,4.0,25,25,1.0
14,5.0,cell,U4_Q_P4_dim_Q,4.0,25,25,1.0
14,5.0,cell,U4_Q_P4_shared_energy,2.1240725039637396,25,25,1.0
14,5.0,cell,U4_Q_P4_purity,0.5310181259909349,25,25,1.0
14,5.0,cell,U4_Q_P4_capture,0.5310181259909349,25,25,1.0
14,5.0,cell,U4_Q_P4_expected_random_purity,0.04,25,25,1.0
14,5.0,cell,U4_Q_P4_expected_random_capture,0.04,25,25,1.0
14,5.0,cell,U4_Q_P4_excess_purity,0.49101812599093486,25,25,1.0
14,5.0,cell,U4_Q_P4_excess_capture,0.49101812599093486,25,25,1.0
14,5.0,cell,U4_Q_P4_largest_canonical_correlation,0.948614323930981,25,25,1.0
14,5.0,cell,U4_Q_P4_smallest_principal_angle,0.32191406788260013,25,25,1.0
14,5.0,cell,QR_Q_F_dim_U,5.0,25,25,1.0
14,5.0,cell,QR_Q_F_dim_Q,5.0,25,25,1.0
14,5.0,cell,QR_Q_F_shared_energy,4.983525696682206,25,25,1.0
14,5.0,cell,QR_Q_F_purity,0.9967051393364413,25,25,1.0
14,5.0,cell,QR_Q_F_capture,0.9967051393364413,25,25,1.0
14,5.0,cell,QR_Q_F_expected_random_purity,0.05000000000000001,25,25,1.0
14,5.0,cell,QR_Q_F_expected_random_capture,0.05000000000000001,25,25,1.0
14,5.0,cell,QR_Q_F_excess_purity,0.9467051393364412,25,25,1.0
14,5.0,cell,QR_Q_F_excess_capture,0.9467051393364412,25,25,1.0
14,5.0,cell,QR_Q_F_largest_canonical_correlation,0.9995278266287053,25,25,1.0
14,5.0,cell,QR_Q_F_smallest_principal_angle,0.030691239149217488,25,25,1.0
14,5.0,cell,QR_Q_C_dim_U,5.0,25,25,1.0
14,5.0,cell,QR_Q_C_dim_Q,3.0,25,25,1.0
14,5.0,cell,QR_Q_C_shared_energy,0.3325291305712409,25,25,1.0
14,5.0,cell,QR_Q_C_purity,0.06650582611424814,25,25,1.0
14,5.0,cell,QR_Q_C_capture,0.11084304352374692,25,25,1.0
14,5.0,cell,QR_Q_C_expected_random_purity,0.03,25,25,1.0
14,5.0,cell,QR_Q_C_expected_random_capture,0.05000000000000001,25,25,1.0
14,5.0,cell,QR_Q_C_excess_purity,0.036505826114248144,25,25,1.0
14,5.0,cell,QR_Q_C_excess_capture,0.06084304352374693,25,25,1.0
14,5.0,cell,QR_Q_C_largest_canonical_correlation,0.40988248041071534,25,25,1.0
14,5.0,cell,QR_Q_C_smallest_principal_angle,1.148466670040427,25,25,1.0
14,5.0,cell,QR_Q_C_unique_dim_U,5.0,25,25,1.0
14,5.0,cell,QR_Q_C_unique_dim_Q,3.0,25,25,1.0
14,5.0,cell,QR_Q_C_unique_shared_energy,0.0023332016977587956,25,25,1.0
14,5.0,cell,QR_Q_C_unique_purity,0.00046664033955172007,25,25,1.0
14,5.0,cell,QR_Q_C_unique_capture,0.000777733899252904,25,25,1.0
14,5.0,cell,QR_Q_C_unique_expected_random_purity,0.03,25,25,1.0
14,5.0,cell,QR_Q_C_unique_expected_random_capture,0.05000000000000001,25,25,1.0
14,5.0,cell,QR_Q_C_unique_excess_purity,-0.029533359660448184,25,25,1.0
14,5.0,cell,QR_Q_C_unique_excess_capture,-0.049222266100747,25,25,1.0
14,5.0,cell,QR_Q_C_unique_largest_canonical_correlation,0.038415209656451496,25,25,1.0
14,5.0,cell,QR_Q_C_unique_smallest_principal_angle,1.5323704709128974,25,25,1.0
14,5.0,cell,QR_Q_C_full_dim_U,5.0,25,25,1.0
14,5.0,cell,QR_Q_C_full_dim_Q,4.0,25,25,1.0
14,5.0,cell,QR_Q_C_full_shared_energy,0.3465197323599996,25,25,1.0
14,5.0,cell,QR_Q_C_full_purity,0.06930394647199989,25,25,1.0
14,5.0,cell,QR_Q_C_full_capture,0.08662993308999986,25,25,1.0
14,5.0,cell,QR_Q_C_full_expected_random_purity,0.04,25,25,1.0
14,5.0,cell,QR_Q_C_full_expected_random_capture,0.05000000000000001,25,25,1.0
14,5.0,cell,QR_Q_C_full_excess_purity,0.029303946471999888,25,25,1.0
14,5.0,cell,QR_Q_C_full_excess_capture,0.036629933089999865,25,25,1.0
14,5.0,cell,QR_Q_C_full_largest_canonical_correlation,0.4216583632021598,25,25,1.0
14,5.0,cell,QR_Q_C_full_smallest_principal_angle,1.1355203146085002,25,25,1.0
14,5.0,cell,QR_Q_P4_dim_U,5.0,25,25,1.0
14,5.0,cell,QR_Q_P4_dim_Q,4.0,25,25,1.0
14,5.0,cell,QR_Q_P4_shared_energy,0.33109686891654455,25,25,1.0
14,5.0,cell,QR_Q_P4_purity,0.06621937378330886,25,25,1.0
14,5.0,cell,QR_Q_P4_capture,0.08277421722913608,25,25,1.0
14,5.0,cell,QR_Q_P4_expected_random_purity,0.04,25,25,1.0
14,5.0,cell,QR_Q_P4_expected_random_capture,0.05000000000000001,25,25,1.0
14,5.0,cell,QR_Q_P4_excess_purity,0.026219373783308863,25,25,1.0
14,5.0,cell,QR_Q_P4_excess_capture,0.032774217229136086,25,25,1.0
14,5.0,cell,QR_Q_P4_largest_canonical_correlation,0.42171162182926236,25,25,1.0
14,5.0,cell,QR_Q_P4_smallest_principal_angle,1.1354592016265022,25,25,1.0
14,7.0,cell,UMP_Q_F_dim_U,2.2,25,25,1.0
14,7.0,cell,UMP_Q_F_dim_Q,5.0,25,25,1.0
14,7.0,cell,UMP_Q_F_shared_energy,0.000360989033815964,25,25,1.0
14,7.0,cell,UMP_Q_F_purity,0.00016126632934315572,25,25,1.0
14,7.0,cell,UMP_Q_F_capture,7.219780676319599e-05,25,25,1.0
14,7.0,cell,UMP_Q_F_expected_random_purity,0.05000000000000001,25,25,1.0
14,7.0,cell,UMP_Q_F_expected_random_capture,0.022000000000000002,25,25,1.0
14,7.0,cell,UMP_Q_F_excess_purity,-0.04983873367065676,25,25,1.0
14,7.0,cell,UMP_Q_F_excess_capture,-0.021927802193236753,25,25,1.0
14,7.0,cell,UMP_Q_F_largest_canonical_correlation,0.015075292859484163,25,25,1.0
14,7.0,cell,UMP_Q_F_smallest_principal_angle,1.555720357474189,25,25,1.0
14,7.0,cell,U4_Q_F_dim_U,4.0,25,25,1.0
14,7.0,cell,U4_Q_F_dim_Q,5.0,25,25,1.0
14,7.0,cell,U4_Q_F_shared_energy,0.0005832790954894759,25,25,1.0
14,7.0,cell,U4_Q_F_purity,0.00014581977387233668,25,25,1.0
14,7.0,cell,U4_Q_F_capture,0.00011665581909787212,25,25,1.0
14,7.0,cell,U4_Q_F_expected_random_purity,0.05000000000000001,25,25,1.0
14,7.0,cell,U4_Q_F_expected_random_capture,0.04,25,25,1.0
14,7.0,cell,U4_Q_F_excess_purity,-0.04985418022612758,25,25,1.0
14,7.0,cell,U4_Q_F_excess_capture,-0.039883344180902044,25,25,1.0
14,7.0,cell,U4_Q_F_largest_canonical_correlation,0.017981141710918205,25,25,1.0
14,7.0,cell,U4_Q_F_smallest_principal_angle,1.552814083295977,25,25,1.0
14,7.0,cell,UMP_Q_F_unique_dim_U,2.2,25,25,1.0
14,7.0,cell,UMP_Q_F_unique_dim_Q,5.0,25,25,1.0
14,7.0,cell,UMP_Q_F_unique_shared_energy,0.021887336138081307,25,25,1.0
14,7.0,cell,UMP_Q_F_unique_purity,0.010062699665822551,25,25,1.0
14,7.0,cell,UMP_Q_F_unique_capture,0.004377467227616216,25,25,1.0
14,7.0,cell,UMP_Q_F_unique_expected_random_purity,0.05000000000000001,25,25,1.0
14,7.0,cell,UMP_Q_F_unique_expected_random_capture,0.022000000000000002,25,25,1.0
14,7.0,cell,UMP_Q_F_unique_excess_purity,-0.03993730033417736,25,25,1.0
14,7.0,cell,UMP_Q_F_unique_excess_capture,-0.017622532772383685,25,25,1.0
14,7.0,cell,UMP_Q_F_unique_largest_canonical_correlation,0.1361410674796243,25,25,1.0
14,7.0,cell,UMP_Q_F_unique_smallest_principal_angle,1.4342276230388669,25,25,1.0
14,7.0,cell,U4_Q_F_unique_dim_U,4.0,25,25,1.0
14,7.0,cell,U4_Q_F_unique_dim_Q,5.0,25,25,1.0
14,7.0,cell,U4_Q_F_unique_shared_energy,0.027752269853499746,25,25,1.0
14,7.0,cell,U4_Q_F_unique_purity,0.006938067463374897,25,25,1.0
14,7.0,cell,U4_Q_F_unique_capture,0.005550453970699908,25,25,1.0
14,7.0,cell,U4_Q_F_unique_expected_random_purity,0.05000000000000001,25,25,1.0
14,7.0,cell,U4_Q_F_unique_expected_random_capture,0.04,25,25,1.0
14,7.0,cell,U4_Q_F_unique_excess_purity,-0.043061932536625006,25,25,1.0
14,7.0,cell,U4_Q_F_unique_excess_capture,-0.034449546029300004,25,25,1.0
14,7.0,cell,U4_Q_F_unique_largest_canonical_correlation,0.14091717381784105,25,25,1.0
14,7.0,cell,U4_Q_F_unique_smallest_principal_angle,1.4294048458906434,25,25,1.0
14,7.0,cell,UMP_Q_C_dim_U,2.2,25,25,1.0
14,7.0,cell,UMP_Q_C_dim_Q,3.0,25,25,1.0
14,7.0,cell,UMP_Q_C_shared_energy,0.2646918478572422,25,25,1.0
14,7.0,cell,UMP_Q_C_purity,0.12265696151072296,25,25,1.0
14,7.0,cell,UMP_Q_C_capture,0.08823061595241401,25,25,1.0
14,7.0,cell,UMP_Q_C_expected_random_purity,0.03,25,25,1.0
14,7.0,cell,UMP_Q_C_expected_random_capture,0.022000000000000002,25,25,1.0
14,7.0,cell,UMP_Q_C_excess_purity,0.09265696151072296,25,25,1.0
14,7.0,cell,UMP_Q_C_excess_capture,0.06623061595241403,25,25,1.0
14,7.0,cell,UMP_Q_C_largest_canonical_correlation,0.48935913373247075,25,25,1.0
14,7.0,cell,UMP_Q_C_smallest_principal_angle,1.0585897438136054,25,25,1.0
14,7.0,cell,U4_Q_C_dim_U,4.0,25,25,1.0
14,7.0,cell,U4_Q_C_dim_Q,3.0,25,25,1.0
14,7.0,cell,U4_Q_C_shared_energy,0.3199427374254886,25,25,1.0
14,7.0,cell,U4_Q_C_purity,0.07998568435637211,25,25,1.0
14,7.0,cell,U4_Q_C_capture,0.1066475791418295,25,25,1.0
14,7.0,cell,U4_Q_C_expected_random_purity,0.03,25,25,1.0
14,7.0,cell,U4_Q_C_expected_random_capture,0.04,25,25,1.0
14,7.0,cell,U4_Q_C_excess_purity,0.0499856843563721,25,25,1.0
14,7.0,cell,U4_Q_C_excess_capture,0.06664757914182946,25,25,1.0
14,7.0,cell,U4_Q_C_largest_canonical_correlation,0.5110320541526565,25,25,1.0
14,7.0,cell,U4_Q_C_smallest_principal_angle,1.033580353287548,25,25,1.0
14,7.0,cell,UMP_Q_C_unique_dim_U,2.2,25,25,1.0
14,7.0,cell,UMP_Q_C_unique_dim_Q,3.0,25,25,1.0
14,7.0,cell,UMP_Q_C_unique_shared_energy,0.2862181949615074,25,25,1.0
14,7.0,cell,UMP_Q_C_unique_purity,0.13255839484720233,25,25,1.0
14,7.0,cell,UMP_Q_C_unique_capture,0.09540606498716912,25,25,1.0
14,7.0,cell,UMP_Q_C_unique_expected_random_purity,0.03,25,25,1.0
14,7.0,cell,UMP_Q_C_unique_expected_random_capture,0.022000000000000002,25,25,1.0
14,7.0,cell,UMP_Q_C_unique_excess_purity,0.1025583948472023,25,25,1.0
14,7.0,cell,UMP_Q_C_unique_excess_capture,0.0734060649871691,25,25,1.0
14,7.0,cell,UMP_Q_C_unique_largest_canonical_correlation,0.5073699091347358,25,25,1.0
14,7.0,cell,UMP_Q_C_unique_smallest_principal_angle,1.0377387565857998,25,25,1.0
14,7.0,cell,U4_Q_C_unique_dim_U,4.0,25,25,1.0
14,7.0,cell,U4_Q_C_unique_dim_Q,3.0,25,25,1.0
14,7.0,cell,U4_Q_C_unique_shared_energy,0.3471117281834988,25,25,1.0
14,7.0,cell,U4_Q_C_unique_purity,0.08677793204587467,25,25,1.0
14,7.0,cell,U4_Q_C_unique_capture,0.11570390939449954,25,25,1.0
14,7.0,cell,U4_Q_C_unique_expected_random_purity,0.03,25,25,1.0
14,7.0,cell,U4_Q_C_unique_expected_random_capture,0.04,25,25,1.0
14,7.0,cell,U4_Q_C_unique_excess_purity,0.056777932045874654,25,25,1.0
14,7.0,cell,U4_Q_C_unique_excess_capture,0.07570390939449953,25,25,1.0
14,7.0,cell,U4_Q_C_unique_largest_canonical_correlation,0.5289818735011322,25,25,1.0
14,7.0,cell,U4_Q_C_unique_smallest_principal_angle,1.0124831732626227,25,25,1.0
14,7.0,cell,UMP_Q_C_full_dim_U,2.2,25,25,1.0
14,7.0,cell,UMP_Q_C_full_dim_Q,4.0,25,25,1.0
14,7.0,cell,UMP_Q_C_full_shared_energy,0.3111021845902702,25,25,1.0
14,7.0,cell,UMP_Q_C_full_purity,0.1440124236108511,25,25,1.0
14,7.0,cell,UMP_Q_C_full_capture,0.07777554614756751,25,25,1.0
14,7.0,cell,UMP_Q_C_full_expected_random_purity,0.04,25,25,1.0
14,7.0,cell,UMP_Q_C_full_expected_random_capture,0.022000000000000002,25,25,1.0
14,7.0,cell,UMP_Q_C_full_excess_purity,0.10401242361085107,25,25,1.0
14,7.0,cell,UMP_Q_C_full_excess_capture,0.05577554614756752,25,25,1.0
14,7.0,cell,UMP_Q_C_full_largest_canonical_correlation,0.5246311343865975,25,25,1.0
14,7.0,cell,UMP_Q_C_full_smallest_principal_angle,1.0165572955139457,25,25,1.0
14,7.0,cell,U4_Q_C_full_dim_U,4.0,25,25,1.0
14,7.0,cell,U4_Q_C_full_dim_Q,4.0,25,25,1.0
14,7.0,cell,U4_Q_C_full_shared_energy,0.38790425918321575,25,25,1.0
14,7.0,cell,U4_Q_C_full_purity,0.0969760647958039,25,25,1.0
14,7.0,cell,U4_Q_C_full_capture,0.0969760647958039,25,25,1.0
14,7.0,cell,U4_Q_C_full_expected_random_purity,0.04,25,25,1.0
14,7.0,cell,U4_Q_C_full_expected_random_capture,0.04,25,25,1.0
14,7.0,cell,U4_Q_C_full_excess_purity,0.05697606479580389,25,25,1.0
14,7.0,cell,U4_Q_C_full_excess_capture,0.05697606479580389,25,25,1.0
14,7.0,cell,U4_Q_C_full_largest_canonical_correlation,0.545324527791632,25,25,1.0
14,7.0,cell,U4_Q_C_full_smallest_principal_angle,0.9920296156950371,25,25,1.0
14,7.0,cell,UMP_Q_P4_dim_U,2.2,25,25,1.0
14,7.0,cell,UMP_Q_P4_dim_Q,4.0,25,25,1.0
14,7.0,cell,UMP_Q_P4_shared_energy,0.34220449515561313,25,25,1.0
14,7.0,cell,UMP_Q_P4_purity,0.1583516443704584,25,25,1.0
14,7.0,cell,UMP_Q_P4_capture,0.08555112378890324,25,25,1.0
14,7.0,cell,UMP_Q_P4_expected_random_purity,0.04,25,25,1.0
14,7.0,cell,UMP_Q_P4_expected_random_capture,0.022000000000000002,25,25,1.0
14,7.0,cell,UMP_Q_P4_excess_purity,0.11835164437045836,25,25,1.0
14,7.0,cell,UMP_Q_P4_excess_capture,0.06355112378890324,25,25,1.0
14,7.0,cell,UMP_Q_P4_largest_canonical_correlation,0.5493931079175017,25,25,1.0
14,7.0,cell,UMP_Q_P4_smallest_principal_angle,0.9873031401085746,25,25,1.0
14,7.0,cell,U4_Q_P4_dim_U,4.0,25,25,1.0
14,7.0,cell,U4_Q_P4_dim_Q,4.0,25,25,1.0
14,7.0,cell,U4_Q_P4_shared_energy,0.42984599136049767,25,25,1.0
14,7.0,cell,U4_Q_P4_purity,0.10746149784012442,25,25,1.0
14,7.0,cell,U4_Q_P4_capture,0.10746149784012442,25,25,1.0
14,7.0,cell,U4_Q_P4_expected_random_purity,0.04,25,25,1.0
14,7.0,cell,U4_Q_P4_expected_random_capture,0.04,25,25,1.0
14,7.0,cell,U4_Q_P4_excess_purity,0.06746149784012441,25,25,1.0
14,7.0,cell,U4_Q_P4_excess_capture,0.06746149784012441,25,25,1.0
14,7.0,cell,U4_Q_P4_largest_canonical_correlation,0.5724297287782752,25,25,1.0
14,7.0,cell,U4_Q_P4_smallest_principal_angle,0.9596334008849129,25,25,1.0
14,7.0,cell,QR_Q_F_dim_U,7.0,25,25,1.0
14,7.0,cell,QR_Q_F_dim_Q,5.0,25,25,1.0
14,7.0,cell,QR_Q_F_shared_energy,4.9855242244584135,25,25,1.0
14,7.0,cell,QR_Q_F_purity,0.7122177463512018,25,25,1.0
14,7.0,cell,QR_Q_F_capture,0.9971048448916828,25,25,1.0
14,7.0,cell,QR_Q_F_expected_random_purity,0.05000000000000001,25,25,1.0
14,7.0,cell,QR_Q_F_expected_random_capture,0.07,25,25,1.0
14,7.0,cell,QR_Q_F_excess_purity,0.662217746351202,25,25,1.0
14,7.0,cell,QR_Q_F_excess_capture,0.9271048448916828,25,25,1.0
14,7.0,cell,QR_Q_F_largest_canonical_correlation,0.999572557206638,25,25,1.0
14,7.0,cell,QR_Q_F_smallest_principal_angle,0.029196854784866687,25,25,1.0
14,7.0,cell,QR_Q_C_dim_U,7.0,25,25,1.0
14,7.0,cell,QR_Q_C_dim_Q,3.0,25,25,1.0
14,7.0,cell,QR_Q_C_shared_energy,1.4794159349387415,25,25,1.0
14,7.0,cell,QR_Q_C_purity,0.2113451335626773,25,25,1.0
14,7.0,cell,QR_Q_C_capture,0.4931386449795805,25,25,1.0
14,7.0,cell,QR_Q_C_expected_random_purity,0.03,25,25,1.0
14,7.0,cell,QR_Q_C_expected_random_capture,0.07,25,25,1.0
14,7.0,cell,QR_Q_C_excess_purity,0.18134513356267729,25,25,1.0
14,7.0,cell,QR_Q_C_excess_capture,0.4231386449795805,25,25,1.0
14,7.0,cell,QR_Q_C_largest_canonical_correlation,0.9730951616179528,25,25,1.0
14,7.0,cell,QR_Q_C_smallest_principal_angle,0.23241681908978282,25,25,1.0
14,7.0,cell,QR_Q_C_unique_dim_U,7.0,25,25,1.0
14,7.0,cell,QR_Q_C_unique_dim_Q,3.0,25,25,1.0
14,7.0,cell,QR_Q_C_unique_shared_energy,1.3156620167793356,25,25,1.0
14,7.0,cell,QR_Q_C_unique_purity,0.18795171668276217,25,25,1.0
14,7.0,cell,QR_Q_C_unique_capture,0.43855400559311186,25,25,1.0
14,7.0,cell,QR_Q_C_unique_expected_random_purity,0.03,25,25,1.0
14,7.0,cell,QR_Q_C_unique_expected_random_capture,0.07,25,25,1.0
14,7.0,cell,QR_Q_C_unique_excess_purity,0.15795171668276217,25,25,1.0
14,7.0,cell,QR_Q_C_unique_excess_capture,0.3685540055931118,25,25,1.0
14,7.0,cell,QR_Q_C_unique_largest_canonical_correlation,0.9677383811782291,25,25,1.0
14,7.0,cell,QR_Q_C_unique_smallest_principal_angle,0.2546160062680829,25,25,1.0
14,7.0,cell,QR_Q_C_full_dim_U,7.0,25,25,1.0
14,7.0,cell,QR_Q_C_full_dim_Q,4.0,25,25,1.0
14,7.0,cell,QR_Q_C_full_shared_energy,2.0058396901559536,25,25,1.0
14,7.0,cell,QR_Q_C_full_purity,0.2865485271651362,25,25,1.0
14,7.0,cell,QR_Q_C_full_capture,0.5014599225389884,25,25,1.0
14,7.0,cell,QR_Q_C_full_expected_random_purity,0.04,25,25,1.0
14,7.0,cell,QR_Q_C_full_expected_random_capture,0.07,25,25,1.0
14,7.0,cell,QR_Q_C_full_excess_purity,0.24654852716513617,25,25,1.0
14,7.0,cell,QR_Q_C_full_excess_capture,0.4314599225389884,25,25,1.0
14,7.0,cell,QR_Q_C_full_largest_canonical_correlation,0.9799073648855652,25,25,1.0
14,7.0,cell,QR_Q_C_full_smallest_principal_angle,0.20064863586333048,25,25,1.0
14,7.0,cell,QR_Q_P4_dim_U,7.0,25,25,1.0
14,7.0,cell,QR_Q_P4_dim_Q,4.0,25,25,1.0
14,7.0,cell,QR_Q_P4_shared_energy,2.0331427433396287,25,25,1.0
14,7.0,cell,QR_Q_P4_purity,0.29044896333423265,25,25,1.0
14,7.0,cell,QR_Q_P4_capture,0.5082856858349072,25,25,1.0
14,7.0,cell,QR_Q_P4_expected_random_purity,0.04,25,25,1.0
14,7.0,cell,QR_Q_P4_expected_random_capture,0.07,25,25,1.0
14,7.0,cell,QR_Q_P4_excess_purity,0.25044896333423267,25,25,1.0
14,7.0,cell,QR_Q_P4_excess_capture,0.4382856858349073,25,25,1.0
14,7.0,cell,QR_Q_P4_largest_canonical_correlation,0.9850160764553009,25,25,1.0
14,7.0,cell,QR_Q_P4_smallest_principal_angle,0.17319780284993577,25,25,1.0
15,3.0,cell,UMP_Q_F_dim_U,4.0,25,25,1.0
15,3.0,cell,UMP_Q_F_dim_Q,5.0,25,25,1.0
15,3.0,cell,UMP_Q_F_shared_energy,1.9625359511107292,25,25,1.0
15,3.0,cell,UMP_Q_F_purity,0.4906339877776823,25,25,1.0
15,3.0,cell,UMP_Q_F_capture,0.3925071902221458,25,25,1.0
15,3.0,cell,UMP_Q_F_expected_random_purity,0.05000000000000001,25,25,1.0
15,3.0,cell,UMP_Q_F_expected_random_capture,0.04,25,25,1.0
15,3.0,cell,UMP_Q_F_excess_purity,0.44063398777768226,25,25,1.0
15,3.0,cell,UMP_Q_F_excess_capture,0.3525071902221458,25,25,1.0
15,3.0,cell,UMP_Q_F_largest_canonical_correlation,0.9906183349465727,25,25,1.0
15,3.0,cell,UMP_Q_F_smallest_principal_angle,0.13705474339211424,25,25,1.0
15,3.0,cell,U4_Q_F_dim_U,4.0,25,25,1.0
15,3.0,cell,U4_Q_F_dim_Q,5.0,25,25,1.0
15,3.0,cell,U4_Q_F_shared_energy,1.9625359511107292,25,25,1.0
15,3.0,cell,U4_Q_F_purity,0.4906339877776823,25,25,1.0
15,3.0,cell,U4_Q_F_capture,0.3925071902221458,25,25,1.0
15,3.0,cell,U4_Q_F_expected_random_purity,0.05000000000000001,25,25,1.0
15,3.0,cell,U4_Q_F_expected_random_capture,0.04,25,25,1.0
15,3.0,cell,U4_Q_F_excess_purity,0.44063398777768226,25,25,1.0
15,3.0,cell,U4_Q_F_excess_capture,0.3525071902221458,25,25,1.0
15,3.0,cell,U4_Q_F_largest_canonical_correlation,0.9906183349465727,25,25,1.0
15,3.0,cell,U4_Q_F_smallest_principal_angle,0.13705474339211424,25,25,1.0
15,3.0,cell,UMP_Q_F_unique_dim_U,4.0,25,25,1.0
15,3.0,cell,UMP_Q_F_unique_dim_Q,5.0,25,25,1.0
15,3.0,cell,UMP_Q_F_unique_shared_energy,1.9423981680798115,25,25,1.0
15,3.0,cell,UMP_Q_F_unique_purity,0.48559954201995287,25,25,1.0
15,3.0,cell,UMP_Q_F_unique_capture,0.38847963361596227,25,25,1.0
15,3.0,cell,UMP_Q_F_unique_expected_random_purity,0.05000000000000001,25,25,1.0
15,3.0,cell,UMP_Q_F_unique_expected_random_capture,0.04,25,25,1.0
15,3.0,cell,UMP_Q_F_unique_excess_purity,0.4355995420199528,25,25,1.0
15,3.0,cell,UMP_Q_F_unique_excess_capture,0.3484796336159623,25,25,1.0
15,3.0,cell,UMP_Q_F_unique_largest_canonical_correlation,0.9835787466907909,25,25,1.0
15,3.0,cell,UMP_Q_F_unique_smallest_principal_angle,0.18143576803345884,25,25,1.0
15,3.0,cell,U4_Q_F_unique_dim_U,4.0,25,25,1.0
15,3.0,cell,U4_Q_F_unique_dim_Q,5.0,25,25,1.0
15,3.0,cell,U4_Q_F_unique_shared_energy,1.9423981680798115,25,25,1.0
15,3.0,cell,U4_Q_F_unique_purity,0.48559954201995287,25,25,1.0
15,3.0,cell,U4_Q_F_unique_capture,0.38847963361596227,25,25,1.0
15,3.0,cell,U4_Q_F_unique_expected_random_purity,0.05000000000000001,25,25,1.0
15,3.0,cell,U4_Q_F_unique_expected_random_capture,0.04,25,25,1.0
15,3.0,cell,U4_Q_F_unique_excess_purity,0.4355995420199528,25,25,1.0
15,3.0,cell,U4_Q_F_unique_excess_capture,0.3484796336159623,25,25,1.0
15,3.0,cell,U4_Q_F_unique_largest_canonical_correlation,0.9835787466907909,25,25,1.0
15,3.0,cell,U4_Q_F_unique_smallest_principal_angle,0.18143576803345884,25,25,1.0
15,3.0,cell,UMP_Q_C_dim_U,4.0,25,25,1.0
15,3.0,cell,UMP_Q_C_dim_Q,3.0,25,25,1.0
15,3.0,cell,UMP_Q_C_shared_energy,1.4189584620486189,25,25,1.0
15,3.0,cell,UMP_Q_C_purity,0.3547396155121547,25,25,1.0
15,3.0,cell,UMP_Q_C_capture,0.4729861540162063,25,25,1.0
15,3.0,cell,UMP_Q_C_expected_random_purity,0.03,25,25,1.0
15,3.0,cell,UMP_Q_C_expected_random_capture,0.04,25,25,1.0
15,3.0,cell,UMP_Q_C_excess_purity,0.32473961551215474,25,25,1.0
15,3.0,cell,UMP_Q_C_excess_capture,0.4329861540162062,25,25,1.0
15,3.0,cell,UMP_Q_C_largest_canonical_correlation,0.9764792926740858,25,25,1.0
15,3.0,cell,UMP_Q_C_smallest_principal_angle,0.2171864327909548,25,25,1.0
15,3.0,cell,U4_Q_C_dim_U,4.0,25,25,1.0
15,3.0,cell,U4_Q_C_dim_Q,3.0,25,25,1.0
15,3.0,cell,U4_Q_C_shared_energy,1.4189584620486189,25,25,1.0
15,3.0,cell,U4_Q_C_purity,0.3547396155121547,25,25,1.0
15,3.0,cell,U4_Q_C_capture,0.4729861540162063,25,25,1.0
15,3.0,cell,U4_Q_C_expected_random_purity,0.03,25,25,1.0
15,3.0,cell,U4_Q_C_expected_random_capture,0.04,25,25,1.0
15,3.0,cell,U4_Q_C_excess_purity,0.32473961551215474,25,25,1.0
15,3.0,cell,U4_Q_C_excess_capture,0.4329861540162062,25,25,1.0
15,3.0,cell,U4_Q_C_largest_canonical_correlation,0.9764792926740858,25,25,1.0
15,3.0,cell,U4_Q_C_smallest_principal_angle,0.2171864327909548,25,25,1.0
15,3.0,cell,UMP_Q_C_unique_dim_U,4.0,25,25,1.0
15,3.0,cell,UMP_Q_C_unique_dim_Q,3.0,25,25,1.0
15,3.0,cell,UMP_Q_C_unique_shared_energy,1.3988206790177014,25,25,1.0
15,3.0,cell,UMP_Q_C_unique_purity,0.3497051697544253,25,25,1.0
15,3.0,cell,UMP_Q_C_unique_capture,0.4662735596725671,25,25,1.0
15,3.0,cell,UMP_Q_C_unique_expected_random_purity,0.03,25,25,1.0
15,3.0,cell,UMP_Q_C_unique_expected_random_capture,0.04,25,25,1.0
15,3.0,cell,UMP_Q_C_unique_excess_purity,0.3197051697544253,25,25,1.0
15,3.0,cell,UMP_Q_C_unique_excess_capture,0.42627355967256714,25,25,1.0
15,3.0,cell,UMP_Q_C_unique_largest_canonical_correlation,0.9764647996140035,25,25,1.0
15,3.0,cell,UMP_Q_C_unique_smallest_principal_angle,0.21732449503441395,25,25,1.0
15,3.0,cell,U4_Q_C_unique_dim_U,4.0,25,25,1.0
15,3.0,cell,U4_Q_C_unique_dim_Q,3.0,25,25,1.0
15,3.0,cell,U4_Q_C_unique_shared_energy,1.3988206790177014,25,25,1.0
15,3.0,cell,U4_Q_C_unique_purity,0.3497051697544253,25,25,1.0
15,3.0,cell,U4_Q_C_unique_capture,0.4662735596725671,25,25,1.0
15,3.0,cell,U4_Q_C_unique_expected_random_purity,0.03,25,25,1.0
15,3.0,cell,U4_Q_C_unique_expected_random_capture,0.04,25,25,1.0
15,3.0,cell,U4_Q_C_unique_excess_purity,0.3197051697544253,25,25,1.0
15,3.0,cell,U4_Q_C_unique_excess_capture,0.42627355967256714,25,25,1.0
15,3.0,cell,U4_Q_C_unique_largest_canonical_correlation,0.9764647996140035,25,25,1.0
15,3.0,cell,U4_Q_C_unique_smallest_principal_angle,0.21732449503441395,25,25,1.0
15,3.0,cell,UMP_Q_C_full_dim_U,4.0,25,25,1.0
15,3.0,cell,UMP_Q_C_full_dim_Q,4.0,25,25,1.0
15,3.0,cell,UMP_Q_C_full_shared_energy,2.0012459751063423,25,25,1.0
15,3.0,cell,UMP_Q_C_full_purity,0.5003114937765855,25,25,1.0
15,3.0,cell,UMP_Q_C_full_capture,0.5003114937765855,25,25,1.0
15,3.0,cell,UMP_Q_C_full_expected_random_purity,0.04,25,25,1.0
15,3.0,cell,UMP_Q_C_full_expected_random_capture,0.04,25,25,1.0
15,3.0,cell,UMP_Q_C_full_excess_purity,0.4603114937765856,25,25,1.0
15,3.0,cell,UMP_Q_C_full_excess_capture,0.4603114937765856,25,25,1.0
15,3.0,cell,UMP_Q_C_full_largest_canonical_correlation,0.9777508921891073,25,25,1.0
15,3.0,cell,UMP_Q_C_full_smallest_principal_angle,0.21116409083454132,25,25,1.0
15,3.0,cell,U4_Q_C_full_dim_U,4.0,25,25,1.0
15,3.0,cell,U4_Q_C_full_dim_Q,4.0,25,25,1.0
15,3.0,cell,U4_Q_C_full_shared_energy,2.0012459751063423,25,25,1.0
15,3.0,cell,U4_Q_C_full_purity,0.5003114937765855,25,25,1.0
15,3.0,cell,U4_Q_C_full_capture,0.5003114937765855,25,25,1.0
15,3.0,cell,U4_Q_C_full_expected_random_purity,0.04,25,25,1.0
15,3.0,cell,U4_Q_C_full_expected_random_capture,0.04,25,25,1.0
15,3.0,cell,U4_Q_C_full_excess_purity,0.4603114937765856,25,25,1.0
15,3.0,cell,U4_Q_C_full_excess_capture,0.4603114937765856,25,25,1.0
15,3.0,cell,U4_Q_C_full_largest_canonical_correlation,0.9777508921891073,25,25,1.0
15,3.0,cell,U4_Q_C_full_smallest_principal_angle,0.21116409083454132,25,25,1.0
15,3.0,cell,UMP_Q_P4_dim_U,4.0,25,25,1.0
15,3.0,cell,UMP_Q_P4_dim_Q,4.0,25,25,1.0
15,3.0,cell,UMP_Q_P4_shared_energy,2.010340961340028,25,25,1.0
15,3.0,cell,UMP_Q_P4_purity,0.502585240335007,25,25,1.0
15,3.0,cell,UMP_Q_P4_capture,0.502585240335007,25,25,1.0
15,3.0,cell,UMP_Q_P4_expected_random_purity,0.04,25,25,1.0
15,3.0,cell,UMP_Q_P4_expected_random_capture,0.04,25,25,1.0
15,3.0,cell,UMP_Q_P4_excess_purity,0.46258524033500686,25,25,1.0
15,3.0,cell,UMP_Q_P4_excess_capture,0.46258524033500686,25,25,1.0
15,3.0,cell,UMP_Q_P4_largest_canonical_correlation,0.9849460662485214,25,25,1.0
15,3.0,cell,UMP_Q_P4_smallest_principal_angle,0.17339167719921972,25,25,1.0
15,3.0,cell,U4_Q_P4_dim_U,4.0,25,25,1.0
15,3.0,cell,U4_Q_P4_dim_Q,4.0,25,25,1.0
15,3.0,cell,U4_Q_P4_shared_energy,2.010340961340028,25,25,1.0
15,3.0,cell,U4_Q_P4_purity,0.502585240335007,25,25,1.0
15,3.0,cell,U4_Q_P4_capture,0.502585240335007,25,25,1.0
15,3.0,cell,U4_Q_P4_expected_random_purity,0.04,25,25,1.0
15,3.0,cell,U4_Q_P4_expected_random_capture,0.04,25,25,1.0
15,3.0,cell,U4_Q_P4_excess_purity,0.46258524033500686,25,25,1.0
15,3.0,cell,U4_Q_P4_excess_capture,0.46258524033500686,25,25,1.0
15,3.0,cell,U4_Q_P4_largest_canonical_correlation,0.9849460662485214,25,25,1.0
15,3.0,cell,U4_Q_P4_smallest_principal_angle,0.17339167719921972,25,25,1.0
15,3.0,cell,QR_Q_F_dim_U,3.0,25,25,1.0
15,3.0,cell,QR_Q_F_dim_Q,5.0,25,25,1.0
15,3.0,cell,QR_Q_F_shared_energy,2.994368358584985,25,25,1.0
15,3.0,cell,QR_Q_F_purity,0.9981227861949951,25,25,1.0
15,3.0,cell,QR_Q_F_capture,0.5988736717169969,25,25,1.0
15,3.0,cell,QR_Q_F_expected_random_purity,0.05000000000000001,25,25,1.0
15,3.0,cell,QR_Q_F_expected_random_capture,0.03,25,25,1.0
15,3.0,cell,QR_Q_F_excess_purity,0.9481227861949949,25,25,1.0
15,3.0,cell,QR_Q_F_excess_capture,0.568873671716997,25,25,1.0
15,3.0,cell,QR_Q_F_largest_canonical_correlation,0.999428637662477,25,25,1.0
15,3.0,cell,QR_Q_F_smallest_principal_angle,0.03375529692698835,25,25,1.0
15,3.0,cell,QR_Q_C_dim_U,3.0,25,25,1.0
15,3.0,cell,QR_Q_C_dim_Q,3.0,25,25,1.0
15,3.0,cell,QR_Q_C_shared_energy,0.10752089432480305,25,25,1.0
15,3.0,cell,QR_Q_C_purity,0.035840298108267665,25,25,1.0
15,3.0,cell,QR_Q_C_capture,0.035840298108267665,25,25,1.0
15,3.0,cell,QR_Q_C_expected_random_purity,0.03,25,25,1.0
15,3.0,cell,QR_Q_C_expected_random_capture,0.03,25,25,1.0
15,3.0,cell,QR_Q_C_excess_purity,0.005840298108267661,25,25,1.0
15,3.0,cell,QR_Q_C_excess_capture,0.005840298108267661,25,25,1.0
15,3.0,cell,QR_Q_C_largest_canonical_correlation,0.3082720407955548,25,25,1.0
15,3.0,cell,QR_Q_C_smallest_principal_angle,1.2573896627741317,25,25,1.0
15,3.0,cell,QR_Q_C_unique_dim_U,3.0,25,25,1.0
15,3.0,cell,QR_Q_C_unique_dim_Q,3.0,25,25,1.0
15,3.0,cell,QR_Q_C_unique_shared_energy,0.0016379566978611682,25,25,1.0
15,3.0,cell,QR_Q_C_unique_purity,0.0005459855659537041,25,25,1.0
15,3.0,cell,QR_Q_C_unique_capture,0.0005459855659537041,25,25,1.0
15,3.0,cell,QR_Q_C_unique_expected_random_purity,0.03,25,25,1.0
15,3.0,cell,QR_Q_C_unique_expected_random_capture,0.03,25,25,1.0
15,3.0,cell,QR_Q_C_unique_excess_purity,-0.029454014434046195,25,25,1.0
15,3.0,cell,QR_Q_C_unique_excess_capture,-0.029454014434046195,25,25,1.0
15,3.0,cell,QR_Q_C_unique_largest_canonical_correlation,0.037134104648758985,25,25,1.0
15,3.0,cell,QR_Q_C_unique_smallest_principal_angle,1.5336527097601027,25,25,1.0
15,3.0,cell,QR_Q_C_full_dim_U,3.0,25,25,1.0
15,3.0,cell,QR_Q_C_full_dim_Q,4.0,25,25,1.0
15,3.0,cell,QR_Q_C_full_shared_energy,0.14844678194916916,25,25,1.0
15,3.0,cell,QR_Q_C_full_purity,0.04948226064972301,25,25,1.0
15,3.0,cell,QR_Q_C_full_capture,0.03711169548729226,25,25,1.0
15,3.0,cell,QR_Q_C_full_expected_random_purity,0.04,25,25,1.0
15,3.0,cell,QR_Q_C_full_expected_random_capture,0.03,25,25,1.0
15,3.0,cell,QR_Q_C_full_excess_purity,0.009482260649723007,25,25,1.0
15,3.0,cell,QR_Q_C_full_excess_capture,0.007111695487292264,25,25,1.0
15,3.0,cell,QR_Q_C_full_largest_canonical_correlation,0.3539908013083071,25,25,1.0
15,3.0,cell,QR_Q_C_full_smallest_principal_angle,1.2088902164340916,25,25,1.0
15,3.0,cell,QR_Q_P4_dim_U,3.0,25,25,1.0
15,3.0,cell,QR_Q_P4_dim_Q,4.0,25,25,1.0
15,3.0,cell,QR_Q_P4_shared_energy,0.15653316952111,25,25,1.0
15,3.0,cell,QR_Q_P4_purity,0.05217772317370329,25,25,1.0
15,3.0,cell,QR_Q_P4_capture,0.039133292380277455,25,25,1.0
15,3.0,cell,QR_Q_P4_expected_random_purity,0.04,25,25,1.0
15,3.0,cell,QR_Q_P4_expected_random_capture,0.03,25,25,1.0
15,3.0,cell,QR_Q_P4_excess_purity,0.012177723173703293,25,25,1.0
15,3.0,cell,QR_Q_P4_excess_capture,0.009133292380277457,25,25,1.0
15,3.0,cell,QR_Q_P4_largest_canonical_correlation,0.3493010091566534,25,25,1.0
15,3.0,cell,QR_Q_P4_smallest_principal_angle,1.2139112200253876,25,25,1.0
15,5.0,cell,UMP_Q_F_dim_U,2.0,25,25,1.0
15,5.0,cell,UMP_Q_F_dim_Q,5.0,25,25,1.0
15,5.0,cell,UMP_Q_F_shared_energy,0.022937621572186245,25,25,1.0
15,5.0,cell,UMP_Q_F_purity,0.0114688107860931,25,25,1.0
15,5.0,cell,UMP_Q_F_capture,0.004587524314437204,25,25,1.0
15,5.0,cell,UMP_Q_F_expected_random_purity,0.05000000000000001,25,25,1.0
15,5.0,cell,UMP_Q_F_expected_random_capture,0.02,25,25,1.0
15,5.0,cell,UMP_Q_F_excess_purity,-0.0385311892139068,25,25,1.0
15,5.0,cell,UMP_Q_F_excess_capture,-0.0154124756855627,25,25,1.0
15,5.0,cell,UMP_Q_F_largest_canonical_correlation,0.13253632247682723,25,25,1.0
15,5.0,cell,UMP_Q_F_smallest_principal_angle,1.4377191965866598,25,25,1.0
15,5.0,cell,U4_Q_F_dim_U,4.0,25,25,1.0
15,5.0,cell,U4_Q_F_dim_Q,5.0,25,25,1.0
15,5.0,cell,U4_Q_F_shared_energy,0.023834917053536814,25,25,1.0
15,5.0,cell,U4_Q_F_purity,0.005958729263384156,25,25,1.0
15,5.0,cell,U4_Q_F_capture,0.004766983410707316,25,25,1.0
15,5.0,cell,U4_Q_F_expected_random_purity,0.05000000000000001,25,25,1.0
15,5.0,cell,U4_Q_F_expected_random_capture,0.04,25,25,1.0
15,5.0,cell,U4_Q_F_excess_purity,-0.04404127073661575,25,25,1.0
15,5.0,cell,U4_Q_F_excess_capture,-0.035233016589292586,25,25,1.0
15,5.0,cell,U4_Q_F_largest_canonical_correlation,0.13369979396347254,25,25,1.0
15,5.0,cell,U4_Q_F_smallest_principal_angle,1.436541827259016,25,25,1.0
15,5.0,cell,UMP_Q_F_unique_dim_U,2.0,25,25,1.0
15,5.0,cell,UMP_Q_F_unique_dim_Q,5.0,25,25,1.0
15,5.0,cell,UMP_Q_F_unique_shared_energy,0.13237853400715807,25,25,1.0
15,5.0,cell,UMP_Q_F_unique_purity,0.06618926700357902,25,25,1.0
15,5.0,cell,UMP_Q_F_unique_capture,0.02647570680143158,25,25,1.0
15,5.0,cell,UMP_Q_F_unique_expected_random_purity,0.05000000000000001,25,25,1.0
15,5.0,cell,UMP_Q_F_unique_expected_random_capture,0.02,25,25,1.0
15,5.0,cell,UMP_Q_F_unique_excess_purity,0.016189267003579,25,25,1.0
15,5.0,cell,UMP_Q_F_unique_excess_capture,0.006475706801431585,25,25,1.0
15,5.0,cell,UMP_Q_F_unique_largest_canonical_correlation,0.3276418900572397,25,25,1.0
15,5.0,cell,UMP_Q_F_unique_smallest_principal_angle,1.236875599123734,25,25,1.0
15,5.0,cell,U4_Q_F_unique_dim_U,4.0,25,25,1.0
15,5.0,cell,U4_Q_F_unique_dim_Q,5.0,25,25,1.0
15,5.0,cell,U4_Q_F_unique_shared_energy,0.14388655108706533,25,25,1.0
15,5.0,cell,U4_Q_F_unique_purity,0.03597163777176629,25,25,1.0
15,5.0,cell,U4_Q_F_unique_capture,0.028777310217413022,25,25,1.0
15,5.0,cell,U4_Q_F_unique_expected_random_purity,0.05000000000000001,25,25,1.0
15,5.0,cell,U4_Q_F_unique_expected_random_capture,0.04,25,25,1.0
15,5.0,cell,U4_Q_F_unique_excess_purity,-0.01402836222823362,25,25,1.0
15,5.0,cell,U4_Q_F_unique_excess_capture,-0.011222689782586875,25,25,1.0
15,5.0,cell,U4_Q_F_unique_largest_canonical_correlation,0.33520752970400847,25,25,1.0
15,5.0,cell,U4_Q_F_unique_smallest_principal_angle,1.2288453874094645,25,25,1.0
15,5.0,cell,UMP_Q_C_dim_U,2.0,25,25,1.0
15,5.0,cell,UMP_Q_C_dim_Q,3.0,25,25,1.0
15,5.0,cell,UMP_Q_C_shared_energy,1.3088681834932265,25,25,1.0
15,5.0,cell,UMP_Q_C_purity,0.6544340917466134,25,25,1.0
15,5.0,cell,UMP_Q_C_capture,0.43628939449774223,25,25,1.0
15,5.0,cell,UMP_Q_C_expected_random_purity,0.03,25,25,1.0
15,5.0,cell,UMP_Q_C_expected_random_capture,0.02,25,25,1.0
15,5.0,cell,UMP_Q_C_excess_purity,0.6244340917466134,25,25,1.0
15,5.0,cell,UMP_Q_C_excess_capture,0.41628939449774216,25,25,1.0
15,5.0,cell,UMP_Q_C_largest_canonical_correlation,0.9412914909230189,25,25,1.0
15,5.0,cell,UMP_Q_C_smallest_principal_angle,0.34357646100190764,25,25,1.0
15,5.0,cell,U4_Q_C_dim_U,4.0,25,25,1.0
15,5.0,cell,U4_Q_C_dim_Q,3.0,25,25,1.0
15,5.0,cell,U4_Q_C_shared_energy,1.5540146679137745,25,25,1.0
15,5.0,cell,U4_Q_C_purity,0.38850366697844363,25,25,1.0
15,5.0,cell,U4_Q_C_capture,0.5180048893045915,25,25,1.0
15,5.0,cell,U4_Q_C_expected_random_purity,0.03,25,25,1.0
15,5.0,cell,U4_Q_C_expected_random_capture,0.04,25,25,1.0
15,5.0,cell,U4_Q_C_excess_purity,0.35850366697844366,25,25,1.0
15,5.0,cell,U4_Q_C_excess_capture,0.4780048893045915,25,25,1.0
15,5.0,cell,U4_Q_C_largest_canonical_correlation,0.9420274068119703,25,25,1.0
15,5.0,cell,U4_Q_C_smallest_principal_angle,0.34132201416378494,25,25,1.0
15,5.0,cell,UMP_Q_C_unique_dim_U,2.0,25,25,1.0
15,5.0,cell,UMP_Q_C_unique_dim_Q,3.0,25,25,1.0
15,5.0,cell,UMP_Q_C_unique_shared_energy,1.4183090959281979,25,25,1.0
15,5.0,cell,UMP_Q_C_unique_purity,0.7091545479640989,25,25,1.0
15,5.0,cell,UMP_Q_C_unique_capture,0.4727696986427327,25,25,1.0
15,5.0,cell,UMP_Q_C_unique_expected_random_purity,0.03,25,25,1.0
15,5.0,cell,UMP_Q_C_unique_expected_random_capture,0.02,25,25,1.0
15,5.0,cell,UMP_Q_C_unique_excess_purity,0.679154547964099,25,25,1.0
15,5.0,cell,UMP_Q_C_unique_excess_capture,0.45276969864273264,25,25,1.0
15,5.0,cell,UMP_Q_C_unique_largest_canonical_correlation,0.9771674281368538,25,25,1.0
15,5.0,cell,UMP_Q_C_unique_smallest_principal_angle,0.21294078342320868,25,25,1.0
15,5.0,cell,U4_Q_C_unique_dim_U,4.0,25,25,1.0
15,5.0,cell,U4_Q_C_unique_dim_Q,3.0,25,25,1.0
15,5.0,cell,U4_Q_C_unique_shared_energy,1.674066301947302,25,25,1.0
15,5.0,cell,U4_Q_C_unique_purity,0.4185165754868255,25,25,1.0
15,5.0,cell,U4_Q_C_unique_capture,0.5580221006491007,25,25,1.0
15,5.0,cell,U4_Q_C_unique_expected_random_purity,0.03,25,25,1.0
15,5.0,cell,U4_Q_C_unique_expected_random_capture,0.04,25,25,1.0
15,5.0,cell,U4_Q_C_unique_excess_purity,0.38851657548682544,25,25,1.0
15,5.0,cell,U4_Q_C_unique_excess_capture,0.5180221006491006,25,25,1.0
15,5.0,cell,U4_Q_C_unique_largest_canonical_correlation,0.9775842660190988,25,25,1.0
15,5.0,cell,U4_Q_C_unique_smallest_principal_angle,0.2109721581332079,25,25,1.0
15,5.0,cell,UMP_Q_C_full_dim_U,2.0,25,25,1.0
15,5.0,cell,UMP_Q_C_full_dim_Q,4.0,25,25,1.0
15,5.0,cell,UMP_Q_C_full_shared_energy,1.816509498699749,25,25,1.0
15,5.0,cell,UMP_Q_C_full_purity,0.9082547493498745,25,25,1.0
15,5.0,cell,UMP_Q_C_full_capture,0.45412737467493725,25,25,1.0
15,5.0,cell,UMP_Q_C_full_expected_random_purity,0.04,25,25,1.0
15,5.0,cell,UMP_Q_C_full_expected_random_capture,0.02,25,25,1.0
15,5.0,cell,UMP_Q_C_full_excess_purity,0.8682547493498746,25,25,1.0
15,5.0,cell,UMP_Q_C_full_excess_capture,0.4341273746749373,25,25,1.0
15,5.0,cell,UMP_Q_C_full_largest_canonical_correlation,0.9671416661514857,25,25,1.0
15,5.0,cell,UMP_Q_C_full_smallest_principal_angle,0.2555371169892269,25,25,1.0
15,5.0,cell,U4_Q_C_full_dim_U,4.0,25,25,1.0
15,5.0,cell,U4_Q_C_full_dim_Q,4.0,25,25,1.0
15,5.0,cell,U4_Q_C_full_shared_energy,2.0986108815911906,25,25,1.0
15,5.0,cell,U4_Q_C_full_purity,0.5246527203977976,25,25,1.0
15,5.0,cell,U4_Q_C_full_capture,0.5246527203977976,25,25,1.0
15,5.0,cell,U4_Q_C_full_expected_random_purity,0.04,25,25,1.0
15,5.0,cell,U4_Q_C_full_expected_random_capture,0.04,25,25,1.0
15,5.0,cell,U4_Q_C_full_excess_purity,0.4846527203977975,25,25,1.0
15,5.0,cell,U4_Q_C_full_excess_capture,0.4846527203977975,25,25,1.0
15,5.0,cell,U4_Q_C_full_largest_canonical_correlation,0.9675083498108914,25,25,1.0
15,5.0,cell,U4_Q_C_full_smallest_principal_angle,0.2540417597006001,25,25,1.0
15,5.0,cell,UMP_Q_P4_dim_U,2.0,25,25,1.0
15,5.0,cell,UMP_Q_P4_dim_Q,4.0,25,25,1.0
15,5.0,cell,UMP_Q_P4_shared_energy,1.847015083263729,25,25,1.0
15,5.0,cell,UMP_Q_P4_purity,0.9235075416318645,25,25,1.0
15,5.0,cell,UMP_Q_P4_capture,0.46175377081593216,25,25,1.0
15,5.0,cell,UMP_Q_P4_expected_random_purity,0.04,25,25,1.0
15,5.0,cell,UMP_Q_P4_expected_random_capture,0.02,25,25,1.0
15,5.0,cell,UMP_Q_P4_excess_purity,0.8835075416318645,25,25,1.0
15,5.0,cell,UMP_Q_P4_excess_capture,0.4417537708159322,25,25,1.0
15,5.0,cell,UMP_Q_P4_largest_canonical_correlation,0.9773691093645047,25,25,1.0
15,5.0,cell,UMP_Q_P4_smallest_principal_angle,0.21098561479350164,25,25,1.0
15,5.0,cell,U4_Q_P4_dim_U,4.0,25,25,1.0
15,5.0,cell,U4_Q_P4_dim_Q,4.0,25,25,1.0
15,5.0,cell,U4_Q_P4_shared_energy,2.1419352936153984,25,25,1.0
15,5.0,cell,U4_Q_P4_purity,0.5354838234038496,25,25,1.0
15,5.0,cell,U4_Q_P4_capture,0.5354838234038496,25,25,1.0
15,5.0,cell,U4_Q_P4_expected_random_purity,0.04,25,25,1.0
15,5.0,cell,U4_Q_P4_expected_random_capture,0.04,25,25,1.0
15,5.0,cell,U4_Q_P4_excess_purity,0.49548382340384955,25,25,1.0
15,5.0,cell,U4_Q_P4_excess_capture,0.49548382340384955,25,25,1.0
15,5.0,cell,U4_Q_P4_largest_canonical_correlation,0.9775886658044448,25,25,1.0
15,5.0,cell,U4_Q_P4_smallest_principal_angle,0.20987282801258847,25,25,1.0
15,5.0,cell,QR_Q_F_dim_U,5.0,25,25,1.0
15,5.0,cell,QR_Q_F_dim_Q,5.0,25,25,1.0
15,5.0,cell,QR_Q_F_shared_energy,4.965041476077044,25,25,1.0
15,5.0,cell,QR_Q_F_purity,0.9930082952154085,25,25,1.0
15,5.0,cell,QR_Q_F_capture,0.9930082952154085,25,25,1.0
15,5.0,cell,QR_Q_F_expected_random_purity,0.05000000000000001,25,25,1.0
15,5.0,cell,QR_Q_F_expected_random_capture,0.05000000000000001,25,25,1.0
15,5.0,cell,QR_Q_F_excess_purity,0.9430082952154085,25,25,1.0
15,5.0,cell,QR_Q_F_excess_capture,0.9430082952154085,25,25,1.0
15,5.0,cell,QR_Q_F_largest_canonical_correlation,0.9994845624952634,25,25,1.0
15,5.0,cell,QR_Q_F_smallest_principal_angle,0.03208604466167238,25,25,1.0
15,5.0,cell,QR_Q_C_dim_U,5.0,25,25,1.0
15,5.0,cell,QR_Q_C_dim_Q,3.0,25,25,1.0
15,5.0,cell,QR_Q_C_shared_energy,0.23824571615578463,25,25,1.0
15,5.0,cell,QR_Q_C_purity,0.0476491432311569,25,25,1.0
15,5.0,cell,QR_Q_C_capture,0.07941523871859485,25,25,1.0
15,5.0,cell,QR_Q_C_expected_random_purity,0.03,25,25,1.0
15,5.0,cell,QR_Q_C_expected_random_capture,0.05000000000000001,25,25,1.0
15,5.0,cell,QR_Q_C_excess_purity,0.01764914323115689,25,25,1.0
15,5.0,cell,QR_Q_C_excess_capture,0.02941523871859485,25,25,1.0
15,5.0,cell,QR_Q_C_largest_canonical_correlation,0.4253390615996806,25,25,1.0
15,5.0,cell,QR_Q_C_smallest_principal_angle,1.1314246145228137,25,25,1.0
15,5.0,cell,QR_Q_C_unique_dim_U,5.0,25,25,1.0
15,5.0,cell,QR_Q_C_unique_dim_Q,3.0,25,25,1.0
15,5.0,cell,QR_Q_C_unique_shared_energy,0.018742209366796662,25,25,1.0
15,5.0,cell,QR_Q_C_unique_purity,0.0037484418733592876,25,25,1.0
15,5.0,cell,QR_Q_C_unique_capture,0.006247403122265516,25,25,1.0
15,5.0,cell,QR_Q_C_unique_expected_random_purity,0.03,25,25,1.0
15,5.0,cell,QR_Q_C_unique_expected_random_capture,0.05000000000000001,25,25,1.0
15,5.0,cell,QR_Q_C_unique_excess_purity,-0.026251558126640612,25,25,1.0
15,5.0,cell,QR_Q_C_unique_excess_capture,-0.04375259687773439,25,25,1.0
15,5.0,cell,QR_Q_C_unique_largest_canonical_correlation,0.12413359887810323,25,25,1.0
15,5.0,cell,QR_Q_C_unique_smallest_principal_angle,1.446251916657017,25,25,1.0
15,5.0,cell,QR_Q_C_full_dim_U,5.0,25,25,1.0
15,5.0,cell,QR_Q_C_full_dim_Q,4.0,25,25,1.0
15,5.0,cell,QR_Q_C_full_shared_energy,0.3484811724303618,25,25,1.0
15,5.0,cell,QR_Q_C_full_purity,0.0696962344860723,25,25,1.0
15,5.0,cell,QR_Q_C_full_capture,0.08712029310759041,25,25,1.0
15,5.0,cell,QR_Q_C_full_expected_random_purity,0.04,25,25,1.0
15,5.0,cell,QR_Q_C_full_expected_random_capture,0.05000000000000001,25,25,1.0
15,5.0,cell,QR_Q_C_full_excess_purity,0.02969623448607231,25,25,1.0
15,5.0,cell,QR_Q_C_full_excess_capture,0.03712029310759039,25,25,1.0
15,5.0,cell,QR_Q_C_full_largest_canonical_correlation,0.5096664388315957,25,25,1.0
15,5.0,cell,QR_Q_C_full_smallest_principal_angle,1.0359667856023782,25,25,1.0
15,5.0,cell,QR_Q_P4_dim_U,5.0,25,25,1.0
15,5.0,cell,QR_Q_P4_dim_Q,4.0,25,25,1.0
15,5.0,cell,QR_Q_P4_shared_energy,0.33861221366769995,25,25,1.0
15,5.0,cell,QR_Q_P4_purity,0.06772244273353996,25,25,1.0
15,5.0,cell,QR_Q_P4_capture,0.08465305341692496,25,25,1.0
15,5.0,cell,QR_Q_P4_expected_random_purity,0.04,25,25,1.0
15,5.0,cell,QR_Q_P4_expected_random_capture,0.05000000000000001,25,25,1.0
15,5.0,cell,QR_Q_P4_excess_purity,0.027722442733539944,25,25,1.0
15,5.0,cell,QR_Q_P4_excess_capture,0.034653053416924935,25,25,1.0
15,5.0,cell,QR_Q_P4_largest_canonical_correlation,0.4889952844652386,25,25,1.0
15,5.0,cell,QR_Q_P4_smallest_principal_angle,1.059819685090913,25,25,1.0
15,7.0,cell,UMP_Q_F_dim_U,2.04,25,25,1.0
15,7.0,cell,UMP_Q_F_dim_Q,5.0,25,25,1.0
15,7.0,cell,UMP_Q_F_shared_energy,0.000583400384683016,25,25,1.0
15,7.0,cell,UMP_Q_F_purity,0.000293567372127008,25,25,1.0
15,7.0,cell,UMP_Q_F_capture,0.00011668007693658564,25,25,1.0
15,7.0,cell,UMP_Q_F_expected_random_purity,0.05000000000000001,25,25,1.0
15,7.0,cell,UMP_Q_F_expected_random_capture,0.0204,25,25,1.0
15,7.0,cell,UMP_Q_F_excess_purity,-0.049706432627872894,25,25,1.0
15,7.0,cell,UMP_Q_F_excess_capture,-0.020283319923063346,25,25,1.0
15,7.0,cell,UMP_Q_F_largest_canonical_correlation,0.020979311252764074,25,25,1.0
15,7.0,cell,UMP_Q_F_smallest_principal_angle,1.549815216341233,25,25,1.0
15,7.0,cell,U4_Q_F_dim_U,4.0,25,25,1.0
15,7.0,cell,U4_Q_F_dim_Q,5.0,25,25,1.0
15,7.0,cell,U4_Q_F_shared_energy,0.0009010646544711718,25,25,1.0
15,7.0,cell,U4_Q_F_purity,0.000225266163617756,25,25,1.0
15,7.0,cell,U4_Q_F_capture,0.0001802129308942,25,25,1.0
15,7.0,cell,U4_Q_F_expected_random_purity,0.05000000000000001,25,25,1.0
15,7.0,cell,U4_Q_F_expected_random_capture,0.04,25,25,1.0
15,7.0,cell,U4_Q_F_excess_purity,-0.049774733836382146,25,25,1.0
15,7.0,cell,U4_Q_F_excess_capture,-0.0398197870691057,25,25,1.0
15,7.0,cell,U4_Q_F_largest_canonical_correlation,0.02374212314656522,25,25,1.0
15,7.0,cell,U4_Q_F_smallest_principal_angle,1.5470517754292081,25,25,1.0
15,7.0,cell,UMP_Q_F_unique_dim_U,2.04,25,25,1.0
15,7.0,cell,UMP_Q_F_unique_dim_Q,5.0,25,25,1.0
15,7.0,cell,UMP_Q_F_unique_shared_energy,0.007976353849073992,25,25,1.0
15,7.0,cell,UMP_Q_F_unique_purity,0.003936058686728027,25,25,1.0
15,7.0,cell,UMP_Q_F_unique_capture,0.0015952707698147597,25,25,1.0
15,7.0,cell,UMP_Q_F_unique_expected_random_purity,0.05000000000000001,25,25,1.0
15,7.0,cell,UMP_Q_F_unique_expected_random_capture,0.0204,25,25,1.0
15,7.0,cell,UMP_Q_F_unique_excess_purity,-0.04606394131327187,25,25,1.0
15,7.0,cell,UMP_Q_F_unique_excess_capture,-0.01880472923018514,25,25,1.0
15,7.0,cell,UMP_Q_F_unique_largest_canonical_correlation,0.0824676337849718,25,25,1.0
15,7.0,cell,UMP_Q_F_unique_smallest_principal_angle,1.4882226561408936,25,25,1.0
15,7.0,cell,U4_Q_F_unique_dim_U,4.0,25,25,1.0
15,7.0,cell,U4_Q_F_unique_dim_Q,5.0,25,25,1.0
15,7.0,cell,U4_Q_F_unique_shared_energy,0.011176538853723264,25,25,1.0
15,7.0,cell,U4_Q_F_unique_purity,0.00279413471343078,25,25,1.0
15,7.0,cell,U4_Q_F_unique_capture,0.002235307770744616,25,25,1.0
15,7.0,cell,U4_Q_F_unique_expected_random_purity,0.05000000000000001,25,25,1.0
15,7.0,cell,U4_Q_F_unique_expected_random_capture,0.04,25,25,1.0
15,7.0,cell,U4_Q_F_unique_excess_purity,-0.04720586528656913,25,25,1.0
15,7.0,cell,U4_Q_F_unique_excess_capture,-0.03776469222925529,25,25,1.0
15,7.0,cell,U4_Q_F_unique_largest_canonical_correlation,0.0964252927685121,25,25,1.0
15,7.0,cell,U4_Q_F_unique_smallest_principal_angle,1.4742045308375558,25,25,1.0
15,7.0,cell,UMP_Q_C_dim_U,2.04,25,25,1.0
15,7.0,cell,UMP_Q_C_dim_Q,3.0,25,25,1.0
15,7.0,cell,UMP_Q_C_shared_energy,0.12675227692928337,25,25,1.0
15,7.0,cell,UMP_Q_C_purity,0.06201961765093209,25,25,1.0
15,7.0,cell,UMP_Q_C_capture,0.042250758976427764,25,25,1.0
15,7.0,cell,UMP_Q_C_expected_random_purity,0.03,25,25,1.0
15,7.0,cell,UMP_Q_C_expected_random_capture,0.0204,25,25,1.0
15,7.0,cell,UMP_Q_C_excess_purity,0.03201961765093209,25,25,1.0
15,7.0,cell,UMP_Q_C_excess_capture,0.021850758976427763,25,25,1.0
15,7.0,cell,UMP_Q_C_largest_canonical_correlation,0.3250426440099106,25,25,1.0
15,7.0,cell,UMP_Q_C_smallest_principal_angle,1.2390023688200298,25,25,1.0
15,7.0,cell,U4_Q_C_dim_U,4.0,25,25,1.0
15,7.0,cell,U4_Q_C_dim_Q,3.0,25,25,1.0
15,7.0,cell,U4_Q_C_shared_energy,0.17206400980226033,25,25,1.0
15,7.0,cell,U4_Q_C_purity,0.043016002450565034,25,25,1.0
15,7.0,cell,U4_Q_C_capture,0.057354669934086736,25,25,1.0
15,7.0,cell,U4_Q_C_expected_random_purity,0.03,25,25,1.0
15,7.0,cell,U4_Q_C_expected_random_capture,0.04,25,25,1.0
15,7.0,cell,U4_Q_C_excess_purity,0.013016002450565058,25,25,1.0
15,7.0,cell,U4_Q_C_excess_capture,0.017354669934086756,25,25,1.0
15,7.0,cell,U4_Q_C_largest_canonical_correlation,0.3780045924164896,25,25,1.0
15,7.0,cell,U4_Q_C_smallest_principal_angle,1.182409445390348,25,25,1.0
15,7.0,cell,UMP_Q_C_unique_dim_U,2.04,25,25,1.0
15,7.0,cell,UMP_Q_C_unique_dim_Q,3.0,25,25,1.0
15,7.0,cell,UMP_Q_C_unique_shared_energy,0.13414523039367418,25,25,1.0
15,7.0,cell,UMP_Q_C_unique_purity,0.065662108965533,25,25,1.0
15,7.0,cell,UMP_Q_C_unique_capture,0.04471507679789136,25,25,1.0
15,7.0,cell,UMP_Q_C_unique_expected_random_purity,0.03,25,25,1.0
15,7.0,cell,UMP_Q_C_unique_expected_random_capture,0.0204,25,25,1.0
15,7.0,cell,UMP_Q_C_unique_excess_purity,0.035662108965533,25,25,1.0
15,7.0,cell,UMP_Q_C_unique_excess_capture,0.024315076797891355,25,25,1.0
15,7.0,cell,UMP_Q_C_unique_largest_canonical_correlation,0.332940456223063,25,25,1.0
15,7.0,cell,UMP_Q_C_unique_smallest_principal_angle,1.2305715609182588,25,25,1.0
15,7.0,cell,U4_Q_C_unique_dim_U,4.0,25,25,1.0
15,7.0,cell,U4_Q_C_unique_dim_Q,3.0,25,25,1.0
15,7.0,cell,U4_Q_C_unique_shared_energy,0.1823394840015122,25,25,1.0
15,7.0,cell,U4_Q_C_unique_purity,0.04558487100037803,25,25,1.0
15,7.0,cell,U4_Q_C_unique_capture,0.06077982800050405,25,25,1.0
15,7.0,cell,U4_Q_C_unique_expected_random_purity,0.03,25,25,1.0
15,7.0,cell,U4_Q_C_unique_expected_random_capture,0.04,25,25,1.0
15,7.0,cell,U4_Q_C_unique_excess_purity,0.015584871000378036,25,25,1.0
15,7.0,cell,U4_Q_C_unique_excess_capture,0.020779828000504052,25,25,1.0
15,7.0,cell,U4_Q_C_unique_largest_canonical_correlation,0.38712303380210783,25,25,1.0
15,7.0,cell,U4_Q_C_unique_smallest_principal_angle,1.1724306836002165,25,25,1.0
15,7.0,cell,UMP_Q_C_full_dim_U,2.04,25,25,1.0
15,7.0,cell,UMP_Q_C_full_dim_Q,4.0,25,25,1.0
15,7.0,cell,UMP_Q_C_full_shared_energy,0.14025745104991702,25,25,1.0
15,7.0,cell,UMP_Q_C_full_purity,0.06895855997498558,25,25,1.0
15,7.0,cell,UMP_Q_C_full_capture,0.03506436276247922,25,25,1.0
15,7.0,cell,UMP_Q_C_full_expected_random_purity,0.04,25,25,1.0
15,7.0,cell,UMP_Q_C_full_expected_random_capture,0.0204,25,25,1.0
15,7.0,cell,UMP_Q_C_full_excess_purity,0.028958559974985584,25,25,1.0
15,7.0,cell,UMP_Q_C_full_excess_capture,0.014664362762479222,25,25,1.0
15,7.0,cell,UMP_Q_C_full_largest_canonical_correlation,0.3360875201809717,25,25,1.0
15,7.0,cell,UMP_Q_C_full_smallest_principal_angle,1.2272805855966376,25,25,1.0
15,7.0,cell,U4_Q_C_full_dim_U,4.0,25,25,1.0
15,7.0,cell,U4_Q_C_full_dim_Q,4.0,25,25,1.0
15,7.0,cell,U4_Q_C_full_shared_energy,0.19215288370850003,25,25,1.0
15,7.0,cell,U4_Q_C_full_purity,0.048038220927124974,25,25,1.0
15,7.0,cell,U4_Q_C_full_capture,0.048038220927124974,25,25,1.0
15,7.0,cell,U4_Q_C_full_expected_random_purity,0.04,25,25,1.0
15,7.0,cell,U4_Q_C_full_expected_random_capture,0.04,25,25,1.0
15,7.0,cell,U4_Q_C_full_excess_purity,0.008038220927125013,25,25,1.0
15,7.0,cell,U4_Q_C_full_excess_capture,0.008038220927125013,25,25,1.0
15,7.0,cell,U4_Q_C_full_largest_canonical_correlation,0.3907964390684277,25,25,1.0
15,7.0,cell,U4_Q_C_full_smallest_principal_angle,1.168556510859906,25,25,1.0
15,7.0,cell,UMP_Q_P4_dim_U,2.04,25,25,1.0
15,7.0,cell,UMP_Q_P4_dim_Q,4.0,25,25,1.0
15,7.0,cell,UMP_Q_P4_shared_energy,0.14922244929192552,25,25,1.0
15,7.0,cell,UMP_Q_P4_purity,0.07284762148314594,25,25,1.0
15,7.0,cell,UMP_Q_P4_capture,0.03730561232298133,25,25,1.0
15,7.0,cell,UMP_Q_P4_expected_random_purity,0.04,25,25,1.0
15,7.0,cell,UMP_Q_P4_expected_random_capture,0.0204,25,25,1.0
15,7.0,cell,UMP_Q_P4_excess_purity,0.03284762148314595,25,25,1.0
15,7.0,cell,UMP_Q_P4_excess_capture,0.01690561232298134,25,25,1.0
15,7.0,cell,UMP_Q_P4_largest_canonical_correlation,0.3458566859575171,25,25,1.0
15,7.0,cell,UMP_Q_P4_smallest_principal_angle,1.2164246698300594,25,25,1.0
15,7.0,cell,U4_Q_P4_dim_U,4.0,25,25,1.0
15,7.0,cell,U4_Q_P4_dim_Q,4.0,25,25,1.0
15,7.0,cell,U4_Q_P4_shared_energy,0.20161398152955382,25,25,1.0
15,7.0,cell,U4_Q_P4_purity,0.05040349538238842,25,25,1.0
15,7.0,cell,U4_Q_P4_capture,0.05040349538238842,25,25,1.0
15,7.0,cell,U4_Q_P4_expected_random_purity,0.04,25,25,1.0
15,7.0,cell,U4_Q_P4_expected_random_capture,0.04,25,25,1.0
15,7.0,cell,U4_Q_P4_excess_purity,0.010403495382388456,25,25,1.0
15,7.0,cell,U4_Q_P4_excess_capture,0.010403495382388456,25,25,1.0
15,7.0,cell,U4_Q_P4_largest_canonical_correlation,0.40343716910653066,25,25,1.0
15,7.0,cell,U4_Q_P4_smallest_principal_angle,1.1545994617782125,25,25,1.0
15,7.0,cell,QR_Q_F_dim_U,7.0,25,25,1.0
15,7.0,cell,QR_Q_F_dim_Q,5.0,25,25,1.0
15,7.0,cell,QR_Q_F_shared_energy,4.9870364005197505,25,25,1.0
15,7.0,cell,QR_Q_F_purity,0.7124337715028214,25,25,1.0
15,7.0,cell,QR_Q_F_capture,0.9974072801039499,25,25,1.0
15,7.0,cell,QR_Q_F_expected_random_purity,0.05000000000000001,25,25,1.0
15,7.0,cell,QR_Q_F_expected_random_capture,0.07,25,25,1.0
15,7.0,cell,QR_Q_F_excess_purity,0.6624337715028215,25,25,1.0
15,7.0,cell,QR_Q_F_excess_capture,0.92740728010395,25,25,1.0
15,7.0,cell,QR_Q_F_largest_canonical_correlation,0.9995794545571043,25,25,1.0
15,7.0,cell,QR_Q_F_smallest_principal_angle,0.028938882771766494,25,25,1.0
15,7.0,cell,QR_Q_C_dim_U,7.0,25,25,1.0
15,7.0,cell,QR_Q_C_dim_Q,3.0,25,25,1.0
15,7.0,cell,QR_Q_C_shared_energy,1.5570870691425844,25,25,1.0
15,7.0,cell,QR_Q_C_purity,0.222441009877512,25,25,1.0
15,7.0,cell,QR_Q_C_capture,0.519029023047528,25,25,1.0
15,7.0,cell,QR_Q_C_expected_random_purity,0.03,25,25,1.0
15,7.0,cell,QR_Q_C_expected_random_capture,0.07,25,25,1.0
15,7.0,cell,QR_Q_C_excess_purity,0.19244100987751195,25,25,1.0
15,7.0,cell,QR_Q_C_excess_capture,0.449029023047528,25,25,1.0
15,7.0,cell,QR_Q_C_largest_canonical_correlation,0.9865012856595584,25,25,1.0
15,7.0,cell,QR_Q_C_smallest_principal_angle,0.16445922758930895,25,25,1.0
15,7.0,cell,QR_Q_C_unique_dim_U,7.0,25,25,1.0
15,7.0,cell,QR_Q_C_unique_dim_Q,3.0,25,25,1.0
15,7.0,cell,QR_Q_C_unique_shared_energy,1.4425348361465393,25,25,1.0
15,7.0,cell,QR_Q_C_unique_purity,0.20607640516379128,25,25,1.0
15,7.0,cell,QR_Q_C_unique_capture,0.48084494538217976,25,25,1.0
15,7.0,cell,QR_Q_C_unique_expected_random_purity,0.03,25,25,1.0
15,7.0,cell,QR_Q_C_unique_expected_random_capture,0.07,25,25,1.0
15,7.0,cell,QR_Q_C_unique_excess_purity,0.1760764051637913,25,25,1.0
15,7.0,cell,QR_Q_C_unique_excess_capture,0.41084494538217975,25,25,1.0
15,7.0,cell,QR_Q_C_unique_largest_canonical_correlation,0.9854700771581969,25,25,1.0
15,7.0,cell,QR_Q_C_unique_smallest_principal_angle,0.17064164956060382,25,25,1.0
15,7.0,cell,QR_Q_C_full_dim_U,7.0,25,25,1.0
15,7.0,cell,QR_Q_C_full_dim_Q,4.0,25,25,1.0
15,7.0,cell,QR_Q_C_full_shared_energy,2.1632417720701467,25,25,1.0
15,7.0,cell,QR_Q_C_full_purity,0.3090345388671638,25,25,1.0
15,7.0,cell,QR_Q_C_full_capture,0.5408104430175367,25,25,1.0
15,7.0,cell,QR_Q_C_full_expected_random_purity,0.04,25,25,1.0
15,7.0,cell,QR_Q_C_full_expected_random_capture,0.07,25,25,1.0
15,7.0,cell,QR_Q_C_full_excess_purity,0.26903453886716383,25,25,1.0
15,7.0,cell,QR_Q_C_full_excess_capture,0.4708104430175367,25,25,1.0
15,7.0,cell,QR_Q_C_full_largest_canonical_correlation,0.9874826551531691,25,25,1.0
15,7.0,cell,QR_Q_C_full_smallest_principal_angle,0.15837502451206706,25,25,1.0
15,7.0,cell,QR_Q_P4_dim_U,7.0,25,25,1.0
15,7.0,cell,QR_Q_P4_dim_Q,4.0,25,25,1.0
15,7.0,cell,QR_Q_P4_shared_energy,2.1915760376614912,25,25,1.0
15,7.0,cell,QR_Q_P4_purity,0.3130822910944987,25,25,1.0
15,7.0,cell,QR_Q_P4_capture,0.5478940094153728,25,25,1.0
15,7.0,cell,QR_Q_P4_expected_random_purity,0.04,25,25,1.0
15,7.0,cell,QR_Q_P4_expected_random_capture,0.07,25,25,1.0
15,7.0,cell,QR_Q_P4_excess_purity,0.2730822910944987,25,25,1.0
15,7.0,cell,QR_Q_P4_excess_capture,0.4778940094153727,25,25,1.0
15,7.0,cell,QR_Q_P4_largest_canonical_correlation,0.9949046414519368,25,25,1.0
15,7.0,cell,QR_Q_P4_smallest_principal_angle,0.1009129075502422,25,25,1.0
16,3.0,cell,UMP_Q_F_dim_U,4.0,25,25,1.0
16,3.0,cell,UMP_Q_F_dim_Q,5.0,25,25,1.0
16,3.0,cell,UMP_Q_F_shared_energy,1.9649567325556176,25,25,1.0
16,3.0,cell,UMP_Q_F_purity,0.49123918313890436,25,25,1.0
16,3.0,cell,UMP_Q_F_capture,0.39299134651112344,25,25,1.0
16,3.0,cell,UMP_Q_F_expected_random_purity,0.05000000000000001,25,25,1.0
16,3.0,cell,UMP_Q_F_expected_random_capture,0.04,25,25,1.0
16,3.0,cell,UMP_Q_F_excess_purity,0.44123918313890437,25,25,1.0
16,3.0,cell,UMP_Q_F_excess_capture,0.3529913465111235,25,25,1.0
16,3.0,cell,UMP_Q_F_largest_canonical_correlation,0.9938541206905588,25,25,1.0
16,3.0,cell,UMP_Q_F_smallest_principal_angle,0.1102304526886034,25,25,1.0
16,3.0,cell,U4_Q_F_dim_U,4.0,25,25,1.0
16,3.0,cell,U4_Q_F_dim_Q,5.0,25,25,1.0
16,3.0,cell,U4_Q_F_shared_energy,1.9649567325556176,25,25,1.0
16,3.0,cell,U4_Q_F_purity,0.49123918313890436,25,25,1.0
16,3.0,cell,U4_Q_F_capture,0.39299134651112344,25,25,1.0
16,3.0,cell,U4_Q_F_expected_random_purity,0.05000000000000001,25,25,1.0
16,3.0,cell,U4_Q_F_expected_random_capture,0.04,25,25,1.0
16,3.0,cell,U4_Q_F_excess_purity,0.44123918313890437,25,25,1.0
16,3.0,cell,U4_Q_F_excess_capture,0.3529913465111235,25,25,1.0
16,3.0,cell,U4_Q_F_largest_canonical_correlation,0.9938541206905588,25,25,1.0
16,3.0,cell,U4_Q_F_smallest_principal_angle,0.1102304526886034,25,25,1.0
16,3.0,cell,UMP_Q_F_unique_dim_U,4.0,25,25,1.0
16,3.0,cell,UMP_Q_F_unique_dim_Q,5.0,25,25,1.0
16,3.0,cell,UMP_Q_F_unique_shared_energy,1.9821075636297942,25,25,1.0
16,3.0,cell,UMP_Q_F_unique_purity,0.4955268909074485,25,25,1.0
16,3.0,cell,UMP_Q_F_unique_capture,0.39642151272595877,25,25,1.0
16,3.0,cell,UMP_Q_F_unique_expected_random_purity,0.05000000000000001,25,25,1.0
16,3.0,cell,UMP_Q_F_unique_expected_random_capture,0.04,25,25,1.0
16,3.0,cell,UMP_Q_F_unique_excess_purity,0.44552689090744857,25,25,1.0
16,3.0,cell,UMP_Q_F_unique_excess_capture,0.3564215127259589,25,25,1.0
16,3.0,cell,UMP_Q_F_unique_largest_canonical_correlation,0.9860610475417009,25,25,1.0
16,3.0,cell,UMP_Q_F_unique_smallest_principal_angle,0.16687029424193295,25,25,1.0
16,3.0,cell,U4_Q_F_unique_dim_U,4.0,25,25,1.0
16,3.0,cell,U4_Q_F_unique_dim_Q,5.0,25,25,1.0
16,3.0,cell,U4_Q_F_unique_shared_energy,1.9821075636297942,25,25,1.0
16,3.0,cell,U4_Q_F_unique_purity,0.4955268909074485,25,25,1.0
16,3.0,cell,U4_Q_F_unique_capture,0.39642151272595877,25,25,1.0
16,3.0,cell,U4_Q_F_unique_expected_random_purity,0.05000000000000001,25,25,1.0
16,3.0,cell,U4_Q_F_unique_expected_random_capture,0.04,25,25,1.0
16,3.0,cell,U4_Q_F_unique_excess_purity,0.44552689090744857,25,25,1.0
16,3.0,cell,U4_Q_F_unique_excess_capture,0.3564215127259589,25,25,1.0
16,3.0,cell,U4_Q_F_unique_largest_canonical_correlation,0.9860610475417009,25,25,1.0
16,3.0,cell,U4_Q_F_unique_smallest_principal_angle,0.16687029424193295,25,25,1.0
16,3.0,cell,UMP_Q_C_dim_U,4.0,25,25,1.0
16,3.0,cell,UMP_Q_C_dim_Q,3.0,25,25,1.0
16,3.0,cell,UMP_Q_C_shared_energy,1.2814174144772175,25,25,1.0
16,3.0,cell,UMP_Q_C_purity,0.32035435361930426,25,25,1.0
16,3.0,cell,UMP_Q_C_capture,0.4271391381590724,25,25,1.0
16,3.0,cell,UMP_Q_C_expected_random_purity,0.03,25,25,1.0
16,3.0,cell,UMP_Q_C_expected_random_capture,0.04,25,25,1.0
16,3.0,cell,UMP_Q_C_excess_purity,0.29035435361930434,25,25,1.0
16,3.0,cell,UMP_Q_C_excess_capture,0.3871391381590724,25,25,1.0
16,3.0,cell,UMP_Q_C_largest_canonical_correlation,0.9405246910181115,25,25,1.0
16,3.0,cell,UMP_Q_C_smallest_principal_angle,0.3465122178140541,25,25,1.0
16,3.0,cell,U4_Q_C_dim_U,4.0,25,25,1.0
16,3.0,cell,U4_Q_C_dim_Q,3.0,25,25,1.0
16,3.0,cell,U4_Q_C_shared_energy,1.2814174144772175,25,25,1.0
16,3.0,cell,U4_Q_C_purity,0.32035435361930426,25,25,1.0
16,3.0,cell,U4_Q_C_capture,0.4271391381590724,25,25,1.0
16,3.0,cell,U4_Q_C_expected_random_purity,0.03,25,25,1.0
16,3.0,cell,U4_Q_C_expected_random_capture,0.04,25,25,1.0
16,3.0,cell,U4_Q_C_excess_purity,0.29035435361930434,25,25,1.0
16,3.0,cell,U4_Q_C_excess_capture,0.3871391381590724,25,25,1.0
16,3.0,cell,U4_Q_C_largest_canonical_correlation,0.9405246910181115,25,25,1.0
16,3.0,cell,U4_Q_C_smallest_principal_angle,0.3465122178140541,25,25,1.0
16,3.0,cell,UMP_Q_C_unique_dim_U,4.0,25,25,1.0
16,3.0,cell,UMP_Q_C_unique_dim_Q,3.0,25,25,1.0
16,3.0,cell,UMP_Q_C_unique_shared_energy,1.2985682455513938,25,25,1.0
16,3.0,cell,UMP_Q_C_unique_purity,0.32464206138784846,25,25,1.0
16,3.0,cell,UMP_Q_C_unique_capture,0.4328560818504647,25,25,1.0
16,3.0,cell,UMP_Q_C_unique_expected_random_purity,0.03,25,25,1.0
16,3.0,cell,UMP_Q_C_unique_expected_random_capture,0.04,25,25,1.0
16,3.0,cell,UMP_Q_C_unique_excess_purity,0.2946420613878485,25,25,1.0
16,3.0,cell,UMP_Q_C_unique_excess_capture,0.3928560818504646,25,25,1.0
16,3.0,cell,UMP_Q_C_unique_largest_canonical_correlation,0.9645826059409434,25,25,1.0
16,3.0,cell,UMP_Q_C_unique_smallest_principal_angle,0.2668099013735186,25,25,1.0
16,3.0,cell,U4_Q_C_unique_dim_U,4.0,25,25,1.0
16,3.0,cell,U4_Q_C_unique_dim_Q,3.0,25,25,1.0
16,3.0,cell,U4_Q_C_unique_shared_energy,1.2985682455513938,25,25,1.0
16,3.0,cell,U4_Q_C_unique_purity,0.32464206138784846,25,25,1.0
16,3.0,cell,U4_Q_C_unique_capture,0.4328560818504647,25,25,1.0
16,3.0,cell,U4_Q_C_unique_expected_random_purity,0.03,25,25,1.0
16,3.0,cell,U4_Q_C_unique_expected_random_capture,0.04,25,25,1.0
16,3.0,cell,U4_Q_C_unique_excess_purity,0.2946420613878485,25,25,1.0
16,3.0,cell,U4_Q_C_unique_excess_capture,0.3928560818504646,25,25,1.0
16,3.0,cell,U4_Q_C_unique_largest_canonical_correlation,0.9645826059409434,25,25,1.0
16,3.0,cell,U4_Q_C_unique_smallest_principal_angle,0.2668099013735186,25,25,1.0
16,3.0,cell,UMP_Q_C_full_dim_U,4.0,25,25,1.0
16,3.0,cell,UMP_Q_C_full_dim_Q,4.0,25,25,1.0
16,3.0,cell,UMP_Q_C_full_shared_energy,1.79946956256089,25,25,1.0
16,3.0,cell,UMP_Q_C_full_purity,0.4498673906402225,25,25,1.0
16,3.0,cell,UMP_Q_C_full_capture,0.4498673906402225,25,25,1.0
16,3.0,cell,UMP_Q_C_full_expected_random_purity,0.04,25,25,1.0
16,3.0,cell,UMP_Q_C_full_expected_random_capture,0.04,25,25,1.0
16,3.0,cell,UMP_Q_C_full_excess_purity,0.40986739064022243,25,25,1.0
16,3.0,cell,UMP_Q_C_full_excess_capture,0.40986739064022243,25,25,1.0
16,3.0,cell,UMP_Q_C_full_largest_canonical_correlation,0.9447401532923067,25,25,1.0
16,3.0,cell,UMP_Q_C_full_smallest_principal_angle,0.33385722133180806,25,25,1.0
16,3.0,cell,U4_Q_C_full_dim_U,4.0,25,25,1.0
16,3.0,cell,U4_Q_C_full_dim_Q,4.0,25,25,1.0
16,3.0,cell,U4_Q_C_full_shared_energy,1.79946956256089,25,25,1.0
16,3.0,cell,U4_Q_C_full_purity,0.4498673906402225,25,25,1.0
16,3.0,cell,U4_Q_C_full_capture,0.4498673906402225,25,25,1.0
16,3.0,cell,U4_Q_C_full_expected_random_purity,0.04,25,25,1.0
16,3.0,cell,U4_Q_C_full_expected_random_capture,0.04,25,25,1.0
16,3.0,cell,U4_Q_C_full_excess_purity,0.40986739064022243,25,25,1.0
16,3.0,cell,U4_Q_C_full_excess_capture,0.40986739064022243,25,25,1.0
16,3.0,cell,U4_Q_C_full_largest_canonical_correlation,0.9447401532923067,25,25,1.0
16,3.0,cell,U4_Q_C_full_smallest_principal_angle,0.33385722133180806,25,25,1.0
16,3.0,cell,UMP_Q_P4_dim_U,4.0,25,25,1.0
16,3.0,cell,UMP_Q_P4_dim_Q,4.0,25,25,1.0
16,3.0,cell,UMP_Q_P4_shared_energy,1.8249045173639384,25,25,1.0
16,3.0,cell,UMP_Q_P4_purity,0.4562261293409846,25,25,1.0
16,3.0,cell,UMP_Q_P4_capture,0.4562261293409846,25,25,1.0
16,3.0,cell,UMP_Q_P4_expected_random_purity,0.04,25,25,1.0
16,3.0,cell,UMP_Q_P4_expected_random_capture,0.04,25,25,1.0
16,3.0,cell,UMP_Q_P4_excess_purity,0.4162261293409847,25,25,1.0
16,3.0,cell,UMP_Q_P4_excess_capture,0.4162261293409847,25,25,1.0
16,3.0,cell,UMP_Q_P4_largest_canonical_correlation,0.9576138040965163,25,25,1.0
16,3.0,cell,UMP_Q_P4_smallest_principal_angle,0.2920463312422885,25,25,1.0
16,3.0,cell,U4_Q_P4_dim_U,4.0,25,25,1.0
16,3.0,cell,U4_Q_P4_dim_Q,4.0,25,25,1.0
16,3.0,cell,U4_Q_P4_shared_energy,1.8249045173639384,25,25,1.0
16,3.0,cell,U4_Q_P4_purity,0.4562261293409846,25,25,1.0
16,3.0,cell,U4_Q_P4_capture,0.4562261293409846,25,25,1.0
16,3.0,cell,U4_Q_P4_expected_random_purity,0.04,25,25,1.0
16,3.0,cell,U4_Q_P4_expected_random_capture,0.04,25,25,1.0
16,3.0,cell,U4_Q_P4_excess_purity,0.4162261293409847,25,25,1.0
16,3.0,cell,U4_Q_P4_excess_capture,0.4162261293409847,25,25,1.0
16,3.0,cell,U4_Q_P4_largest_canonical_correlation,0.9576138040965163,25,25,1.0
16,3.0,cell,U4_Q_P4_smallest_principal_angle,0.2920463312422885,25,25,1.0
16,3.0,cell,QR_Q_F_dim_U,3.0,25,25,1.0
16,3.0,cell,QR_Q_F_dim_Q,5.0,25,25,1.0
16,3.0,cell,QR_Q_F_shared_energy,2.9942044421885674,25,25,1.0
16,3.0,cell,QR_Q_F_purity,0.9980681473961891,25,25,1.0
16,3.0,cell,QR_Q_F_capture,0.5988408884377134,25,25,1.0
16,3.0,cell,QR_Q_F_expected_random_purity,0.05000000000000001,25,25,1.0
16,3.0,cell,QR_Q_F_expected_random_capture,0.03,25,25,1.0
16,3.0,cell,QR_Q_F_excess_purity,0.948068147396189,25,25,1.0
16,3.0,cell,QR_Q_F_excess_capture,0.5688408884377134,25,25,1.0
16,3.0,cell,QR_Q_F_largest_canonical_correlation,0.9993563807717534,25,25,1.0
16,3.0,cell,QR_Q_F_smallest_principal_angle,0.035830480395041574,25,25,1.0
16,3.0,cell,QR_Q_C_dim_U,3.0,25,25,1.0
16,3.0,cell,QR_Q_C_dim_Q,3.0,25,25,1.0
16,3.0,cell,QR_Q_C_shared_energy,0.13271624702897847,25,25,1.0
16,3.0,cell,QR_Q_C_purity,0.04423874900965946,25,25,1.0
16,3.0,cell,QR_Q_C_capture,0.04423874900965946,25,25,1.0
16,3.0,cell,QR_Q_C_expected_random_purity,0.03,25,25,1.0
16,3.0,cell,QR_Q_C_expected_random_capture,0.03,25,25,1.0
16,3.0,cell,QR_Q_C_excess_purity,0.014238749009659466,25,25,1.0
16,3.0,cell,QR_Q_C_excess_capture,0.014238749009659466,25,25,1.0
16,3.0,cell,QR_Q_C_largest_canonical_correlation,0.306124528212261,25,25,1.0
16,3.0,cell,QR_Q_C_smallest_principal_angle,1.2596567027664767,25,25,1.0
16,3.0,cell,QR_Q_C_unique_dim_U,3.0,25,25,1.0
16,3.0,cell,QR_Q_C_unique_dim_Q,3.0,25,25,1.0
16,3.0,cell,QR_Q_C_unique_shared_energy,0.000837839788555564,25,25,1.0
16,3.0,cell,QR_Q_C_unique_purity,0.000279279929518488,25,25,1.0
16,3.0,cell,QR_Q_C_unique_capture,0.000279279929518488,25,25,1.0
16,3.0,cell,QR_Q_C_unique_expected_random_purity,0.03,25,25,1.0
16,3.0,cell,QR_Q_C_unique_expected_random_capture,0.03,25,25,1.0
16,3.0,cell,QR_Q_C_unique_excess_purity,-0.029720720070481405,25,25,1.0
16,3.0,cell,QR_Q_C_unique_excess_capture,-0.029720720070481405,25,25,1.0
16,3.0,cell,QR_Q_C_unique_largest_canonical_correlation,0.027494988765703568,25,25,1.0
16,3.0,cell,QR_Q_C_unique_smallest_principal_angle,1.5432972982401665,25,25,1.0
16,3.0,cell,QR_Q_C_full_dim_U,3.0,25,25,1.0
16,3.0,cell,QR_Q_C_full_dim_Q,4.0,25,25,1.0
16,3.0,cell,QR_Q_C_full_shared_energy,0.1540352567510484,25,25,1.0
16,3.0,cell,QR_Q_C_full_purity,0.051345085583682774,25,25,1.0
16,3.0,cell,QR_Q_C_full_capture,0.038508814187762065,25,25,1.0
16,3.0,cell,QR_Q_C_full_expected_random_purity,0.04,25,25,1.0
16,3.0,cell,QR_Q_C_full_expected_random_capture,0.03,25,25,1.0
16,3.0,cell,QR_Q_C_full_excess_purity,0.011345085583682763,25,25,1.0
16,3.0,cell,QR_Q_C_full_excess_capture,0.008508814187762065,25,25,1.0
16,3.0,cell,QR_Q_C_full_largest_canonical_correlation,0.3238787268660734,25,25,1.0
16,3.0,cell,QR_Q_C_full_smallest_principal_angle,1.2409356343061588,25,25,1.0
16,3.0,cell,QR_Q_P4_dim_U,3.0,25,25,1.0
16,3.0,cell,QR_Q_P4_dim_Q,4.0,25,25,1.0
16,3.0,cell,QR_Q_P4_shared_energy,0.17519970620702074,25,25,1.0
16,3.0,cell,QR_Q_P4_purity,0.05839990206900689,25,25,1.0
16,3.0,cell,QR_Q_P4_capture,0.04379992655175515,25,25,1.0
16,3.0,cell,QR_Q_P4_expected_random_purity,0.04,25,25,1.0
16,3.0,cell,QR_Q_P4_expected_random_capture,0.03,25,25,1.0
16,3.0,cell,QR_Q_P4_excess_purity,0.018399902069006883,25,25,1.0
16,3.0,cell,QR_Q_P4_excess_capture,0.013799926551755146,25,25,1.0
16,3.0,cell,QR_Q_P4_largest_canonical_correlation,0.3405813887012594,25,25,1.0
16,3.0,cell,QR_Q_P4_smallest_principal_angle,1.223225922577194,25,25,1.0
16,5.0,cell,UMP_Q_F_dim_U,2.0,25,25,1.0
16,5.0,cell,UMP_Q_F_dim_Q,5.0,25,25,1.0
16,5.0,cell,UMP_Q_F_shared_energy,0.006906715104915996,25,25,1.0
16,5.0,cell,UMP_Q_F_purity,0.003453357552457976,25,25,1.0
16,5.0,cell,UMP_Q_F_capture,0.00138134302098316,25,25,1.0
16,5.0,cell,UMP_Q_F_expected_random_purity,0.05000000000000001,25,25,1.0
16,5.0,cell,UMP_Q_F_expected_random_capture,0.02,25,25,1.0
16,5.0,cell,UMP_Q_F_excess_purity,-0.04654664244754194,25,25,1.0
16,5.0,cell,UMP_Q_F_excess_capture,-0.01861865697901674,25,25,1.0
16,5.0,cell,UMP_Q_F_largest_canonical_correlation,0.08141677902187791,25,25,1.0
16,5.0,cell,UMP_Q_F_smallest_principal_angle,1.4892821338900566,25,25,1.0
16,5.0,cell,U4_Q_F_dim_U,4.0,25,25,1.0
16,5.0,cell,U4_Q_F_dim_Q,5.0,25,25,1.0
16,5.0,cell,U4_Q_F_shared_energy,0.007351981602551192,25,25,1.0
16,5.0,cell,U4_Q_F_purity,0.001837995400637756,25,25,1.0
16,5.0,cell,U4_Q_F_capture,0.0014703963205102003,25,25,1.0
16,5.0,cell,U4_Q_F_expected_random_purity,0.05000000000000001,25,25,1.0
16,5.0,cell,U4_Q_F_expected_random_capture,0.04,25,25,1.0
16,5.0,cell,U4_Q_F_excess_purity,-0.048162004599362145,25,25,1.0
16,5.0,cell,U4_Q_F_excess_capture,-0.0385296036794897,25,25,1.0
16,5.0,cell,U4_Q_F_largest_canonical_correlation,0.08214221030781665,25,25,1.0
16,5.0,cell,U4_Q_F_smallest_principal_angle,1.4885537403716134,25,25,1.0
16,5.0,cell,UMP_Q_F_unique_dim_U,2.0,25,25,1.0
16,5.0,cell,UMP_Q_F_unique_dim_Q,5.0,25,25,1.0
16,5.0,cell,UMP_Q_F_unique_shared_energy,0.10096564485068095,25,25,1.0
16,5.0,cell,UMP_Q_F_unique_purity,0.05048282242534045,25,25,1.0
16,5.0,cell,UMP_Q_F_unique_capture,0.020193128970136153,25,25,1.0
16,5.0,cell,UMP_Q_F_unique_expected_random_purity,0.05000000000000001,25,25,1.0
16,5.0,cell,UMP_Q_F_unique_expected_random_capture,0.02,25,25,1.0
16,5.0,cell,UMP_Q_F_unique_excess_purity,0.000482822425340472,25,25,1.0
16,5.0,cell,UMP_Q_F_unique_excess_capture,0.00019312897013618844,25,25,1.0
16,5.0,cell,UMP_Q_F_unique_largest_canonical_correlation,0.2824460559703232,25,25,1.0
16,5.0,cell,UMP_Q_F_unique_smallest_principal_angle,1.284446647972195,25,25,1.0
16,5.0,cell,U4_Q_F_unique_dim_U,4.0,25,25,1.0
16,5.0,cell,U4_Q_F_unique_dim_Q,5.0,25,25,1.0
16,5.0,cell,U4_Q_F_unique_shared_energy,0.1125964904800084,25,25,1.0
16,5.0,cell,U4_Q_F_unique_purity,0.028149122620002062,25,25,1.0
16,5.0,cell,U4_Q_F_unique_capture,0.022519298096001644,25,25,1.0
16,5.0,cell,U4_Q_F_unique_expected_random_purity,0.05000000000000001,25,25,1.0
16,5.0,cell,U4_Q_F_unique_expected_random_capture,0.04,25,25,1.0
16,5.0,cell,U4_Q_F_unique_excess_purity,-0.021850877379997847,25,25,1.0
16,5.0,cell,U4_Q_F_unique_excess_capture,-0.017480701903998266,25,25,1.0
16,5.0,cell,U4_Q_F_unique_largest_canonical_correlation,0.283468702432337,25,25,1.0
16,5.0,cell,U4_Q_F_unique_smallest_principal_angle,1.2833808065617112,25,25,1.0
16,5.0,cell,UMP_Q_C_dim_U,2.0,25,25,1.0
16,5.0,cell,UMP_Q_C_dim_Q,3.0,25,25,1.0
16,5.0,cell,UMP_Q_C_shared_energy,1.2429071267491165,25,25,1.0
16,5.0,cell,UMP_Q_C_purity,0.6214535633745583,25,25,1.0
16,5.0,cell,UMP_Q_C_capture,0.41430237558303884,25,25,1.0
16,5.0,cell,UMP_Q_C_expected_random_purity,0.03,25,25,1.0
16,5.0,cell,UMP_Q_C_expected_random_capture,0.02,25,25,1.0
16,5.0,cell,UMP_Q_C_excess_purity,0.5914535633745582,25,25,1.0
16,5.0,cell,UMP_Q_C_excess_capture,0.3943023755830388,25,25,1.0
16,5.0,cell,UMP_Q_C_largest_canonical_correlation,0.9487002644712567,25,25,1.0
16,5.0,cell,UMP_Q_C_smallest_principal_angle,0.32167721328872984,25,25,1.0
16,5.0,cell,U4_Q_C_dim_U,4.0,25,25,1.0
16,5.0,cell,U4_Q_C_dim_Q,3.0,25,25,1.0
16,5.0,cell,U4_Q_C_shared_energy,1.572390372043757,25,25,1.0
16,5.0,cell,U4_Q_C_purity,0.3930975930109393,25,25,1.0
16,5.0,cell,U4_Q_C_capture,0.5241301240145857,25,25,1.0
16,5.0,cell,U4_Q_C_expected_random_purity,0.03,25,25,1.0
16,5.0,cell,U4_Q_C_expected_random_capture,0.04,25,25,1.0
16,5.0,cell,U4_Q_C_excess_purity,0.36309759301093936,25,25,1.0
16,5.0,cell,U4_Q_C_excess_capture,0.4841301240145858,25,25,1.0
16,5.0,cell,U4_Q_C_largest_canonical_correlation,0.9490081749137638,25,25,1.0
16,5.0,cell,U4_Q_C_smallest_principal_angle,0.32070238901020187,25,25,1.0
16,5.0,cell,UMP_Q_C_unique_dim_U,2.0,25,25,1.0
16,5.0,cell,UMP_Q_C_unique_dim_Q,3.0,25,25,1.0
16,5.0,cell,UMP_Q_C_unique_shared_energy,1.3369660564948815,25,25,1.0
16,5.0,cell,UMP_Q_C_unique_purity,0.668483028247441,25,25,1.0
16,5.0,cell,UMP_Q_C_unique_capture,0.44565535216496066,25,25,1.0
16,5.0,cell,UMP_Q_C_unique_expected_random_purity,0.03,25,25,1.0
16,5.0,cell,UMP_Q_C_unique_expected_random_capture,0.02,25,25,1.0
16,5.0,cell,UMP_Q_C_unique_excess_purity,0.6384830282474409,25,25,1.0
16,5.0,cell,UMP_Q_C_unique_excess_capture,0.4256553521649606,25,25,1.0
16,5.0,cell,UMP_Q_C_unique_largest_canonical_correlation,0.9779914980225898,25,25,1.0
16,5.0,cell,UMP_Q_C_unique_smallest_principal_angle,0.21016606604270613,25,25,1.0
16,5.0,cell,U4_Q_C_unique_dim_U,4.0,25,25,1.0
16,5.0,cell,U4_Q_C_unique_dim_Q,3.0,25,25,1.0
16,5.0,cell,U4_Q_C_unique_shared_energy,1.6776348809212147,25,25,1.0
16,5.0,cell,U4_Q_C_unique_purity,0.4194087202303037,25,25,1.0
16,5.0,cell,U4_Q_C_unique_capture,0.5592116269737383,25,25,1.0
16,5.0,cell,U4_Q_C_unique_expected_random_purity,0.03,25,25,1.0
16,5.0,cell,U4_Q_C_unique_expected_random_capture,0.04,25,25,1.0
16,5.0,cell,U4_Q_C_unique_excess_purity,0.38940872023030365,25,25,1.0
16,5.0,cell,U4_Q_C_unique_excess_capture,0.5192116269737382,25,25,1.0
16,5.0,cell,U4_Q_C_unique_largest_canonical_correlation,0.9782214136074834,25,25,1.0
16,5.0,cell,U4_Q_C_unique_smallest_principal_angle,0.20905480131131932,25,25,1.0
16,5.0,cell,UMP_Q_C_full_dim_U,2.0,25,25,1.0
16,5.0,cell,UMP_Q_C_full_dim_Q,4.0,25,25,1.0
16,5.0,cell,UMP_Q_C_full_shared_energy,1.7730757875858651,25,25,1.0
16,5.0,cell,UMP_Q_C_full_purity,0.8865378937929326,25,25,1.0
16,5.0,cell,UMP_Q_C_full_capture,0.4432689468964663,25,25,1.0
16,5.0,cell,UMP_Q_C_full_expected_random_purity,0.04,25,25,1.0
16,5.0,cell,UMP_Q_C_full_expected_random_capture,0.02,25,25,1.0
16,5.0,cell,UMP_Q_C_full_excess_purity,0.8465378937929324,25,25,1.0
16,5.0,cell,UMP_Q_C_full_excess_capture,0.42326894689646616,25,25,1.0
16,5.0,cell,UMP_Q_C_full_largest_canonical_correlation,0.9611657506449989,25,25,1.0
16,5.0,cell,UMP_Q_C_full_smallest_principal_angle,0.279576907352611,25,25,1.0
16,5.0,cell,U4_Q_C_full_dim_U,4.0,25,25,1.0
16,5.0,cell,U4_Q_C_full_dim_Q,4.0,25,25,1.0
16,5.0,cell,U4_Q_C_full_shared_energy,2.1362529734527422,25,25,1.0
16,5.0,cell,U4_Q_C_full_purity,0.5340632433631856,25,25,1.0
16,5.0,cell,U4_Q_C_full_capture,0.5340632433631856,25,25,1.0
16,5.0,cell,U4_Q_C_full_expected_random_purity,0.04,25,25,1.0
16,5.0,cell,U4_Q_C_full_expected_random_capture,0.04,25,25,1.0
16,5.0,cell,U4_Q_C_full_excess_purity,0.4940632433631855,25,25,1.0
16,5.0,cell,U4_Q_C_full_excess_capture,0.4940632433631855,25,25,1.0
16,5.0,cell,U4_Q_C_full_largest_canonical_correlation,0.9614268073594985,25,25,1.0
16,5.0,cell,U4_Q_C_full_smallest_principal_angle,0.2786310411355024,25,25,1.0
16,5.0,cell,UMP_Q_P4_dim_U,2.0,25,25,1.0
16,5.0,cell,UMP_Q_P4_dim_Q,4.0,25,25,1.0
16,5.0,cell,UMP_Q_P4_shared_energy,1.8038288094027057,25,25,1.0
16,5.0,cell,UMP_Q_P4_purity,0.9019144047013529,25,25,1.0
16,5.0,cell,UMP_Q_P4_capture,0.45095720235067643,25,25,1.0
16,5.0,cell,UMP_Q_P4_expected_random_purity,0.04,25,25,1.0
16,5.0,cell,UMP_Q_P4_expected_random_capture,0.02,25,25,1.0
16,5.0,cell,UMP_Q_P4_excess_purity,0.8619144047013527,25,25,1.0
16,5.0,cell,UMP_Q_P4_excess_capture,0.43095720235067636,25,25,1.0
16,5.0,cell,UMP_Q_P4_largest_canonical_correlation,0.9734646375648096,25,25,1.0
16,5.0,cell,UMP_Q_P4_smallest_principal_angle,0.23084595492416157,25,25,1.0
16,5.0,cell,U4_Q_P4_dim_U,4.0,25,25,1.0
16,5.0,cell,U4_Q_P4_dim_Q,4.0,25,25,1.0
16,5.0,cell,U4_Q_P4_shared_energy,2.185600615882744,25,25,1.0
16,5.0,cell,U4_Q_P4_purity,0.546400153970686,25,25,1.0
16,5.0,cell,U4_Q_P4_capture,0.546400153970686,25,25,1.0
16,5.0,cell,U4_Q_P4_expected_random_purity,0.04,25,25,1.0
16,5.0,cell,U4_Q_P4_expected_random_capture,0.04,25,25,1.0
16,5.0,cell,U4_Q_P4_excess_purity,0.5064001539706859,25,25,1.0
16,5.0,cell,U4_Q_P4_excess_capture,0.5064001539706859,25,25,1.0
16,5.0,cell,U4_Q_P4_largest_canonical_correlation,0.9736953227472039,25,25,1.0
16,5.0,cell,U4_Q_P4_smallest_principal_angle,0.2298360719021052,25,25,1.0
16,5.0,cell,QR_Q_F_dim_U,5.0,25,25,1.0
16,5.0,cell,QR_Q_F_dim_Q,5.0,25,25,1.0
16,5.0,cell,QR_Q_F_shared_energy,4.978745700159488,25,25,1.0
16,5.0,cell,QR_Q_F_purity,0.9957491400318976,25,25,1.0
16,5.0,cell,QR_Q_F_capture,0.9957491400318976,25,25,1.0
16,5.0,cell,QR_Q_F_expected_random_purity,0.05000000000000001,25,25,1.0
16,5.0,cell,QR_Q_F_expected_random_capture,0.05000000000000001,25,25,1.0
16,5.0,cell,QR_Q_F_excess_purity,0.9457491400318978,25,25,1.0
16,5.0,cell,QR_Q_F_excess_capture,0.9457491400318978,25,25,1.0
16,5.0,cell,QR_Q_F_largest_canonical_correlation,0.9994134053354955,25,25,1.0
16,5.0,cell,QR_Q_F_smallest_principal_angle,0.034231779499972435,25,25,1.0
16,5.0,cell,QR_Q_C_dim_U,5.0,25,25,1.0
16,5.0,cell,QR_Q_C_dim_Q,3.0,25,25,1.0
16,5.0,cell,QR_Q_C_shared_energy,0.20874910339652772,25,25,1.0
16,5.0,cell,QR_Q_C_purity,0.0417498206793055,25,25,1.0
16,5.0,cell,QR_Q_C_capture,0.0695830344655092,25,25,1.0
16,5.0,cell,QR_Q_C_expected_random_purity,0.03,25,25,1.0
16,5.0,cell,QR_Q_C_expected_random_capture,0.05000000000000001,25,25,1.0
16,5.0,cell,QR_Q_C_excess_purity,0.0117498206793055,25,25,1.0
16,5.0,cell,QR_Q_C_excess_capture,0.0195830344655092,25,25,1.0
16,5.0,cell,QR_Q_C_largest_canonical_correlation,0.36328740770171636,25,25,1.0
16,5.0,cell,QR_Q_C_smallest_principal_angle,1.1989944347842978,25,25,1.0
16,5.0,cell,QR_Q_C_unique_dim_U,5.0,25,25,1.0
16,5.0,cell,QR_Q_C_unique_dim_Q,3.0,25,25,1.0
16,5.0,cell,QR_Q_C_unique_shared_energy,0.006510663607314352,25,25,1.0
16,5.0,cell,QR_Q_C_unique_purity,0.0013021327214628362,25,25,1.0
16,5.0,cell,QR_Q_C_unique_capture,0.0021702212024380923,25,25,1.0
16,5.0,cell,QR_Q_C_unique_expected_random_purity,0.03,25,25,1.0
16,5.0,cell,QR_Q_C_unique_expected_random_capture,0.05000000000000001,25,25,1.0
16,5.0,cell,QR_Q_C_unique_excess_purity,-0.028697867278537067,25,25,1.0
16,5.0,cell,QR_Q_C_unique_excess_capture,-0.04782977879756181,25,25,1.0
16,5.0,cell,QR_Q_C_unique_largest_canonical_correlation,0.07603206373763105,25,25,1.0
16,5.0,cell,QR_Q_C_unique_smallest_principal_angle,1.4946827163947511,25,25,1.0
16,5.0,cell,QR_Q_C_full_dim_U,5.0,25,25,1.0
16,5.0,cell,QR_Q_C_full_dim_Q,4.0,25,25,1.0
16,5.0,cell,QR_Q_C_full_shared_energy,0.23134315206684633,25,25,1.0
16,5.0,cell,QR_Q_C_full_purity,0.04626863041336923,25,25,1.0
16,5.0,cell,QR_Q_C_full_capture,0.05783578801671155,25,25,1.0
16,5.0,cell,QR_Q_C_full_expected_random_purity,0.04,25,25,1.0
16,5.0,cell,QR_Q_C_full_expected_random_capture,0.05000000000000001,25,25,1.0
16,5.0,cell,QR_Q_C_full_excess_purity,0.0062686304133692285,25,25,1.0
16,5.0,cell,QR_Q_C_full_excess_capture,0.007835788016711545,25,25,1.0
16,5.0,cell,QR_Q_C_full_largest_canonical_correlation,0.3739343431289229,25,25,1.0
16,5.0,cell,QR_Q_C_full_smallest_principal_angle,1.1875342701213119,25,25,1.0
16,5.0,cell,QR_Q_P4_dim_U,5.0,25,25,1.0
16,5.0,cell,QR_Q_P4_dim_Q,4.0,25,25,1.0
16,5.0,cell,QR_Q_P4_shared_energy,0.24953442092258482,25,25,1.0
16,5.0,cell,QR_Q_P4_purity,0.04990688418451692,25,25,1.0
16,5.0,cell,QR_Q_P4_capture,0.06238360523064618,25,25,1.0
16,5.0,cell,QR_Q_P4_expected_random_purity,0.04,25,25,1.0
16,5.0,cell,QR_Q_P4_expected_random_capture,0.05000000000000001,25,25,1.0
16,5.0,cell,QR_Q_P4_excess_purity,0.009906884184516917,25,25,1.0
16,5.0,cell,QR_Q_P4_excess_capture,0.012383605230646156,25,25,1.0
16,5.0,cell,QR_Q_P4_largest_canonical_correlation,0.38722216191548525,25,25,1.0
16,5.0,cell,QR_Q_P4_smallest_principal_angle,1.1731620620933902,25,25,1.0
16,7.0,cell,UMP_Q_F_dim_U,1.84,25,25,1.0
16,7.0,cell,UMP_Q_F_dim_Q,5.0,25,25,1.0
16,7.0,cell,UMP_Q_F_shared_energy,0.000532037520332364,25,25,1.0
16,7.0,cell,UMP_Q_F_purity,0.0002866066082097228,25,25,1.0
16,7.0,cell,UMP_Q_F_capture,0.00010640750406645334,25,25,1.0
16,7.0,cell,UMP_Q_F_expected_random_purity,0.05000000000000001,25,25,1.0
16,7.0,cell,UMP_Q_F_expected_random_capture,0.0184,25,25,1.0
16,7.0,cell,UMP_Q_F_excess_purity,-0.04971339339179018,25,25,1.0
16,7.0,cell,UMP_Q_F_excess_capture,-0.018293592495933476,25,25,1.0
16,7.0,cell,UMP_Q_F_largest_canonical_correlation,0.019232172294365878,25,25,1.0
16,7.0,cell,UMP_Q_F_smallest_principal_angle,1.5515626882409794,25,25,1.0
16,7.0,cell,U4_Q_F_dim_U,4.0,25,25,1.0
16,7.0,cell,U4_Q_F_dim_Q,5.0,25,25,1.0
16,7.0,cell,U4_Q_F_shared_energy,0.00100041797105796,25,25,1.0
16,7.0,cell,U4_Q_F_purity,0.000250104492764452,25,25,1.0
16,7.0,cell,U4_Q_F_capture,0.00020008359421155197,25,25,1.0
16,7.0,cell,U4_Q_F_expected_random_purity,0.05000000000000001,25,25,1.0
16,7.0,cell,U4_Q_F_expected_random_capture,0.04,25,25,1.0
16,7.0,cell,U4_Q_F_excess_purity,-0.049749895507235437,25,25,1.0
16,7.0,cell,U4_Q_F_excess_capture,-0.03979991640578835,25,25,1.0
16,7.0,cell,U4_Q_F_largest_canonical_correlation,0.02466031688290374,25,25,1.0
16,7.0,cell,U4_Q_F_smallest_principal_angle,1.5461333281971537,25,25,1.0
16,7.0,cell,UMP_Q_F_unique_dim_U,1.84,25,25,1.0
16,7.0,cell,UMP_Q_F_unique_dim_Q,5.0,25,25,1.0
16,7.0,cell,UMP_Q_F_unique_shared_energy,0.008372325907509266,25,25,1.0
16,7.0,cell,UMP_Q_F_unique_purity,0.004368804965815283,25,25,1.0
16,7.0,cell,UMP_Q_F_unique_capture,0.0016744651815018162,25,25,1.0
16,7.0,cell,UMP_Q_F_unique_expected_random_purity,0.05000000000000001,25,25,1.0
16,7.0,cell,UMP_Q_F_unique_expected_random_capture,0.0184,25,25,1.0
16,7.0,cell,UMP_Q_F_unique_excess_purity,-0.04563119503418463,25,25,1.0
16,7.0,cell,UMP_Q_F_unique_excess_capture,-0.016725534818498086,25,25,1.0
16,7.0,cell,UMP_Q_F_unique_largest_canonical_correlation,0.0837480654445383,25,25,1.0
16,7.0,cell,UMP_Q_F_unique_smallest_principal_angle,1.486914376220428,25,25,1.0
16,7.0,cell,U4_Q_F_unique_dim_U,4.0,25,25,1.0
16,7.0,cell,U4_Q_F_unique_dim_Q,5.0,25,25,1.0
16,7.0,cell,U4_Q_F_unique_shared_energy,0.015634190414530614,25,25,1.0
16,7.0,cell,U4_Q_F_unique_purity,0.00390854760363262,25,25,1.0
16,7.0,cell,U4_Q_F_unique_capture,0.0031268380829060803,25,25,1.0
16,7.0,cell,U4_Q_F_unique_expected_random_purity,0.05000000000000001,25,25,1.0
16,7.0,cell,U4_Q_F_unique_expected_random_capture,0.04,25,25,1.0
16,7.0,cell,U4_Q_F_unique_excess_purity,-0.04609145239636728,25,25,1.0
16,7.0,cell,U4_Q_F_unique_excess_capture,-0.036873161917093826,25,25,1.0
16,7.0,cell,U4_Q_F_unique_largest_canonical_correlation,0.11283826983028446,25,25,1.0
16,7.0,cell,U4_Q_F_unique_smallest_principal_angle,1.4577060830219155,25,25,1.0
16,7.0,cell,UMP_Q_C_dim_U,1.84,25,25,1.0
16,7.0,cell,UMP_Q_C_dim_Q,3.0,25,25,1.0
16,7.0,cell,UMP_Q_C_shared_energy,0.2042457994142664,25,25,1.0
16,7.0,cell,UMP_Q_C_purity,0.10989269335154445,25,25,1.0
16,7.0,cell,UMP_Q_C_capture,0.06808193313808877,25,25,1.0
16,7.0,cell,UMP_Q_C_expected_random_purity,0.03,25,25,1.0
16,7.0,cell,UMP_Q_C_expected_random_capture,0.0184,25,25,1.0
16,7.0,cell,UMP_Q_C_excess_purity,0.07989269335154443,25,25,1.0
16,7.0,cell,UMP_Q_C_excess_capture,0.04968193313808878,25,25,1.0
16,7.0,cell,UMP_Q_C_largest_canonical_correlation,0.4323702650712532,25,25,1.0
16,7.0,cell,UMP_Q_C_smallest_principal_angle,1.1203328508507249,25,25,1.0
16,7.0,cell,U4_Q_C_dim_U,4.0,25,25,1.0
16,7.0,cell,U4_Q_C_dim_Q,3.0,25,25,1.0
16,7.0,cell,U4_Q_C_shared_energy,0.30051547074031687,25,25,1.0
16,7.0,cell,U4_Q_C_purity,0.07512886768507919,25,25,1.0
16,7.0,cell,U4_Q_C_capture,0.1001718235801056,25,25,1.0
16,7.0,cell,U4_Q_C_expected_random_purity,0.03,25,25,1.0
16,7.0,cell,U4_Q_C_expected_random_capture,0.04,25,25,1.0
16,7.0,cell,U4_Q_C_excess_purity,0.0451288676850792,25,25,1.0
16,7.0,cell,U4_Q_C_excess_capture,0.0601718235801056,25,25,1.0
16,7.0,cell,U4_Q_C_largest_canonical_correlation,0.51056944858164,25,25,1.0
16,7.0,cell,U4_Q_C_smallest_principal_angle,1.0331018000946695,25,25,1.0
16,7.0,cell,UMP_Q_C_unique_dim_U,1.84,25,25,1.0
16,7.0,cell,UMP_Q_C_unique_dim_Q,3.0,25,25,1.0
16,7.0,cell,UMP_Q_C_unique_shared_energy,0.212086087801443,25,25,1.0
16,7.0,cell,UMP_Q_C_unique_purity,0.11397489170914986,25,25,1.0
16,7.0,cell,UMP_Q_C_unique_capture,0.07069536260048097,25,25,1.0
16,7.0,cell,UMP_Q_C_unique_expected_random_purity,0.03,25,25,1.0
16,7.0,cell,UMP_Q_C_unique_expected_random_capture,0.0184,25,25,1.0
16,7.0,cell,UMP_Q_C_unique_excess_purity,0.08397489170914983,25,25,1.0
16,7.0,cell,UMP_Q_C_unique_excess_capture,0.05229536260048096,25,25,1.0
16,7.0,cell,UMP_Q_C_unique_largest_canonical_correlation,0.4399307887849156,25,25,1.0
16,7.0,cell,UMP_Q_C_unique_smallest_principal_angle,1.1116041963637842,25,25,1.0
16,7.0,cell,U4_Q_C_unique_dim_U,4.0,25,25,1.0
16,7.0,cell,U4_Q_C_unique_dim_Q,3.0,25,25,1.0
16,7.0,cell,U4_Q_C_unique_shared_energy,0.3151492431837891,25,25,1.0
16,7.0,cell,U4_Q_C_unique_purity,0.07878731079594725,25,25,1.0
16,7.0,cell,U4_Q_C_unique_capture,0.1050497477279297,25,25,1.0
16,7.0,cell,U4_Q_C_unique_expected_random_purity,0.03,25,25,1.0
16,7.0,cell,U4_Q_C_unique_expected_random_capture,0.04,25,25,1.0
16,7.0,cell,U4_Q_C_unique_excess_purity,0.04878731079594724,25,25,1.0
16,7.0,cell,U4_Q_C_unique_excess_capture,0.06504974772792968,25,25,1.0
16,7.0,cell,U4_Q_C_unique_largest_canonical_correlation,0.5208767243077976,25,25,1.0
16,7.0,cell,U4_Q_C_unique_smallest_principal_angle,1.0209156422321821,25,25,1.0
16,7.0,cell,UMP_Q_C_full_dim_U,1.84,25,25,1.0
16,7.0,cell,UMP_Q_C_full_dim_Q,4.0,25,25,1.0
16,7.0,cell,UMP_Q_C_full_shared_energy,0.22517873492920773,25,25,1.0
16,7.0,cell,UMP_Q_C_full_purity,0.12215984085657454,25,25,1.0
16,7.0,cell,UMP_Q_C_full_capture,0.0562946837323019,25,25,1.0
16,7.0,cell,UMP_Q_C_full_expected_random_purity,0.04,25,25,1.0
16,7.0,cell,UMP_Q_C_full_expected_random_capture,0.0184,25,25,1.0
16,7.0,cell,UMP_Q_C_full_excess_purity,0.08215984085657453,25,25,1.0
16,7.0,cell,UMP_Q_C_full_excess_capture,0.03789468373230189,25,25,1.0
16,7.0,cell,UMP_Q_C_full_largest_canonical_correlation,0.4537474048183147,25,25,1.0
16,7.0,cell,UMP_Q_C_full_smallest_principal_angle,1.0969674338502315,25,25,1.0
16,7.0,cell,U4_Q_C_full_dim_U,4.0,25,25,1.0
16,7.0,cell,U4_Q_C_full_dim_Q,4.0,25,25,1.0
16,7.0,cell,U4_Q_C_full_shared_energy,0.33764040368258597,25,25,1.0
16,7.0,cell,U4_Q_C_full_purity,0.08441010092064646,25,25,1.0
16,7.0,cell,U4_Q_C_full_capture,0.08441010092064646,25,25,1.0
16,7.0,cell,U4_Q_C_full_expected_random_purity,0.04,25,25,1.0
16,7.0,cell,U4_Q_C_full_expected_random_capture,0.04,25,25,1.0
16,7.0,cell,U4_Q_C_full_excess_purity,0.04441010092064644,25,25,1.0
16,7.0,cell,U4_Q_C_full_excess_capture,0.04441010092064644,25,25,1.0
16,7.0,cell,U4_Q_C_full_largest_canonical_correlation,0.521365852450039,25,25,1.0
16,7.0,cell,U4_Q_C_full_smallest_principal_angle,1.020622434043562,25,25,1.0
16,7.0,cell,UMP_Q_P4_dim_U,1.84,25,25,1.0
16,7.0,cell,UMP_Q_P4_dim_Q,4.0,25,25,1.0
16,7.0,cell,UMP_Q_P4_shared_energy,0.23355037412626004,25,25,1.0
16,7.0,cell,UMP_Q_P4_purity,0.12780809092227202,25,25,1.0
16,7.0,cell,UMP_Q_P4_capture,0.058387593531564974,25,25,1.0
16,7.0,cell,UMP_Q_P4_expected_random_purity,0.04,25,25,1.0
16,7.0,cell,UMP_Q_P4_expected_random_capture,0.0184,25,25,1.0
16,7.0,cell,UMP_Q_P4_excess_purity,0.08780809092227199,25,25,1.0
16,7.0,cell,UMP_Q_P4_excess_capture,0.039987593531564974,25,25,1.0
16,7.0,cell,UMP_Q_P4_largest_canonical_correlation,0.4635408002637424,25,25,1.0
16,7.0,cell,UMP_Q_P4_smallest_principal_angle,1.0863877034787075,25,25,1.0
16,7.0,cell,U4_Q_P4_dim_U,4.0,25,25,1.0
16,7.0,cell,U4_Q_P4_dim_Q,4.0,25,25,1.0
16,7.0,cell,U4_Q_P4_shared_energy,0.352935667856383,25,25,1.0
16,7.0,cell,U4_Q_P4_purity,0.08823391696409572,25,25,1.0
16,7.0,cell,U4_Q_P4_capture,0.08823391696409572,25,25,1.0
16,7.0,cell,U4_Q_P4_expected_random_purity,0.04,25,25,1.0
16,7.0,cell,U4_Q_P4_expected_random_capture,0.04,25,25,1.0
16,7.0,cell,U4_Q_P4_excess_purity,0.0482339169640957,25,25,1.0
16,7.0,cell,U4_Q_P4_excess_capture,0.0482339169640957,25,25,1.0
16,7.0,cell,U4_Q_P4_largest_canonical_correlation,0.5345390658546468,25,25,1.0
16,7.0,cell,U4_Q_P4_smallest_principal_angle,1.0054250259505262,25,25,1.0
16,7.0,cell,QR_Q_F_dim_U,7.0,25,25,1.0
16,7.0,cell,QR_Q_F_dim_Q,5.0,25,25,1.0
16,7.0,cell,QR_Q_F_shared_energy,4.986517956617196,25,25,1.0
16,7.0,cell,QR_Q_F_purity,0.7123597080881708,25,25,1.0
16,7.0,cell,QR_Q_F_capture,0.9973035913234394,25,25,1.0
16,7.0,cell,QR_Q_F_expected_random_purity,0.05000000000000001,25,25,1.0
16,7.0,cell,QR_Q_F_expected_random_capture,0.07,25,25,1.0
16,7.0,cell,QR_Q_F_excess_purity,0.6623597080881709,25,25,1.0
16,7.0,cell,QR_Q_F_excess_capture,0.9273035913234393,25,25,1.0
16,7.0,cell,QR_Q_F_largest_canonical_correlation,0.9994673884609572,25,25,1.0
16,7.0,cell,QR_Q_F_smallest_principal_angle,0.032622848342135906,25,25,1.0
16,7.0,cell,QR_Q_C_dim_U,7.0,25,25,1.0
16,7.0,cell,QR_Q_C_dim_Q,3.0,25,25,1.0
16,7.0,cell,QR_Q_C_shared_energy,1.4576050327288965,25,25,1.0
16,7.0,cell,QR_Q_C_purity,0.20822929038984228,25,25,1.0
16,7.0,cell,QR_Q_C_capture,0.48586834424296543,25,25,1.0
16,7.0,cell,QR_Q_C_expected_random_purity,0.03,25,25,1.0
16,7.0,cell,QR_Q_C_expected_random_capture,0.07,25,25,1.0
16,7.0,cell,QR_Q_C_excess_purity,0.1782292903898423,25,25,1.0
16,7.0,cell,QR_Q_C_excess_capture,0.4158683442429655,25,25,1.0
16,7.0,cell,QR_Q_C_largest_canonical_correlation,0.9808643652514638,25,25,1.0
16,7.0,cell,QR_Q_C_smallest_principal_angle,0.1959008091387022,25,25,1.0
16,7.0,cell,QR_Q_C_unique_dim_U,7.0,25,25,1.0
16,7.0,cell,QR_Q_C_unique_dim_Q,3.0,25,25,1.0
16,7.0,cell,QR_Q_C_unique_shared_energy,1.353915614730174,25,25,1.0
16,7.0,cell,QR_Q_C_unique_purity,0.19341651639002488,25,25,1.0
16,7.0,cell,QR_Q_C_unique_capture,0.451305204910058,25,25,1.0
16,7.0,cell,QR_Q_C_unique_expected_random_purity,0.03,25,25,1.0
16,7.0,cell,QR_Q_C_unique_expected_random_capture,0.07,25,25,1.0
16,7.0,cell,QR_Q_C_unique_excess_purity,0.16341651639002486,25,25,1.0
16,7.0,cell,QR_Q_C_unique_excess_capture,0.381305204910058,25,25,1.0
16,7.0,cell,QR_Q_C_unique_largest_canonical_correlation,0.9796121174511618,25,25,1.0
16,7.0,cell,QR_Q_C_unique_smallest_principal_angle,0.20222809550150078,25,25,1.0
16,7.0,cell,QR_Q_C_full_dim_U,7.0,25,25,1.0
16,7.0,cell,QR_Q_C_full_dim_Q,4.0,25,25,1.0
16,7.0,cell,QR_Q_C_full_shared_energy,1.9996496763310352,25,25,1.0
16,7.0,cell,QR_Q_C_full_purity,0.2856642394758621,25,25,1.0
16,7.0,cell,QR_Q_C_full_capture,0.4999124190827588,25,25,1.0
16,7.0,cell,QR_Q_C_full_expected_random_purity,0.04,25,25,1.0
16,7.0,cell,QR_Q_C_full_expected_random_capture,0.07,25,25,1.0
16,7.0,cell,QR_Q_C_full_excess_purity,0.24566423947586213,25,25,1.0
16,7.0,cell,QR_Q_C_full_excess_capture,0.42991241908275873,25,25,1.0
16,7.0,cell,QR_Q_C_full_largest_canonical_correlation,0.9813153777044791,25,25,1.0
16,7.0,cell,QR_Q_C_full_smallest_principal_angle,0.19356073204167984,25,25,1.0
16,7.0,cell,QR_Q_P4_dim_U,7.0,25,25,1.0
16,7.0,cell,QR_Q_P4_dim_Q,4.0,25,25,1.0
16,7.0,cell,QR_Q_P4_shared_energy,2.049945324400655,25,25,1.0
16,7.0,cell,QR_Q_P4_purity,0.2928493320572364,25,25,1.0
16,7.0,cell,QR_Q_P4_capture,0.5124863311001637,25,25,1.0
16,7.0,cell,QR_Q_P4_expected_random_purity,0.04,25,25,1.0
16,7.0,cell,QR_Q_P4_expected_random_capture,0.07,25,25,1.0
16,7.0,cell,QR_Q_P4_excess_purity,0.2528493320572364,25,25,1.0
16,7.0,cell,QR_Q_P4_excess_capture,0.4424863311001637,25,25,1.0
16,7.0,cell,QR_Q_P4_largest_canonical_correlation,0.9910700251295367,25,25,1.0
16,7.0,cell,QR_Q_P4_smallest_principal_angle,0.1336425699818558,25,25,1.0
17,3.0,cell,UMP_Q_F_dim_U,4.0,25,25,1.0
17,3.0,cell,UMP_Q_F_dim_Q,5.0,25,25,1.0
17,3.0,cell,UMP_Q_F_shared_energy,1.9564652676327905,25,25,1.0
17,3.0,cell,UMP_Q_F_purity,0.4891163169081975,25,25,1.0
17,3.0,cell,UMP_Q_F_capture,0.3912930535265581,25,25,1.0
17,3.0,cell,UMP_Q_F_expected_random_purity,0.05000000000000001,25,25,1.0
17,3.0,cell,UMP_Q_F_expected_random_capture,0.04,25,25,1.0
17,3.0,cell,UMP_Q_F_excess_purity,0.4391163169081975,25,25,1.0
17,3.0,cell,UMP_Q_F_excess_capture,0.35129305352655804,25,25,1.0
17,3.0,cell,UMP_Q_F_largest_canonical_correlation,0.9917684136764542,25,25,1.0
17,3.0,cell,UMP_Q_F_smallest_principal_angle,0.12830928948166173,25,25,1.0
17,3.0,cell,U4_Q_F_dim_U,4.0,25,25,1.0
17,3.0,cell,U4_Q_F_dim_Q,5.0,25,25,1.0
17,3.0,cell,U4_Q_F_shared_energy,1.9564652676327905,25,25,1.0
17,3.0,cell,U4_Q_F_purity,0.4891163169081975,25,25,1.0
17,3.0,cell,U4_Q_F_capture,0.3912930535265581,25,25,1.0
17,3.0,cell,U4_Q_F_expected_random_purity,0.05000000000000001,25,25,1.0
17,3.0,cell,U4_Q_F_expected_random_capture,0.04,25,25,1.0
17,3.0,cell,U4_Q_F_excess_purity,0.4391163169081975,25,25,1.0
17,3.0,cell,U4_Q_F_excess_capture,0.35129305352655804,25,25,1.0
17,3.0,cell,U4_Q_F_largest_canonical_correlation,0.9917684136764542,25,25,1.0
17,3.0,cell,U4_Q_F_smallest_principal_angle,0.12830928948166173,25,25,1.0
17,3.0,cell,UMP_Q_F_unique_dim_U,4.0,25,25,1.0
17,3.0,cell,UMP_Q_F_unique_dim_Q,5.0,25,25,1.0
17,3.0,cell,UMP_Q_F_unique_shared_energy,1.9444309263001824,25,25,1.0
17,3.0,cell,UMP_Q_F_unique_purity,0.4861077315750456,25,25,1.0
17,3.0,cell,UMP_Q_F_unique_capture,0.3888861852600365,25,25,1.0
17,3.0,cell,UMP_Q_F_unique_expected_random_purity,0.05000000000000001,25,25,1.0
17,3.0,cell,UMP_Q_F_unique_expected_random_capture,0.04,25,25,1.0
17,3.0,cell,UMP_Q_F_unique_excess_purity,0.4361077315750456,25,25,1.0
17,3.0,cell,UMP_Q_F_unique_excess_capture,0.34888618526003645,25,25,1.0
17,3.0,cell,UMP_Q_F_unique_largest_canonical_correlation,0.9878322439079067,25,25,1.0
17,3.0,cell,UMP_Q_F_unique_smallest_principal_angle,0.15599259328429638,25,25,1.0
17,3.0,cell,U4_Q_F_unique_dim_U,4.0,25,25,1.0
17,3.0,cell,U4_Q_F_unique_dim_Q,5.0,25,25,1.0
17,3.0,cell,U4_Q_F_unique_shared_energy,1.9444309263001824,25,25,1.0
17,3.0,cell,U4_Q_F_unique_purity,0.4861077315750456,25,25,1.0
17,3.0,cell,U4_Q_F_unique_capture,0.3888861852600365,25,25,1.0
17,3.0,cell,U4_Q_F_unique_expected_random_purity,0.05000000000000001,25,25,1.0
17,3.0,cell,U4_Q_F_unique_expected_random_capture,0.04,25,25,1.0
17,3.0,cell,U4_Q_F_unique_excess_purity,0.4361077315750456,25,25,1.0
17,3.0,cell,U4_Q_F_unique_excess_capture,0.34888618526003645,25,25,1.0
17,3.0,cell,U4_Q_F_unique_largest_canonical_correlation,0.9878322439079067,25,25,1.0
17,3.0,cell,U4_Q_F_unique_smallest_principal_angle,0.15599259328429638,25,25,1.0
17,3.0,cell,UMP_Q_C_dim_U,4.0,25,25,1.0
17,3.0,cell,UMP_Q_C_dim_Q,3.0,25,25,1.0
17,3.0,cell,UMP_Q_C_shared_energy,1.357952521415763,25,25,1.0
17,3.0,cell,UMP_Q_C_purity,0.33948813035394065,25,25,1.0
17,3.0,cell,UMP_Q_C_capture,0.4526508404719209,25,25,1.0
17,3.0,cell,UMP_Q_C_expected_random_purity,0.03,25,25,1.0
17,3.0,cell,UMP_Q_C_expected_random_capture,0.04,25,25,1.0
17,3.0,cell,UMP_Q_C_excess_purity,0.3094881303539407,25,25,1.0
17,3.0,cell,UMP_Q_C_excess_capture,0.4126508404719209,25,25,1.0
17,3.0,cell,UMP_Q_C_largest_canonical_correlation,0.9593296018897246,25,25,1.0
17,3.0,cell,UMP_Q_C_smallest_principal_angle,0.28599013867344364,25,25,1.0
17,3.0,cell,U4_Q_C_dim_U,4.0,25,25,1.0
17,3.0,cell,U4_Q_C_dim_Q,3.0,25,25,1.0
17,3.0,cell,U4_Q_C_shared_energy,1.357952521415763,25,25,1.0
17,3.0,cell,U4_Q_C_purity,0.33948813035394065,25,25,1.0
17,3.0,cell,U4_Q_C_capture,0.4526508404719209,25,25,1.0
17,3.0,cell,U4_Q_C_expected_random_purity,0.03,25,25,1.0
17,3.0,cell,U4_Q_C_expected_random_capture,0.04,25,25,1.0
17,3.0,cell,U4_Q_C_excess_purity,0.3094881303539407,25,25,1.0
17,3.0,cell,U4_Q_C_excess_capture,0.4126508404719209,25,25,1.0
17,3.0,cell,U4_Q_C_largest_canonical_correlation,0.9593296018897246,25,25,1.0
17,3.0,cell,U4_Q_C_smallest_principal_angle,0.28599013867344364,25,25,1.0
17,3.0,cell,UMP_Q_C_unique_dim_U,4.0,25,25,1.0
17,3.0,cell,UMP_Q_C_unique_dim_Q,3.0,25,25,1.0
17,3.0,cell,UMP_Q_C_unique_shared_energy,1.3459181800831557,25,25,1.0
17,3.0,cell,UMP_Q_C_unique_purity,0.3364795450207889,25,25,1.0
17,3.0,cell,UMP_Q_C_unique_capture,0.4486393933610519,25,25,1.0
17,3.0,cell,UMP_Q_C_unique_expected_random_purity,0.03,25,25,1.0
17,3.0,cell,UMP_Q_C_unique_expected_random_capture,0.04,25,25,1.0
17,3.0,cell,UMP_Q_C_unique_excess_purity,0.30647954502078895,25,25,1.0
17,3.0,cell,UMP_Q_C_unique_excess_capture,0.408639393361052,25,25,1.0
17,3.0,cell,UMP_Q_C_unique_largest_canonical_correlation,0.9614566344650838,25,25,1.0
17,3.0,cell,UMP_Q_C_unique_smallest_principal_angle,0.2784073240888265,25,25,1.0
17,3.0,cell,U4_Q_C_unique_dim_U,4.0,25,25,1.0
17,3.0,cell,U4_Q_C_unique_dim_Q,3.0,25,25,1.0
17,3.0,cell,U4_Q_C_unique_shared_energy,1.3459181800831557,25,25,1.0
17,3.0,cell,U4_Q_C_unique_purity,0.3364795450207889,25,25,1.0
17,3.0,cell,U4_Q_C_unique_capture,0.4486393933610519,25,25,1.0
17,3.0,cell,U4_Q_C_unique_expected_random_purity,0.03,25,25,1.0
17,3.0,cell,U4_Q_C_unique_expected_random_capture,0.04,25,25,1.0
17,3.0,cell,U4_Q_C_unique_excess_purity,0.30647954502078895,25,25,1.0
17,3.0,cell,U4_Q_C_unique_excess_capture,0.408639393361052,25,25,1.0
17,3.0,cell,U4_Q_C_unique_largest_canonical_correlation,0.9614566344650838,25,25,1.0
17,3.0,cell,U4_Q_C_unique_smallest_principal_angle,0.2784073240888265,25,25,1.0
17,3.0,cell,UMP_Q_C_full_dim_U,4.0,25,25,1.0
17,3.0,cell,UMP_Q_C_full_dim_Q,4.0,25,25,1.0
17,3.0,cell,UMP_Q_C_full_shared_energy,1.8715820813594397,25,25,1.0
17,3.0,cell,UMP_Q_C_full_purity,0.4678955203398598,25,25,1.0
17,3.0,cell,UMP_Q_C_full_capture,0.4678955203398598,25,25,1.0
17,3.0,cell,UMP_Q_C_full_expected_random_purity,0.04,25,25,1.0
17,3.0,cell,UMP_Q_C_full_expected_random_capture,0.04,25,25,1.0
17,3.0,cell,UMP_Q_C_full_excess_purity,0.42789552033985984,25,25,1.0
17,3.0,cell,UMP_Q_C_full_excess_capture,0.42789552033985984,25,25,1.0
17,3.0,cell,UMP_Q_C_full_largest_canonical_correlation,0.9634267771214295,25,25,1.0
17,3.0,cell,UMP_Q_C_full_smallest_principal_angle,0.27122104886674486,25,25,1.0
17,3.0,cell,U4_Q_C_full_dim_U,4.0,25,25,1.0
17,3.0,cell,U4_Q_C_full_dim_Q,4.0,25,25,1.0
17,3.0,cell,U4_Q_C_full_shared_energy,1.8715820813594397,25,25,1.0
17,3.0,cell,U4_Q_C_full_purity,0.4678955203398598,25,25,1.0
17,3.0,cell,U4_Q_C_full_capture,0.4678955203398598,25,25,1.0
17,3.0,cell,U4_Q_C_full_expected_random_purity,0.04,25,25,1.0
17,3.0,cell,U4_Q_C_full_expected_random_capture,0.04,25,25,1.0
17,3.0,cell,U4_Q_C_full_excess_purity,0.42789552033985984,25,25,1.0
17,3.0,cell,U4_Q_C_full_excess_capture,0.42789552033985984,25,25,1.0
17,3.0,cell,U4_Q_C_full_largest_canonical_correlation,0.9634267771214295,25,25,1.0
17,3.0,cell,U4_Q_C_full_smallest_principal_angle,0.27122104886674486,25,25,1.0
17,3.0,cell,UMP_Q_P4_dim_U,4.0,25,25,1.0
17,3.0,cell,UMP_Q_P4_dim_Q,4.0,25,25,1.0
17,3.0,cell,UMP_Q_P4_shared_energy,1.9273260844920583,25,25,1.0
17,3.0,cell,UMP_Q_P4_purity,0.4818315211230146,25,25,1.0
17,3.0,cell,UMP_Q_P4_capture,0.4818315211230146,25,25,1.0
17,3.0,cell,UMP_Q_P4_expected_random_purity,0.04,25,25,1.0
17,3.0,cell,UMP_Q_P4_expected_random_capture,0.04,25,25,1.0
17,3.0,cell,UMP_Q_P4_excess_purity,0.44183152112301466,25,25,1.0
17,3.0,cell,UMP_Q_P4_excess_capture,0.44183152112301466,25,25,1.0
17,3.0,cell,UMP_Q_P4_largest_canonical_correlation,0.9722472361420145,25,25,1.0
17,3.0,cell,UMP_Q_P4_smallest_principal_angle,0.236092936174061,25,25,1.0
17,3.0,cell,U4_Q_P4_dim_U,4.0,25,25,1.0
17,3.0,cell,U4_Q_P4_dim_Q,4.0,25,25,1.0
17,3.0,cell,U4_Q_P4_shared_energy,1.9273260844920583,25,25,1.0
17,3.0,cell,U4_Q_P4_purity,0.4818315211230146,25,25,1.0
17,3.0,cell,U4_Q_P4_capture,0.4818315211230146,25,25,1.0
17,3.0,cell,U4_Q_P4_expected_random_purity,0.04,25,25,1.0
17,3.0,cell,U4_Q_P4_expected_random_capture,0.04,25,25,1.0
17,3.0,cell,U4_Q_P4_excess_purity,0.44183152112301466,25,25,1.0
17,3.0,cell,U4_Q_P4_excess_capture,0.44183152112301466,25,25,1.0
17,3.0,cell,U4_Q_P4_largest_canonical_correlation,0.9722472361420145,25,25,1.0
17,3.0,cell,U4_Q_P4_smallest_principal_angle,0.236092936174061,25,25,1.0
17,3.0,cell,QR_Q_F_dim_U,3.0,25,25,1.0
17,3.0,cell,QR_Q_F_dim_Q,5.0,25,25,1.0
17,3.0,cell,QR_Q_F_shared_energy,2.992510667989953,25,25,1.0
17,3.0,cell,QR_Q_F_purity,0.997503555996651,25,25,1.0
17,3.0,cell,QR_Q_F_capture,0.5985021335979906,25,25,1.0
17,3.0,cell,QR_Q_F_expected_random_purity,0.05000000000000001,25,25,1.0
17,3.0,cell,QR_Q_F_expected_random_capture,0.03,25,25,1.0
17,3.0,cell,QR_Q_F_excess_purity,0.9475035559966511,25,25,1.0
17,3.0,cell,QR_Q_F_excess_capture,0.5685021335979906,25,25,1.0
17,3.0,cell,QR_Q_F_largest_canonical_correlation,0.999290897166786,25,25,1.0
17,3.0,cell,QR_Q_F_smallest_principal_angle,0.0375816299046416,25,25,1.0
17,3.0,cell,QR_Q_C_dim_U,3.0,25,25,1.0
17,3.0,cell,QR_Q_C_dim_Q,3.0,25,25,1.0
17,3.0,cell,QR_Q_C_shared_energy,0.040255033768408895,25,25,1.0
17,3.0,cell,QR_Q_C_purity,0.013418344589469604,25,25,1.0
17,3.0,cell,QR_Q_C_capture,0.013418344589469604,25,25,1.0
17,3.0,cell,QR_Q_C_expected_random_purity,0.03,25,25,1.0
17,3.0,cell,QR_Q_C_expected_random_capture,0.03,25,25,1.0
17,3.0,cell,QR_Q_C_excess_purity,-0.0165816554105303,25,25,1.0
17,3.0,cell,QR_Q_C_excess_capture,-0.0165816554105303,25,25,1.0
17,3.0,cell,QR_Q_C_largest_canonical_correlation,0.18072298146907162,25,25,1.0
17,3.0,cell,QR_Q_C_smallest_principal_angle,1.3890705251425661,25,25,1.0
17,3.0,cell,QR_Q_C_unique_dim_U,3.0,25,25,1.0
17,3.0,cell,QR_Q_C_unique_dim_Q,3.0,25,25,1.0
17,3.0,cell,QR_Q_C_unique_shared_energy,0.0023277285933567,25,25,1.0
17,3.0,cell,QR_Q_C_unique_purity,0.0007759095311188762,25,25,1.0
17,3.0,cell,QR_Q_C_unique_capture,0.0007759095311188762,25,25,1.0
17,3.0,cell,QR_Q_C_unique_expected_random_purity,0.03,25,25,1.0
17,3.0,cell,QR_Q_C_unique_expected_random_capture,0.03,25,25,1.0
17,3.0,cell,QR_Q_C_unique_excess_purity,-0.029224090468881022,25,25,1.0
17,3.0,cell,QR_Q_C_unique_excess_capture,-0.029224090468881022,25,25,1.0
17,3.0,cell,QR_Q_C_unique_largest_canonical_correlation,0.04508257364858377,25,25,1.0
17,3.0,cell,QR_Q_C_unique_smallest_principal_angle,1.5256947515764905,25,25,1.0
17,3.0,cell,QR_Q_C_full_dim_U,3.0,25,25,1.0
17,3.0,cell,QR_Q_C_full_dim_Q,4.0,25,25,1.0
17,3.0,cell,QR_Q_C_full_shared_energy,0.08451053703198598,25,25,1.0
17,3.0,cell,QR_Q_C_full_purity,0.028170179010661968,25,25,1.0
17,3.0,cell,QR_Q_C_full_capture,0.021127634257996467,25,25,1.0
17,3.0,cell,QR_Q_C_full_expected_random_purity,0.04,25,25,1.0
17,3.0,cell,QR_Q_C_full_expected_random_capture,0.03,25,25,1.0
17,3.0,cell,QR_Q_C_full_excess_purity,-0.011829820989337934,25,25,1.0
17,3.0,cell,QR_Q_C_full_excess_capture,-0.008872365742003436,25,25,1.0
17,3.0,cell,QR_Q_C_full_largest_canonical_correlation,0.2137740402510274,25,25,1.0
17,3.0,cell,QR_Q_C_full_smallest_principal_angle,1.3553530730857108,25,25,1.0
17,3.0,cell,QR_Q_P4_dim_U,3.0,25,25,1.0
17,3.0,cell,QR_Q_P4_dim_Q,4.0,25,25,1.0
17,3.0,cell,QR_Q_P4_shared_energy,0.0833730162991311,25,25,1.0
17,3.0,cell,QR_Q_P4_purity,0.027791005433043674,25,25,1.0
17,3.0,cell,QR_Q_P4_capture,0.02084325407478273,25,25,1.0
17,3.0,cell,QR_Q_P4_expected_random_purity,0.04,25,25,1.0
17,3.0,cell,QR_Q_P4_expected_random_capture,0.03,25,25,1.0
17,3.0,cell,QR_Q_P4_excess_purity,-0.012208994566956228,25,25,1.0
17,3.0,cell,QR_Q_P4_excess_capture,-0.009156745925217168,25,25,1.0
17,3.0,cell,QR_Q_P4_largest_canonical_correlation,0.21134184454659025,25,25,1.0
17,3.0,cell,QR_Q_P4_smallest_principal_angle,1.3578446202306313,25,25,1.0
17,5.0,cell,UMP_Q_F_dim_U,2.0,25,25,1.0
17,5.0,cell,UMP_Q_F_dim_Q,5.0,25,25,1.0
17,5.0,cell,UMP_Q_F_shared_energy,0.009317304151097057,25,25,1.0
17,5.0,cell,UMP_Q_F_purity,0.0046586520755484955,25,25,1.0
17,5.0,cell,UMP_Q_F_capture,0.0018634608302193724,25,25,1.0
17,5.0,cell,UMP_Q_F_expected_random_purity,0.05000000000000001,25,25,1.0
17,5.0,cell,UMP_Q_F_expected_random_capture,0.02,25,25,1.0
17,5.0,cell,UMP_Q_F_excess_purity,-0.045341347924451415,25,25,1.0
17,5.0,cell,UMP_Q_F_excess_capture,-0.01813653916978054,25,25,1.0
17,5.0,cell,UMP_Q_F_largest_canonical_correlation,0.08876082773389243,25,25,1.0
17,5.0,cell,UMP_Q_F_smallest_principal_angle,1.4819163341060753,25,25,1.0
17,5.0,cell,U4_Q_F_dim_U,4.0,25,25,1.0
17,5.0,cell,U4_Q_F_dim_Q,5.0,25,25,1.0
17,5.0,cell,U4_Q_F_shared_energy,0.009645150503077876,25,25,1.0
17,5.0,cell,U4_Q_F_purity,0.0024112876257694317,25,25,1.0
17,5.0,cell,U4_Q_F_capture,0.0019290301006155478,25,25,1.0
17,5.0,cell,U4_Q_F_expected_random_purity,0.05000000000000001,25,25,1.0
17,5.0,cell,U4_Q_F_expected_random_capture,0.04,25,25,1.0
17,5.0,cell,U4_Q_F_excess_purity,-0.04758871237423048,25,25,1.0
17,5.0,cell,U4_Q_F_excess_capture,-0.038070969899384355,25,25,1.0
17,5.0,cell,U4_Q_F_largest_canonical_correlation,0.08932157558362257,25,25,1.0
17,5.0,cell,U4_Q_F_smallest_principal_angle,1.4813532021157394,25,25,1.0
17,5.0,cell,UMP_Q_F_unique_dim_U,2.0,25,25,1.0
17,5.0,cell,UMP_Q_F_unique_dim_Q,5.0,25,25,1.0
17,5.0,cell,UMP_Q_F_unique_shared_energy,0.04886849366867522,25,25,1.0
17,5.0,cell,UMP_Q_F_unique_purity,0.02443424683433758,25,25,1.0
17,5.0,cell,UMP_Q_F_unique_capture,0.009773698733735004,25,25,1.0
17,5.0,cell,UMP_Q_F_unique_expected_random_purity,0.05000000000000001,25,25,1.0
17,5.0,cell,UMP_Q_F_unique_expected_random_capture,0.02,25,25,1.0
17,5.0,cell,UMP_Q_F_unique_excess_purity,-0.025565753165662314,25,25,1.0
17,5.0,cell,UMP_Q_F_unique_excess_capture,-0.010226301266264897,25,25,1.0
17,5.0,cell,UMP_Q_F_unique_largest_canonical_correlation,0.20169949896922806,25,25,1.0
17,5.0,cell,UMP_Q_F_unique_smallest_principal_angle,1.367684876407545,25,25,1.0
17,5.0,cell,U4_Q_F_unique_dim_U,4.0,25,25,1.0
17,5.0,cell,U4_Q_F_unique_dim_Q,5.0,25,25,1.0
17,5.0,cell,U4_Q_F_unique_shared_energy,0.06240111025749258,25,25,1.0
17,5.0,cell,U4_Q_F_unique_purity,0.015600277564373115,25,25,1.0
17,5.0,cell,U4_Q_F_unique_capture,0.012480222051498475,25,25,1.0
17,5.0,cell,U4_Q_F_unique_expected_random_purity,0.05000000000000001,25,25,1.0
17,5.0,cell,U4_Q_F_unique_expected_random_capture,0.04,25,25,1.0
17,5.0,cell,U4_Q_F_unique_excess_purity,-0.03439972243562679,25,25,1.0
17,5.0,cell,U4_Q_F_unique_excess_capture,-0.027519777948501425,25,25,1.0
17,5.0,cell,U4_Q_F_unique_largest_canonical_correlation,0.2095394464690452,25,25,1.0
17,5.0,cell,U4_Q_F_unique_smallest_principal_angle,1.3596748243903354,25,25,1.0
17,5.0,cell,UMP_Q_C_dim_U,2.0,25,25,1.0
17,5.0,cell,UMP_Q_C_dim_Q,3.0,25,25,1.0
17,5.0,cell,UMP_Q_C_shared_energy,1.3689033681388394,25,25,1.0
17,5.0,cell,UMP_Q_C_purity,0.6844516840694197,25,25,1.0
17,5.0,cell,UMP_Q_C_capture,0.4563011227129464,25,25,1.0
17,5.0,cell,UMP_Q_C_expected_random_purity,0.03,25,25,1.0
17,5.0,cell,UMP_Q_C_expected_random_capture,0.02,25,25,1.0
17,5.0,cell,UMP_Q_C_excess_purity,0.6544516840694196,25,25,1.0
17,5.0,cell,UMP_Q_C_excess_capture,0.4363011227129464,25,25,1.0
17,5.0,cell,UMP_Q_C_largest_canonical_correlation,0.9625451897169364,25,25,1.0
17,5.0,cell,UMP_Q_C_smallest_principal_angle,0.2743253060264185,25,25,1.0
17,5.0,cell,U4_Q_C_dim_U,4.0,25,25,1.0
17,5.0,cell,U4_Q_C_dim_Q,3.0,25,25,1.0
17,5.0,cell,U4_Q_C_shared_energy,1.829251936506198,25,25,1.0
17,5.0,cell,U4_Q_C_purity,0.4573129841265495,25,25,1.0
17,5.0,cell,U4_Q_C_capture,0.6097506455020661,25,25,1.0
17,5.0,cell,U4_Q_C_expected_random_purity,0.03,25,25,1.0
17,5.0,cell,U4_Q_C_expected_random_capture,0.04,25,25,1.0
17,5.0,cell,U4_Q_C_excess_purity,0.42731298412654956,25,25,1.0
17,5.0,cell,U4_Q_C_excess_capture,0.569750645502066,25,25,1.0
17,5.0,cell,U4_Q_C_largest_canonical_correlation,0.9629677055926809,25,25,1.0
17,5.0,cell,U4_Q_C_smallest_principal_angle,0.2727765899708991,25,25,1.0
17,5.0,cell,UMP_Q_C_unique_dim_U,2.0,25,25,1.0
17,5.0,cell,UMP_Q_C_unique_dim_Q,3.0,25,25,1.0
17,5.0,cell,UMP_Q_C_unique_shared_energy,1.408454557656417,25,25,1.0
17,5.0,cell,UMP_Q_C_unique_purity,0.7042272788282085,25,25,1.0
17,5.0,cell,UMP_Q_C_unique_capture,0.46948485255213895,25,25,1.0
17,5.0,cell,UMP_Q_C_unique_expected_random_purity,0.03,25,25,1.0
17,5.0,cell,UMP_Q_C_unique_expected_random_capture,0.02,25,25,1.0
17,5.0,cell,UMP_Q_C_unique_excess_purity,0.6742272788282085,25,25,1.0
17,5.0,cell,UMP_Q_C_unique_excess_capture,0.44948485255213905,25,25,1.0
17,5.0,cell,UMP_Q_C_unique_largest_canonical_correlation,0.9799379872891524,25,25,1.0
17,5.0,cell,UMP_Q_C_unique_smallest_principal_angle,0.20048323672375357,25,25,1.0
17,5.0,cell,U4_Q_C_unique_dim_U,4.0,25,25,1.0
17,5.0,cell,U4_Q_C_unique_dim_Q,3.0,25,25,1.0
17,5.0,cell,U4_Q_C_unique_shared_energy,1.8820078962606117,25,25,1.0
17,5.0,cell,U4_Q_C_unique_purity,0.47050197406515293,25,25,1.0
17,5.0,cell,U4_Q_C_unique_capture,0.627335965420204,25,25,1.0
17,5.0,cell,U4_Q_C_unique_expected_random_purity,0.03,25,25,1.0
17,5.0,cell,U4_Q_C_unique_expected_random_capture,0.04,25,25,1.0
17,5.0,cell,U4_Q_C_unique_excess_purity,0.44050197406515296,25,25,1.0
17,5.0,cell,U4_Q_C_unique_excess_capture,0.5873359654202039,25,25,1.0
17,5.0,cell,U4_Q_C_unique_largest_canonical_correlation,0.9803839784109258,25,25,1.0
17,5.0,cell,U4_Q_C_unique_smallest_principal_angle,0.1982213072570164,25,25,1.0
17,5.0,cell,UMP_Q_C_full_dim_U,2.0,25,25,1.0
17,5.0,cell,UMP_Q_C_full_dim_Q,4.0,25,25,1.0
17,5.0,cell,UMP_Q_C_full_shared_energy,1.8169161235240994,25,25,1.0
17,5.0,cell,UMP_Q_C_full_purity,0.9084580617620497,25,25,1.0
17,5.0,cell,UMP_Q_C_full_capture,0.45422903088102484,25,25,1.0
17,5.0,cell,UMP_Q_C_full_expected_random_purity,0.04,25,25,1.0
17,5.0,cell,UMP_Q_C_full_expected_random_capture,0.02,25,25,1.0
17,5.0,cell,UMP_Q_C_full_excess_purity,0.8684580617620498,25,25,1.0
17,5.0,cell,UMP_Q_C_full_excess_capture,0.4342290308810249,25,25,1.0
17,5.0,cell,UMP_Q_C_full_largest_canonical_correlation,0.9739502146758161,25,25,1.0
17,5.0,cell,UMP_Q_C_full_smallest_principal_angle,0.2286235973244905,25,25,1.0
17,5.0,cell,U4_Q_C_full_dim_U,4.0,25,25,1.0
17,5.0,cell,U4_Q_C_full_dim_Q,4.0,25,25,1.0
17,5.0,cell,U4_Q_C_full_shared_energy,2.32697393709449,25,25,1.0
17,5.0,cell,U4_Q_C_full_purity,0.5817434842736225,25,25,1.0
17,5.0,cell,U4_Q_C_full_capture,0.5817434842736225,25,25,1.0
17,5.0,cell,U4_Q_C_full_expected_random_purity,0.04,25,25,1.0
17,5.0,cell,U4_Q_C_full_expected_random_capture,0.04,25,25,1.0
17,5.0,cell,U4_Q_C_full_excess_purity,0.5417434842736225,25,25,1.0
17,5.0,cell,U4_Q_C_full_excess_capture,0.5417434842736225,25,25,1.0
17,5.0,cell,U4_Q_C_full_largest_canonical_correlation,0.9742424523849991,25,25,1.0
17,5.0,cell,U4_Q_C_full_smallest_principal_angle,0.22732944150670747,25,25,1.0
17,5.0,cell,UMP_Q_P4_dim_U,2.0,25,25,1.0
17,5.0,cell,UMP_Q_P4_dim_Q,4.0,25,25,1.0
17,5.0,cell,UMP_Q_P4_shared_energy,1.8485889496368448,25,25,1.0
17,5.0,cell,UMP_Q_P4_purity,0.9242944748184224,25,25,1.0
17,5.0,cell,UMP_Q_P4_capture,0.46214723740921115,25,25,1.0
17,5.0,cell,UMP_Q_P4_expected_random_purity,0.04,25,25,1.0
17,5.0,cell,UMP_Q_P4_expected_random_capture,0.02,25,25,1.0
17,5.0,cell,UMP_Q_P4_excess_purity,0.8842944748184225,25,25,1.0
17,5.0,cell,UMP_Q_P4_excess_capture,0.44214723740921114,25,25,1.0
17,5.0,cell,UMP_Q_P4_largest_canonical_correlation,0.9818989350979076,25,25,1.0
17,5.0,cell,UMP_Q_P4_smallest_principal_angle,0.19051097518224705,25,25,1.0
17,5.0,cell,U4_Q_P4_dim_U,4.0,25,25,1.0
17,5.0,cell,U4_Q_P4_dim_Q,4.0,25,25,1.0
17,5.0,cell,U4_Q_P4_shared_energy,2.346363547308458,25,25,1.0
17,5.0,cell,U4_Q_P4_purity,0.5865908868271145,25,25,1.0
17,5.0,cell,U4_Q_P4_capture,0.5865908868271145,25,25,1.0
17,5.0,cell,U4_Q_P4_expected_random_purity,0.04,25,25,1.0
17,5.0,cell,U4_Q_P4_expected_random_capture,0.04,25,25,1.0
17,5.0,cell,U4_Q_P4_excess_purity,0.5465908868271143,25,25,1.0
17,5.0,cell,U4_Q_P4_excess_capture,0.5465908868271143,25,25,1.0
17,5.0,cell,U4_Q_P4_largest_canonical_correlation,0.9823436839828943,25,25,1.0
17,5.0,cell,U4_Q_P4_smallest_principal_angle,0.18814628915500034,25,25,1.0
17,5.0,cell,QR_Q_F_dim_U,5.0,25,25,1.0
17,5.0,cell,QR_Q_F_dim_Q,5.0,25,25,1.0
17,5.0,cell,QR_Q_F_shared_energy,4.978111054659331,25,25,1.0
17,5.0,cell,QR_Q_F_purity,0.9956222109318662,25,25,1.0
17,5.0,cell,QR_Q_F_capture,0.9956222109318662,25,25,1.0
17,5.0,cell,QR_Q_F_expected_random_purity,0.05000000000000001,25,25,1.0
17,5.0,cell,QR_Q_F_expected_random_capture,0.05000000000000001,25,25,1.0
17,5.0,cell,QR_Q_F_excess_purity,0.945622210931866,25,25,1.0
17,5.0,cell,QR_Q_F_excess_capture,0.945622210931866,25,25,1.0
17,5.0,cell,QR_Q_F_largest_canonical_correlation,0.9993818543421841,25,25,1.0
17,5.0,cell,QR_Q_F_smallest_principal_angle,0.035130458629515283,25,25,1.0
17,5.0,cell,QR_Q_C_dim_U,5.0,25,25,1.0
17,5.0,cell,QR_Q_C_dim_Q,3.0,25,25,1.0
17,5.0,cell,QR_Q_C_shared_energy,0.09554046646670786,25,25,1.0
17,5.0,cell,QR_Q_C_purity,0.019108093293341524,25,25,1.0
17,5.0,cell,QR_Q_C_capture,0.03184682215556926,25,25,1.0
17,5.0,cell,QR_Q_C_expected_random_purity,0.03,25,25,1.0
17,5.0,cell,QR_Q_C_expected_random_capture,0.05000000000000001,25,25,1.0
17,5.0,cell,QR_Q_C_excess_purity,-0.010891906706658376,25,25,1.0
17,5.0,cell,QR_Q_C_excess_capture,-0.018153177844430646,25,25,1.0
17,5.0,cell,QR_Q_C_largest_canonical_correlation,0.24505260355707162,25,25,1.0
17,5.0,cell,QR_Q_C_smallest_principal_angle,1.3232000750510209,25,25,1.0
17,5.0,cell,QR_Q_C_unique_dim_U,5.0,25,25,1.0
17,5.0,cell,QR_Q_C_unique_dim_Q,3.0,25,25,1.0
17,5.0,cell,QR_Q_C_unique_shared_energy,0.007133177357179507,25,25,1.0
17,5.0,cell,QR_Q_C_unique_purity,0.0014266354714358603,25,25,1.0
17,5.0,cell,QR_Q_C_unique_capture,0.0023777257857264603,25,25,1.0
17,5.0,cell,QR_Q_C_unique_expected_random_purity,0.03,25,25,1.0
17,5.0,cell,QR_Q_C_unique_expected_random_capture,0.05000000000000001,25,25,1.0
17,5.0,cell,QR_Q_C_unique_excess_purity,-0.028573364528564044,25,25,1.0
17,5.0,cell,QR_Q_C_unique_excess_capture,-0.047622274214273445,25,25,1.0
17,5.0,cell,QR_Q_C_unique_largest_canonical_correlation,0.0806323705349345,25,25,1.0
17,5.0,cell,QR_Q_C_unique_smallest_principal_angle,1.4900727339116508,25,25,1.0
17,5.0,cell,QR_Q_C_full_dim_U,5.0,25,25,1.0
17,5.0,cell,QR_Q_C_full_dim_Q,4.0,25,25,1.0
17,5.0,cell,QR_Q_C_full_shared_energy,0.21326270217356894,25,25,1.0
17,5.0,cell,QR_Q_C_full_purity,0.04265254043471375,25,25,1.0
17,5.0,cell,QR_Q_C_full_capture,0.053315675543392185,25,25,1.0
17,5.0,cell,QR_Q_C_full_expected_random_purity,0.04,25,25,1.0
17,5.0,cell,QR_Q_C_full_expected_random_capture,0.05000000000000001,25,25,1.0
17,5.0,cell,QR_Q_C_full_excess_purity,0.0026525404347137477,25,25,1.0
17,5.0,cell,QR_Q_C_full_excess_capture,0.0033156755433921803,25,25,1.0
17,5.0,cell,QR_Q_C_full_largest_canonical_correlation,0.3795471352374233,25,25,1.0
17,5.0,cell,QR_Q_C_full_smallest_principal_angle,1.1814778156666175,25,25,1.0
17,5.0,cell,QR_Q_P4_dim_U,5.0,25,25,1.0
17,5.0,cell,QR_Q_P4_dim_Q,4.0,25,25,1.0
17,5.0,cell,QR_Q_P4_shared_energy,0.23035278547386817,25,25,1.0
17,5.0,cell,QR_Q_P4_purity,0.0460705570947736,25,25,1.0
17,5.0,cell,QR_Q_P4_capture,0.05758819636846701,25,25,1.0
17,5.0,cell,QR_Q_P4_expected_random_purity,0.04,25,25,1.0
17,5.0,cell,QR_Q_P4_expected_random_capture,0.05000000000000001,25,25,1.0
17,5.0,cell,QR_Q_P4_excess_purity,0.006070557094773585,25,25,1.0
17,5.0,cell,QR_Q_P4_excess_capture,0.007588196368466988,25,25,1.0
17,5.0,cell,QR_Q_P4_largest_canonical_correlation,0.39691327146461025,25,25,1.0
17,5.0,cell,QR_Q_P4_smallest_principal_angle,1.1626333882390971,25,25,1.0
17,7.0,cell,UMP_Q_F_dim_U,2.2,25,25,1.0
17,7.0,cell,UMP_Q_F_dim_Q,5.0,25,25,1.0
17,7.0,cell,UMP_Q_F_shared_energy,0.0002968407939332068,25,25,1.0
17,7.0,cell,UMP_Q_F_purity,0.00013364948245644093,25,25,1.0
17,7.0,cell,UMP_Q_F_capture,5.936815878665059e-05,25,25,1.0
17,7.0,cell,UMP_Q_F_expected_random_purity,0.05000000000000001,25,25,1.0
17,7.0,cell,UMP_Q_F_expected_random_capture,0.022000000000000002,25,25,1.0
17,7.0,cell,UMP_Q_F_excess_purity,-0.04986635051754346,25,25,1.0
17,7.0,cell,UMP_Q_F_excess_capture,-0.021940631841213292,25,25,1.0
17,7.0,cell,UMP_Q_F_largest_canonical_correlation,0.014548431323952775,25,25,1.0
17,7.0,cell,UMP_Q_F_smallest_principal_angle,1.5562473280511062,25,25,1.0
17,7.0,cell,U4_Q_F_dim_U,4.0,25,25,1.0
17,7.0,cell,U4_Q_F_dim_Q,5.0,25,25,1.0
17,7.0,cell,U4_Q_F_shared_energy,0.0006807203405462359,25,25,1.0
17,7.0,cell,U4_Q_F_purity,0.00017018008513651597,25,25,1.0
17,7.0,cell,U4_Q_F_capture,0.00013614406810920945,25,25,1.0
17,7.0,cell,U4_Q_F_expected_random_purity,0.05000000000000001,25,25,1.0
17,7.0,cell,U4_Q_F_expected_random_capture,0.04,25,25,1.0
17,7.0,cell,U4_Q_F_excess_purity,-0.04982981991486339,25,25,1.0
17,7.0,cell,U4_Q_F_excess_capture,-0.0398638559318907,25,25,1.0
17,7.0,cell,U4_Q_F_largest_canonical_correlation,0.020305312266092317,25,25,1.0
17,7.0,cell,U4_Q_F_smallest_principal_angle,1.5504895887654682,25,25,1.0
17,7.0,cell,UMP_Q_F_unique_dim_U,2.2,25,25,1.0
17,7.0,cell,UMP_Q_F_unique_dim_Q,5.0,25,25,1.0
17,7.0,cell,UMP_Q_F_unique_shared_energy,0.008627220081905064,25,25,1.0
17,7.0,cell,UMP_Q_F_unique_purity,0.003737349830846712,25,25,1.0
17,7.0,cell,UMP_Q_F_unique_capture,0.0017254440163809762,25,25,1.0
17,7.0,cell,UMP_Q_F_unique_expected_random_purity,0.05000000000000001,25,25,1.0
17,7.0,cell,UMP_Q_F_unique_expected_random_capture,0.022000000000000002,25,25,1.0
17,7.0,cell,UMP_Q_F_unique_excess_purity,-0.04626265016915319,25,25,1.0
17,7.0,cell,UMP_Q_F_unique_excess_capture,-0.020274555983618926,25,25,1.0
17,7.0,cell,UMP_Q_F_unique_largest_canonical_correlation,0.08683289517088726,25,25,1.0
17,7.0,cell,UMP_Q_F_unique_smallest_principal_angle,1.4838193280982193,25,25,1.0
17,7.0,cell,U4_Q_F_unique_dim_U,4.0,25,25,1.0
17,7.0,cell,U4_Q_F_unique_dim_Q,5.0,25,25,1.0
17,7.0,cell,U4_Q_F_unique_shared_energy,0.013570384087182294,25,25,1.0
17,7.0,cell,U4_Q_F_unique_purity,0.0033925960217955397,25,25,1.0
17,7.0,cell,U4_Q_F_unique_capture,0.0027140768174364243,25,25,1.0
17,7.0,cell,U4_Q_F_unique_expected_random_purity,0.05000000000000001,25,25,1.0
17,7.0,cell,U4_Q_F_unique_expected_random_capture,0.04,25,25,1.0
17,7.0,cell,U4_Q_F_unique_excess_purity,-0.046607403978204384,25,25,1.0
17,7.0,cell,U4_Q_F_unique_excess_capture,-0.037285923182563484,25,25,1.0
17,7.0,cell,U4_Q_F_unique_largest_canonical_correlation,0.10913784852414718,25,25,1.0
17,7.0,cell,U4_Q_F_unique_smallest_principal_angle,1.4614198818762976,25,25,1.0
17,7.0,cell,UMP_Q_C_dim_U,2.2,25,25,1.0
17,7.0,cell,UMP_Q_C_dim_Q,3.0,25,25,1.0
17,7.0,cell,UMP_Q_C_shared_energy,0.25338226747292364,25,25,1.0
17,7.0,cell,UMP_Q_C_purity,0.11530438653125528,25,25,1.0
17,7.0,cell,UMP_Q_C_capture,0.08446075582430783,25,25,1.0
17,7.0,cell,UMP_Q_C_expected_random_purity,0.03,25,25,1.0
17,7.0,cell,UMP_Q_C_expected_random_capture,0.022000000000000002,25,25,1.0
17,7.0,cell,UMP_Q_C_excess_purity,0.08530438653125529,25,25,1.0
17,7.0,cell,UMP_Q_C_excess_capture,0.06246075582430784,25,25,1.0
17,7.0,cell,UMP_Q_C_largest_canonical_correlation,0.48026588720209623,25,25,1.0
17,7.0,cell,UMP_Q_C_smallest_principal_angle,1.0660975247614912,25,25,1.0
17,7.0,cell,U4_Q_C_dim_U,4.0,25,25,1.0
17,7.0,cell,U4_Q_C_dim_Q,3.0,25,25,1.0
17,7.0,cell,U4_Q_C_shared_energy,0.3613586776210507,25,25,1.0
17,7.0,cell,U4_Q_C_purity,0.09033966940526263,25,25,1.0
17,7.0,cell,U4_Q_C_capture,0.12045289254035016,25,25,1.0
17,7.0,cell,U4_Q_C_expected_random_purity,0.03,25,25,1.0
17,7.0,cell,U4_Q_C_expected_random_capture,0.04,25,25,1.0
17,7.0,cell,U4_Q_C_excess_purity,0.060339669405262614,25,25,1.0
17,7.0,cell,U4_Q_C_excess_capture,0.08045289254035015,25,25,1.0
17,7.0,cell,U4_Q_C_largest_canonical_correlation,0.5454092040962066,25,25,1.0
17,7.0,cell,U4_Q_C_smallest_principal_angle,0.9916661974070806,25,25,1.0
17,7.0,cell,UMP_Q_C_unique_dim_U,2.2,25,25,1.0
17,7.0,cell,UMP_Q_C_unique_dim_Q,3.0,25,25,1.0
17,7.0,cell,UMP_Q_C_unique_shared_energy,0.2617126467608952,25,25,1.0
17,7.0,cell,UMP_Q_C_unique_purity,0.11890808687964545,25,25,1.0
17,7.0,cell,UMP_Q_C_unique_capture,0.08723754892029836,25,25,1.0
17,7.0,cell,UMP_Q_C_unique_expected_random_purity,0.03,25,25,1.0
17,7.0,cell,UMP_Q_C_unique_expected_random_capture,0.022000000000000002,25,25,1.0
17,7.0,cell,UMP_Q_C_unique_excess_purity,0.08890808687964544,25,25,1.0
17,7.0,cell,UMP_Q_C_unique_excess_capture,0.06523754892029836,25,25,1.0
17,7.0,cell,UMP_Q_C_unique_largest_canonical_correlation,0.4876795658908658,25,25,1.0
17,7.0,cell,UMP_Q_C_unique_smallest_principal_angle,1.0572370551275723,25,25,1.0
17,7.0,cell,U4_Q_C_unique_dim_U,4.0,25,25,1.0
17,7.0,cell,U4_Q_C_unique_dim_Q,3.0,25,25,1.0
17,7.0,cell,U4_Q_C_unique_shared_energy,0.37424834136768625,25,25,1.0
17,7.0,cell,U4_Q_C_unique_purity,0.09356208534192152,25,25,1.0
17,7.0,cell,U4_Q_C_unique_capture,0.12474944712256202,25,25,1.0
17,7.0,cell,U4_Q_C_unique_expected_random_purity,0.03,25,25,1.0
17,7.0,cell,U4_Q_C_unique_expected_random_capture,0.04,25,25,1.0
17,7.0,cell,U4_Q_C_unique_excess_purity,0.0635620853419215,25,25,1.0
17,7.0,cell,U4_Q_C_unique_excess_capture,0.08474944712256201,25,25,1.0
17,7.0,cell,U4_Q_C_unique_largest_canonical_correlation,0.5552236895591762,25,25,1.0
17,7.0,cell,U4_Q_C_unique_smallest_principal_angle,0.9796502883105117,25,25,1.0
17,7.0,cell,UMP_Q_C_full_dim_U,2.2,25,25,1.0
17,7.0,cell,UMP_Q_C_full_dim_Q,4.0,25,25,1.0
17,7.0,cell,UMP_Q_C_full_shared_energy,0.27048164414513143,25,25,1.0
17,7.0,cell,UMP_Q_C_full_purity,0.12413016491646477,25,25,1.0
17,7.0,cell,UMP_Q_C_full_capture,0.0676204110362828,25,25,1.0
17,7.0,cell,UMP_Q_C_full_expected_random_purity,0.04,25,25,1.0
17,7.0,cell,UMP_Q_C_full_expected_random_capture,0.022000000000000002,25,25,1.0
17,7.0,cell,UMP_Q_C_full_excess_purity,0.08413016491646476,25,25,1.0
17,7.0,cell,UMP_Q_C_full_excess_capture,0.0456204110362828,25,25,1.0
17,7.0,cell,UMP_Q_C_full_largest_canonical_correlation,0.49276017806741845,25,25,1.0
17,7.0,cell,UMP_Q_C_full_smallest_principal_angle,1.052336712036422,25,25,1.0
17,7.0,cell,U4_Q_C_full_dim_U,4.0,25,25,1.0
17,7.0,cell,U4_Q_C_full_dim_Q,4.0,25,25,1.0
17,7.0,cell,U4_Q_C_full_shared_energy,0.4039892553535882,25,25,1.0
17,7.0,cell,U4_Q_C_full_purity,0.10099731383839704,25,25,1.0
17,7.0,cell,U4_Q_C_full_capture,0.10099731383839704,25,25,1.0
17,7.0,cell,U4_Q_C_full_expected_random_purity,0.04,25,25,1.0
17,7.0,cell,U4_Q_C_full_expected_random_capture,0.04,25,25,1.0
17,7.0,cell,U4_Q_C_full_excess_purity,0.060997313838397016,25,25,1.0
17,7.0,cell,U4_Q_C_full_excess_capture,0.060997313838397016,25,25,1.0
17,7.0,cell,U4_Q_C_full_largest_canonical_correlation,0.5498428728731707,25,25,1.0
17,7.0,cell,U4_Q_C_full_smallest_principal_angle,0.9863916707918032,25,25,1.0
17,7.0,cell,UMP_Q_P4_dim_U,2.2,25,25,1.0
17,7.0,cell,UMP_Q_P4_dim_Q,4.0,25,25,1.0
17,7.0,cell,UMP_Q_P4_shared_energy,0.2573510186651768,25,25,1.0
17,7.0,cell,UMP_Q_P4_purity,0.11726407873548146,25,25,1.0
17,7.0,cell,UMP_Q_P4_capture,0.06433775466629417,25,25,1.0
17,7.0,cell,UMP_Q_P4_expected_random_purity,0.04,25,25,1.0
17,7.0,cell,UMP_Q_P4_expected_random_capture,0.022000000000000002,25,25,1.0
17,7.0,cell,UMP_Q_P4_excess_purity,0.07726407873548147,25,25,1.0
17,7.0,cell,UMP_Q_P4_excess_capture,0.042337754666294164,25,25,1.0
17,7.0,cell,UMP_Q_P4_largest_canonical_correlation,0.4783401738193881,25,25,1.0
17,7.0,cell,UMP_Q_P4_smallest_principal_angle,1.0685884957683909,25,25,1.0
17,7.0,cell,U4_Q_P4_dim_U,4.0,25,25,1.0
17,7.0,cell,U4_Q_P4_dim_Q,4.0,25,25,1.0
17,7.0,cell,U4_Q_P4_shared_energy,0.381409136981106,25,25,1.0
17,7.0,cell,U4_Q_P4_purity,0.09535228424527648,25,25,1.0
17,7.0,cell,U4_Q_P4_capture,0.09535228424527648,25,25,1.0
17,7.0,cell,U4_Q_P4_expected_random_purity,0.04,25,25,1.0
17,7.0,cell,U4_Q_P4_expected_random_capture,0.04,25,25,1.0
17,7.0,cell,U4_Q_P4_excess_purity,0.05535228424527647,25,25,1.0
17,7.0,cell,U4_Q_P4_excess_capture,0.05535228424527647,25,25,1.0
17,7.0,cell,U4_Q_P4_largest_canonical_correlation,0.5356147232970778,25,25,1.0
17,7.0,cell,U4_Q_P4_smallest_principal_angle,1.0032264269434292,25,25,1.0
17,7.0,cell,QR_Q_F_dim_U,7.0,25,25,1.0
17,7.0,cell,QR_Q_F_dim_Q,5.0,25,25,1.0
17,7.0,cell,QR_Q_F_shared_energy,4.986492891279706,25,25,1.0
17,7.0,cell,QR_Q_F_purity,0.7123561273256722,25,25,1.0
17,7.0,cell,QR_Q_F_capture,0.9972985782559413,25,25,1.0
17,7.0,cell,QR_Q_F_expected_random_purity,0.05000000000000001,25,25,1.0
17,7.0,cell,QR_Q_F_expected_random_capture,0.07,25,25,1.0
17,7.0,cell,QR_Q_F_excess_purity,0.6623561273256723,25,25,1.0
17,7.0,cell,QR_Q_F_excess_capture,0.9272985782559412,25,25,1.0
17,7.0,cell,QR_Q_F_largest_canonical_correlation,0.999460431642586,25,25,1.0
17,7.0,cell,QR_Q_F_smallest_principal_angle,0.03277440733974838,25,25,1.0
17,7.0,cell,QR_Q_C_dim_U,7.0,25,25,1.0
17,7.0,cell,QR_Q_C_dim_Q,3.0,25,25,1.0
17,7.0,cell,QR_Q_C_shared_energy,1.4695911803510435,25,25,1.0
17,7.0,cell,QR_Q_C_purity,0.20994159719300615,25,25,1.0
17,7.0,cell,QR_Q_C_capture,0.4898637267836811,25,25,1.0
17,7.0,cell,QR_Q_C_expected_random_purity,0.03,25,25,1.0
17,7.0,cell,QR_Q_C_expected_random_capture,0.07,25,25,1.0
17,7.0,cell,QR_Q_C_excess_purity,0.17994159719300623,25,25,1.0
17,7.0,cell,QR_Q_C_excess_capture,0.4198637267836811,25,25,1.0
17,7.0,cell,QR_Q_C_largest_canonical_correlation,0.9848140943704865,25,25,1.0
17,7.0,cell,QR_Q_C_smallest_principal_angle,0.17435106328517608,25,25,1.0
17,7.0,cell,QR_Q_C_unique_dim_U,7.0,25,25,1.0
17,7.0,cell,QR_Q_C_unique_dim_Q,3.0,25,25,1.0
17,7.0,cell,QR_Q_C_unique_shared_energy,1.4217010630635016,25,25,1.0
17,7.0,cell,QR_Q_C_unique_purity,0.20310015186621444,25,25,1.0
17,7.0,cell,QR_Q_C_unique_capture,0.47390035435450045,25,25,1.0
17,7.0,cell,QR_Q_C_unique_expected_random_purity,0.03,25,25,1.0
17,7.0,cell,QR_Q_C_unique_expected_random_capture,0.07,25,25,1.0
17,7.0,cell,QR_Q_C_unique_excess_purity,0.1731001518662145,25,25,1.0
17,7.0,cell,QR_Q_C_unique_excess_capture,0.4039003543545005,25,25,1.0
17,7.0,cell,QR_Q_C_unique_largest_canonical_correlation,0.9846823800953628,25,25,1.0
17,7.0,cell,QR_Q_C_unique_smallest_principal_angle,0.17511110586441375,25,25,1.0
17,7.0,cell,QR_Q_C_full_dim_U,7.0,25,25,1.0
17,7.0,cell,QR_Q_C_full_dim_Q,4.0,25,25,1.0
17,7.0,cell,QR_Q_C_full_shared_energy,2.041607187380603,25,25,1.0
17,7.0,cell,QR_Q_C_full_purity,0.29165816962580043,25,25,1.0
17,7.0,cell,QR_Q_C_full_capture,0.5104017968451507,25,25,1.0
17,7.0,cell,QR_Q_C_full_expected_random_purity,0.04,25,25,1.0
17,7.0,cell,QR_Q_C_full_expected_random_capture,0.07,25,25,1.0
17,7.0,cell,QR_Q_C_full_excess_purity,0.25165816962580045,25,25,1.0
17,7.0,cell,QR_Q_C_full_excess_capture,0.44040179684515074,25,25,1.0
17,7.0,cell,QR_Q_C_full_largest_canonical_correlation,0.9862794130754602,25,25,1.0
17,7.0,cell,QR_Q_C_full_smallest_principal_angle,0.1656164950762723,25,25,1.0
17,7.0,cell,QR_Q_P4_dim_U,7.0,25,25,1.0
17,7.0,cell,QR_Q_P4_dim_Q,4.0,25,25,1.0
17,7.0,cell,QR_Q_P4_shared_energy,2.0898647057575146,25,25,1.0
17,7.0,cell,QR_Q_P4_purity,0.2985521008225021,25,25,1.0
17,7.0,cell,QR_Q_P4_capture,0.5224661764393786,25,25,1.0
17,7.0,cell,QR_Q_P4_expected_random_purity,0.04,25,25,1.0
17,7.0,cell,QR_Q_P4_expected_random_capture,0.07,25,25,1.0
17,7.0,cell,QR_Q_P4_excess_purity,0.25855210082250213,25,25,1.0
17,7.0,cell,QR_Q_P4_excess_capture,0.4524661764393787,25,25,1.0
17,7.0,cell,QR_Q_P4_largest_canonical_correlation,0.9923896462457598,25,25,1.0
17,7.0,cell,QR_Q_P4_smallest_principal_angle,0.12328188193296123,25,25,1.0
18,3.0,cell,UMP_Q_F_dim_U,4.0,25,25,1.0
18,3.0,cell,UMP_Q_F_dim_Q,5.0,25,25,1.0
18,3.0,cell,UMP_Q_F_shared_energy,1.9678734466543923,25,25,1.0
18,3.0,cell,UMP_Q_F_purity,0.49196836166359803,25,25,1.0
18,3.0,cell,UMP_Q_F_capture,0.39357468933087847,25,25,1.0
18,3.0,cell,UMP_Q_F_expected_random_purity,0.05000000000000001,25,25,1.0
18,3.0,cell,UMP_Q_F_expected_random_capture,0.04,25,25,1.0
18,3.0,cell,UMP_Q_F_excess_purity,0.4419683616635981,25,25,1.0
18,3.0,cell,UMP_Q_F_excess_capture,0.35357468933087843,25,25,1.0
18,3.0,cell,UMP_Q_F_largest_canonical_correlation,0.9943100280326688,25,25,1.0
18,3.0,cell,UMP_Q_F_smallest_principal_angle,0.10363393815458961,25,25,1.0
18,3.0,cell,U4_Q_F_dim_U,4.0,25,25,1.0
18,3.0,cell,U4_Q_F_dim_Q,5.0,25,25,1.0
18,3.0,cell,U4_Q_F_shared_energy,1.9678734466543923,25,25,1.0
18,3.0,cell,U4_Q_F_purity,0.49196836166359803,25,25,1.0
18,3.0,cell,U4_Q_F_capture,0.39357468933087847,25,25,1.0
18,3.0,cell,U4_Q_F_expected_random_purity,0.05000000000000001,25,25,1.0
18,3.0,cell,U4_Q_F_expected_random_capture,0.04,25,25,1.0
18,3.0,cell,U4_Q_F_excess_purity,0.4419683616635981,25,25,1.0
18,3.0,cell,U4_Q_F_excess_capture,0.35357468933087843,25,25,1.0
18,3.0,cell,U4_Q_F_largest_canonical_correlation,0.9943100280326688,25,25,1.0
18,3.0,cell,U4_Q_F_smallest_principal_angle,0.10363393815458961,25,25,1.0
18,3.0,cell,UMP_Q_F_unique_dim_U,4.0,25,25,1.0
18,3.0,cell,UMP_Q_F_unique_dim_Q,5.0,25,25,1.0
18,3.0,cell,UMP_Q_F_unique_shared_energy,2.0144017383983988,25,25,1.0
18,3.0,cell,UMP_Q_F_unique_purity,0.5036004345995996,25,25,1.0
18,3.0,cell,UMP_Q_F_unique_capture,0.40288034767967973,25,25,1.0
18,3.0,cell,UMP_Q_F_unique_expected_random_purity,0.05000000000000001,25,25,1.0
18,3.0,cell,UMP_Q_F_unique_expected_random_capture,0.04,25,25,1.0
18,3.0,cell,UMP_Q_F_unique_excess_purity,0.4536004345995997,25,25,1.0
18,3.0,cell,UMP_Q_F_unique_excess_capture,0.36288034767967964,25,25,1.0
18,3.0,cell,UMP_Q_F_unique_largest_canonical_correlation,0.9887456736726772,25,25,1.0
18,3.0,cell,UMP_Q_F_unique_smallest_principal_angle,0.14607963399261759,25,25,1.0
18,3.0,cell,U4_Q_F_unique_dim_U,4.0,25,25,1.0
18,3.0,cell,U4_Q_F_unique_dim_Q,5.0,25,25,1.0
18,3.0,cell,U4_Q_F_unique_shared_energy,2.0144017383983988,25,25,1.0
18,3.0,cell,U4_Q_F_unique_purity,0.5036004345995996,25,25,1.0
18,3.0,cell,U4_Q_F_unique_capture,0.40288034767967973,25,25,1.0
18,3.0,cell,U4_Q_F_unique_expected_random_purity,0.05000000000000001,25,25,1.0
18,3.0,cell,U4_Q_F_unique_expected_random_capture,0.04,25,25,1.0
18,3.0,cell,U4_Q_F_unique_excess_purity,0.4536004345995997,25,25,1.0
18,3.0,cell,U4_Q_F_unique_excess_capture,0.36288034767967964,25,25,1.0
18,3.0,cell,U4_Q_F_unique_largest_canonical_correlation,0.9887456736726772,25,25,1.0
18,3.0,cell,U4_Q_F_unique_smallest_principal_angle,0.14607963399261759,25,25,1.0
18,3.0,cell,UMP_Q_C_dim_U,4.0,25,25,1.0
18,3.0,cell,UMP_Q_C_dim_Q,3.0,25,25,1.0
18,3.0,cell,UMP_Q_C_shared_energy,1.2694933349642425,25,25,1.0
18,3.0,cell,UMP_Q_C_purity,0.31737333374106064,25,25,1.0
18,3.0,cell,UMP_Q_C_capture,0.42316444498808087,25,25,1.0
18,3.0,cell,UMP_Q_C_expected_random_purity,0.03,25,25,1.0
18,3.0,cell,UMP_Q_C_expected_random_capture,0.04,25,25,1.0
18,3.0,cell,UMP_Q_C_excess_purity,0.2873733337410606,25,25,1.0
18,3.0,cell,UMP_Q_C_excess_capture,0.3831644449880809,25,25,1.0
18,3.0,cell,UMP_Q_C_largest_canonical_correlation,0.9500993257462486,25,25,1.0
18,3.0,cell,UMP_Q_C_smallest_principal_angle,0.31693489724859086,25,25,1.0
18,3.0,cell,U4_Q_C_dim_U,4.0,25,25,1.0
18,3.0,cell,U4_Q_C_dim_Q,3.0,25,25,1.0
18,3.0,cell,U4_Q_C_shared_energy,1.2694933349642425,25,25,1.0
18,3.0,cell,U4_Q_C_purity,0.31737333374106064,25,25,1.0
18,3.0,cell,U4_Q_C_capture,0.42316444498808087,25,25,1.0
18,3.0,cell,U4_Q_C_expected_random_purity,0.03,25,25,1.0
18,3.0,cell,U4_Q_C_expected_random_capture,0.04,25,25,1.0
18,3.0,cell,U4_Q_C_excess_purity,0.2873733337410606,25,25,1.0
18,3.0,cell,U4_Q_C_excess_capture,0.3831644449880809,25,25,1.0
18,3.0,cell,U4_Q_C_largest_canonical_correlation,0.9500993257462486,25,25,1.0
18,3.0,cell,U4_Q_C_smallest_principal_angle,0.31693489724859086,25,25,1.0
18,3.0,cell,UMP_Q_C_unique_dim_U,4.0,25,25,1.0
18,3.0,cell,UMP_Q_C_unique_dim_Q,3.0,25,25,1.0
18,3.0,cell,UMP_Q_C_unique_shared_energy,1.316021626708248,25,25,1.0
18,3.0,cell,UMP_Q_C_unique_purity,0.329005406677062,25,25,1.0
18,3.0,cell,UMP_Q_C_unique_capture,0.43867387556941606,25,25,1.0
18,3.0,cell,UMP_Q_C_unique_expected_random_purity,0.03,25,25,1.0
18,3.0,cell,UMP_Q_C_unique_expected_random_capture,0.04,25,25,1.0
18,3.0,cell,UMP_Q_C_unique_excess_purity,0.29900540667706205,25,25,1.0
18,3.0,cell,UMP_Q_C_unique_excess_capture,0.3986738755694161,25,25,1.0
18,3.0,cell,UMP_Q_C_unique_largest_canonical_correlation,0.9719095808183876,25,25,1.0
18,3.0,cell,UMP_Q_C_unique_smallest_principal_angle,0.23707912094018385,25,25,1.0
18,3.0,cell,U4_Q_C_unique_dim_U,4.0,25,25,1.0
18,3.0,cell,U4_Q_C_unique_dim_Q,3.0,25,25,1.0
18,3.0,cell,U4_Q_C_unique_shared_energy,1.316021626708248,25,25,1.0
18,3.0,cell,U4_Q_C_unique_purity,0.329005406677062,25,25,1.0
18,3.0,cell,U4_Q_C_unique_capture,0.43867387556941606,25,25,1.0
18,3.0,cell,U4_Q_C_unique_expected_random_purity,0.03,25,25,1.0
18,3.0,cell,U4_Q_C_unique_expected_random_capture,0.04,25,25,1.0
18,3.0,cell,U4_Q_C_unique_excess_purity,0.29900540667706205,25,25,1.0
18,3.0,cell,U4_Q_C_unique_excess_capture,0.3986738755694161,25,25,1.0
18,3.0,cell,U4_Q_C_unique_largest_canonical_correlation,0.9719095808183876,25,25,1.0
18,3.0,cell,U4_Q_C_unique_smallest_principal_angle,0.23707912094018385,25,25,1.0
18,3.0,cell,UMP_Q_C_full_dim_U,4.0,25,25,1.0
18,3.0,cell,UMP_Q_C_full_dim_Q,4.0,25,25,1.0
18,3.0,cell,UMP_Q_C_full_shared_energy,1.793775862095218,25,25,1.0
18,3.0,cell,UMP_Q_C_full_purity,0.4484439655238045,25,25,1.0
18,3.0,cell,UMP_Q_C_full_capture,0.4484439655238045,25,25,1.0
18,3.0,cell,UMP_Q_C_full_expected_random_purity,0.04,25,25,1.0
18,3.0,cell,UMP_Q_C_full_expected_random_capture,0.04,25,25,1.0
18,3.0,cell,UMP_Q_C_full_excess_purity,0.4084439655238045,25,25,1.0
18,3.0,cell,UMP_Q_C_full_excess_capture,0.4084439655238045,25,25,1.0
18,3.0,cell,UMP_Q_C_full_largest_canonical_correlation,0.9535901955623558,25,25,1.0
18,3.0,cell,UMP_Q_C_full_smallest_principal_angle,0.3057476536664602,25,25,1.0
18,3.0,cell,U4_Q_C_full_dim_U,4.0,25,25,1.0
18,3.0,cell,U4_Q_C_full_dim_Q,4.0,25,25,1.0
18,3.0,cell,U4_Q_C_full_shared_energy,1.793775862095218,25,25,1.0
18,3.0,cell,U4_Q_C_full_purity,0.4484439655238045,25,25,1.0
18,3.0,cell,U4_Q_C_full_capture,0.4484439655238045,25,25,1.0
18,3.0,cell,U4_Q_C_full_expected_random_purity,0.04,25,25,1.0
18,3.0,cell,U4_Q_C_full_expected_random_capture,0.04,25,25,1.0
18,3.0,cell,U4_Q_C_full_excess_purity,0.4084439655238045,25,25,1.0
18,3.0,cell,U4_Q_C_full_excess_capture,0.4084439655238045,25,25,1.0
18,3.0,cell,U4_Q_C_full_largest_canonical_correlation,0.9535901955623558,25,25,1.0
18,3.0,cell,U4_Q_C_full_smallest_principal_angle,0.3057476536664602,25,25,1.0
18,3.0,cell,UMP_Q_P4_dim_U,4.0,25,25,1.0
18,3.0,cell,UMP_Q_P4_dim_Q,4.0,25,25,1.0
18,3.0,cell,UMP_Q_P4_shared_energy,1.8257494407057888,25,25,1.0
18,3.0,cell,UMP_Q_P4_purity,0.45643736017644715,25,25,1.0
18,3.0,cell,UMP_Q_P4_capture,0.45643736017644715,25,25,1.0
18,3.0,cell,UMP_Q_P4_expected_random_purity,0.04,25,25,1.0
18,3.0,cell,UMP_Q_P4_expected_random_capture,0.04,25,25,1.0
18,3.0,cell,UMP_Q_P4_excess_purity,0.4164373601764471,25,25,1.0
18,3.0,cell,UMP_Q_P4_excess_capture,0.4164373601764471,25,25,1.0
18,3.0,cell,UMP_Q_P4_largest_canonical_correlation,0.9618071054452244,25,25,1.0
18,3.0,cell,UMP_Q_P4_smallest_principal_angle,0.27714022376869174,25,25,1.0
18,3.0,cell,U4_Q_P4_dim_U,4.0,25,25,1.0
18,3.0,cell,U4_Q_P4_dim_Q,4.0,25,25,1.0
18,3.0,cell,U4_Q_P4_shared_energy,1.8257494407057888,25,25,1.0
18,3.0,cell,U4_Q_P4_purity,0.45643736017644715,25,25,1.0
18,3.0,cell,U4_Q_P4_capture,0.45643736017644715,25,25,1.0
18,3.0,cell,U4_Q_P4_expected_random_purity,0.04,25,25,1.0
18,3.0,cell,U4_Q_P4_expected_random_capture,0.04,25,25,1.0
18,3.0,cell,U4_Q_P4_excess_purity,0.4164373601764471,25,25,1.0
18,3.0,cell,U4_Q_P4_excess_capture,0.4164373601764471,25,25,1.0
18,3.0,cell,U4_Q_P4_largest_canonical_correlation,0.9618071054452244,25,25,1.0
18,3.0,cell,U4_Q_P4_smallest_principal_angle,0.27714022376869174,25,25,1.0
18,3.0,cell,QR_Q_F_dim_U,3.0,25,25,1.0
18,3.0,cell,QR_Q_F_dim_Q,5.0,25,25,1.0
18,3.0,cell,QR_Q_F_shared_energy,2.9929858795205866,25,25,1.0
18,3.0,cell,QR_Q_F_purity,0.9976619598401959,25,25,1.0
18,3.0,cell,QR_Q_F_capture,0.5985971759041174,25,25,1.0
18,3.0,cell,QR_Q_F_expected_random_purity,0.05000000000000001,25,25,1.0
18,3.0,cell,QR_Q_F_expected_random_capture,0.03,25,25,1.0
18,3.0,cell,QR_Q_F_excess_purity,0.9476619598401957,25,25,1.0
18,3.0,cell,QR_Q_F_excess_capture,0.5685971759041174,25,25,1.0
18,3.0,cell,QR_Q_F_largest_canonical_correlation,0.9994236527960969,25,25,1.0
18,3.0,cell,QR_Q_F_smallest_principal_angle,0.03392808136347748,25,25,1.0
18,3.0,cell,QR_Q_C_dim_U,3.0,25,25,1.0
18,3.0,cell,QR_Q_C_dim_Q,3.0,25,25,1.0
18,3.0,cell,QR_Q_C_shared_energy,0.20504000783708626,25,25,1.0
18,3.0,cell,QR_Q_C_purity,0.06834666927902872,25,25,1.0
18,3.0,cell,QR_Q_C_capture,0.06834666927902872,25,25,1.0
18,3.0,cell,QR_Q_C_expected_random_purity,0.03,25,25,1.0
18,3.0,cell,QR_Q_C_expected_random_capture,0.03,25,25,1.0
18,3.0,cell,QR_Q_C_excess_purity,0.03834666927902872,25,25,1.0
18,3.0,cell,QR_Q_C_excess_capture,0.03834666927902872,25,25,1.0
18,3.0,cell,QR_Q_C_largest_canonical_correlation,0.3928290956896736,25,25,1.0
18,3.0,cell,QR_Q_C_smallest_principal_angle,1.166861936542383,25,25,1.0
18,3.0,cell,QR_Q_C_unique_dim_U,3.0,25,25,1.0
18,3.0,cell,QR_Q_C_unique_dim_Q,3.0,25,25,1.0
18,3.0,cell,QR_Q_C_unique_shared_energy,0.0018235730086825564,25,25,1.0
18,3.0,cell,QR_Q_C_unique_purity,0.0006078576695608159,25,25,1.0
18,3.0,cell,QR_Q_C_unique_capture,0.0006078576695608159,25,25,1.0
18,3.0,cell,QR_Q_C_unique_expected_random_purity,0.03,25,25,1.0
18,3.0,cell,QR_Q_C_unique_expected_random_capture,0.03,25,25,1.0
18,3.0,cell,QR_Q_C_unique_excess_purity,-0.029392142330439085,25,25,1.0
18,3.0,cell,QR_Q_C_unique_excess_capture,-0.029392142330439085,25,25,1.0
18,3.0,cell,QR_Q_C_unique_largest_canonical_correlation,0.037826990388729054,25,25,1.0
18,3.0,cell,QR_Q_C_unique_smallest_principal_angle,1.5329576372578624,25,25,1.0
18,3.0,cell,QR_Q_C_full_dim_U,3.0,25,25,1.0
18,3.0,cell,QR_Q_C_full_dim_Q,4.0,25,25,1.0
18,3.0,cell,QR_Q_C_full_shared_energy,0.24208617999166637,25,25,1.0
18,3.0,cell,QR_Q_C_full_purity,0.08069539333055543,25,25,1.0
18,3.0,cell,QR_Q_C_full_capture,0.060521544997916565,25,25,1.0
18,3.0,cell,QR_Q_C_full_expected_random_purity,0.04,25,25,1.0
18,3.0,cell,QR_Q_C_full_expected_random_capture,0.03,25,25,1.0
18,3.0,cell,QR_Q_C_full_excess_purity,0.04069539333055543,25,25,1.0
18,3.0,cell,QR_Q_C_full_excess_capture,0.030521544997916566,25,25,1.0
18,3.0,cell,QR_Q_C_full_largest_canonical_correlation,0.3937455045117768,25,25,1.0
18,3.0,cell,QR_Q_C_full_smallest_principal_angle,1.16586784180581,25,25,1.0
18,3.0,cell,QR_Q_P4_dim_U,3.0,25,25,1.0
18,3.0,cell,QR_Q_P4_dim_Q,4.0,25,25,1.0
18,3.0,cell,QR_Q_P4_shared_energy,0.2327652161236577,25,25,1.0
18,3.0,cell,QR_Q_P4_purity,0.07758840537455254,25,25,1.0
18,3.0,cell,QR_Q_P4_capture,0.058191304030914395,25,25,1.0
18,3.0,cell,QR_Q_P4_expected_random_purity,0.04,25,25,1.0
18,3.0,cell,QR_Q_P4_expected_random_capture,0.03,25,25,1.0
18,3.0,cell,QR_Q_P4_excess_purity,0.037588405374552526,25,25,1.0
18,3.0,cell,QR_Q_P4_excess_capture,0.028191304030914396,25,25,1.0
18,3.0,cell,QR_Q_P4_largest_canonical_correlation,0.37091836045530974,25,25,1.0
18,3.0,cell,QR_Q_P4_smallest_principal_angle,1.1906817334231838,25,25,1.0
18,5.0,cell,UMP_Q_F_dim_U,2.08,25,25,1.0
18,5.0,cell,UMP_Q_F_dim_Q,5.0,25,25,1.0
18,5.0,cell,UMP_Q_F_shared_energy,0.006449580817314555,25,25,1.0
18,5.0,cell,UMP_Q_F_purity,0.00305968867424024,25,25,1.0
18,5.0,cell,UMP_Q_F_capture,0.001289916163462872,25,25,1.0
18,5.0,cell,UMP_Q_F_expected_random_purity,0.05000000000000001,25,25,1.0
18,5.0,cell,UMP_Q_F_expected_random_capture,0.0208,25,25,1.0
18,5.0,cell,UMP_Q_F_excess_purity,-0.04694031132575966,25,25,1.0
18,5.0,cell,UMP_Q_F_excess_capture,-0.019510083836537028,25,25,1.0
18,5.0,cell,UMP_Q_F_largest_canonical_correlation,0.06604339413390706,25,25,1.0
18,5.0,cell,UMP_Q_F_smallest_principal_angle,1.5046969252704094,25,25,1.0
18,5.0,cell,U4_Q_F_dim_U,4.0,25,25,1.0
18,5.0,cell,U4_Q_F_dim_Q,5.0,25,25,1.0
18,5.0,cell,U4_Q_F_shared_energy,0.006903889636266093,25,25,1.0
18,5.0,cell,U4_Q_F_purity,0.001725972409066488,25,25,1.0
18,5.0,cell,U4_Q_F_capture,0.0013807779272531798,25,25,1.0
18,5.0,cell,U4_Q_F_expected_random_purity,0.05000000000000001,25,25,1.0
18,5.0,cell,U4_Q_F_expected_random_capture,0.04,25,25,1.0
18,5.0,cell,U4_Q_F_excess_purity,-0.04827402759093343,25,25,1.0
18,5.0,cell,U4_Q_F_excess_capture,-0.03861922207274673,25,25,1.0
18,5.0,cell,U4_Q_F_largest_canonical_correlation,0.06674202419614224,25,25,1.0
18,5.0,cell,U4_Q_F_smallest_principal_angle,1.5039971578190352,25,25,1.0
18,5.0,cell,UMP_Q_F_unique_dim_U,2.08,25,25,1.0
18,5.0,cell,UMP_Q_F_unique_dim_Q,5.0,25,25,1.0
18,5.0,cell,UMP_Q_F_unique_shared_energy,0.10046448583527295,25,25,1.0
18,5.0,cell,UMP_Q_F_unique_purity,0.04843569530613042,25,25,1.0
18,5.0,cell,UMP_Q_F_unique_capture,0.020092897167054546,25,25,1.0
18,5.0,cell,UMP_Q_F_unique_expected_random_purity,0.05000000000000001,25,25,1.0
18,5.0,cell,UMP_Q_F_unique_expected_random_capture,0.0208,25,25,1.0
18,5.0,cell,UMP_Q_F_unique_excess_purity,-0.001564304693869528,25,25,1.0
18,5.0,cell,UMP_Q_F_unique_excess_capture,-0.000707102832945392,25,25,1.0
18,5.0,cell,UMP_Q_F_unique_largest_canonical_correlation,0.2690848289538634,25,25,1.0
18,5.0,cell,UMP_Q_F_unique_smallest_principal_angle,1.298285856809005,25,25,1.0
18,5.0,cell,U4_Q_F_unique_dim_U,4.0,25,25,1.0
18,5.0,cell,U4_Q_F_unique_dim_Q,5.0,25,25,1.0
18,5.0,cell,U4_Q_F_unique_shared_energy,0.11806775636584244,25,25,1.0
18,5.0,cell,U4_Q_F_unique_purity,0.02951693909146058,25,25,1.0
18,5.0,cell,U4_Q_F_unique_capture,0.023613551273168432,25,25,1.0
18,5.0,cell,U4_Q_F_unique_expected_random_purity,0.05000000000000001,25,25,1.0
18,5.0,cell,U4_Q_F_unique_expected_random_capture,0.04,25,25,1.0
18,5.0,cell,U4_Q_F_unique_excess_purity,-0.02048306090853932,25,25,1.0
18,5.0,cell,U4_Q_F_unique_excess_capture,-0.016386448726831468,25,25,1.0
18,5.0,cell,U4_Q_F_unique_largest_canonical_correlation,0.28043228435256556,25,25,1.0
18,5.0,cell,U4_Q_F_unique_smallest_principal_angle,1.2864419611052673,25,25,1.0
18,5.0,cell,UMP_Q_C_dim_U,2.08,25,25,1.0
18,5.0,cell,UMP_Q_C_dim_Q,3.0,25,25,1.0
18,5.0,cell,UMP_Q_C_shared_energy,1.276095944877598,25,25,1.0
18,5.0,cell,UMP_Q_C_purity,0.6197901025200347,25,25,1.0
18,5.0,cell,UMP_Q_C_capture,0.4253653149591992,25,25,1.0
18,5.0,cell,UMP_Q_C_expected_random_purity,0.03,25,25,1.0
18,5.0,cell,UMP_Q_C_expected_random_capture,0.0208,25,25,1.0
18,5.0,cell,UMP_Q_C_excess_purity,0.5897901025200347,25,25,1.0
18,5.0,cell,UMP_Q_C_excess_capture,0.40456531495919934,25,25,1.0
18,5.0,cell,UMP_Q_C_largest_canonical_correlation,0.9582474108251214,25,25,1.0
18,5.0,cell,UMP_Q_C_smallest_principal_angle,0.2899499614262224,25,25,1.0
18,5.0,cell,U4_Q_C_dim_U,4.0,25,25,1.0
18,5.0,cell,U4_Q_C_dim_Q,3.0,25,25,1.0
18,5.0,cell,U4_Q_C_shared_energy,1.4910291132489393,25,25,1.0
18,5.0,cell,U4_Q_C_purity,0.37275727831223476,25,25,1.0
18,5.0,cell,U4_Q_C_capture,0.49700970441631315,25,25,1.0
18,5.0,cell,U4_Q_C_expected_random_purity,0.03,25,25,1.0
18,5.0,cell,U4_Q_C_expected_random_capture,0.04,25,25,1.0
18,5.0,cell,U4_Q_C_excess_purity,0.34275727831223485,25,25,1.0
18,5.0,cell,U4_Q_C_excess_capture,0.4570097044163132,25,25,1.0
18,5.0,cell,U4_Q_C_largest_canonical_correlation,0.9591395156564851,25,25,1.0
18,5.0,cell,U4_Q_C_smallest_principal_angle,0.2868215463332846,25,25,1.0
18,5.0,cell,UMP_Q_C_unique_dim_U,2.08,25,25,1.0
18,5.0,cell,UMP_Q_C_unique_dim_Q,3.0,25,25,1.0
18,5.0,cell,UMP_Q_C_unique_shared_energy,1.3701108498955556,25,25,1.0
18,5.0,cell,UMP_Q_C_unique_purity,0.6651661091519245,25,25,1.0
18,5.0,cell,UMP_Q_C_unique_capture,0.45670361663185177,25,25,1.0
18,5.0,cell,UMP_Q_C_unique_expected_random_purity,0.03,25,25,1.0
18,5.0,cell,UMP_Q_C_unique_expected_random_capture,0.0208,25,25,1.0
18,5.0,cell,UMP_Q_C_unique_excess_purity,0.6351661091519246,25,25,1.0
18,5.0,cell,UMP_Q_C_unique_excess_capture,0.4359036166318518,25,25,1.0
18,5.0,cell,UMP_Q_C_unique_largest_canonical_correlation,0.9813024103310394,25,25,1.0
18,5.0,cell,UMP_Q_C_unique_smallest_principal_angle,0.19334832222177906,25,25,1.0
18,5.0,cell,U4_Q_C_unique_dim_U,4.0,25,25,1.0
18,5.0,cell,U4_Q_C_unique_dim_Q,3.0,25,25,1.0
18,5.0,cell,U4_Q_C_unique_shared_energy,1.6021929799785146,25,25,1.0
18,5.0,cell,U4_Q_C_unique_purity,0.40054824499462865,25,25,1.0
18,5.0,cell,U4_Q_C_unique_capture,0.5340643266595049,25,25,1.0
18,5.0,cell,U4_Q_C_unique_expected_random_purity,0.03,25,25,1.0
18,5.0,cell,U4_Q_C_unique_expected_random_capture,0.04,25,25,1.0
18,5.0,cell,U4_Q_C_unique_excess_purity,0.3705482449946287,25,25,1.0
18,5.0,cell,U4_Q_C_unique_excess_capture,0.49406432665950484,25,25,1.0
18,5.0,cell,U4_Q_C_unique_largest_canonical_correlation,0.9817422389293964,25,25,1.0
18,5.0,cell,U4_Q_C_unique_smallest_principal_angle,0.19109386905023307,25,25,1.0
18,5.0,cell,UMP_Q_C_full_dim_U,2.08,25,25,1.0
18,5.0,cell,UMP_Q_C_full_dim_Q,4.0,25,25,1.0
18,5.0,cell,UMP_Q_C_full_shared_energy,1.7779575421568958,25,25,1.0
18,5.0,cell,UMP_Q_C_full_purity,0.8636243022076012,25,25,1.0
18,5.0,cell,UMP_Q_C_full_capture,0.44448938553922396,25,25,1.0
18,5.0,cell,UMP_Q_C_full_expected_random_purity,0.04,25,25,1.0
18,5.0,cell,UMP_Q_C_full_expected_random_capture,0.0208,25,25,1.0
18,5.0,cell,UMP_Q_C_full_excess_purity,0.8236243022076012,25,25,1.0
18,5.0,cell,UMP_Q_C_full_excess_capture,0.42368938553922386,25,25,1.0
18,5.0,cell,UMP_Q_C_full_largest_canonical_correlation,0.9606739001685447,25,25,1.0
18,5.0,cell,UMP_Q_C_full_smallest_principal_angle,0.2813436957276225,25,25,1.0
18,5.0,cell,U4_Q_C_full_dim_U,4.0,25,25,1.0
18,5.0,cell,U4_Q_C_full_dim_Q,4.0,25,25,1.0
18,5.0,cell,U4_Q_C_full_shared_energy,2.0293352018811217,25,25,1.0
18,5.0,cell,U4_Q_C_full_purity,0.5073338004702804,25,25,1.0
18,5.0,cell,U4_Q_C_full_capture,0.5073338004702804,25,25,1.0
18,5.0,cell,U4_Q_C_full_expected_random_purity,0.04,25,25,1.0
18,5.0,cell,U4_Q_C_full_expected_random_capture,0.04,25,25,1.0
18,5.0,cell,U4_Q_C_full_excess_purity,0.46733380047028045,25,25,1.0
18,5.0,cell,U4_Q_C_full_excess_capture,0.46733380047028045,25,25,1.0
18,5.0,cell,U4_Q_C_full_largest_canonical_correlation,0.9613171399848361,25,25,1.0
18,5.0,cell,U4_Q_C_full_smallest_principal_angle,0.2790249811659395,25,25,1.0
18,5.0,cell,UMP_Q_P4_dim_U,2.08,25,25,1.0
18,5.0,cell,UMP_Q_P4_dim_Q,4.0,25,25,1.0
18,5.0,cell,UMP_Q_P4_shared_energy,1.8259643140355541,25,25,1.0
18,5.0,cell,UMP_Q_P4_purity,0.8868597645540188,25,25,1.0
18,5.0,cell,UMP_Q_P4_capture,0.45649107850888854,25,25,1.0
18,5.0,cell,UMP_Q_P4_expected_random_purity,0.04,25,25,1.0
18,5.0,cell,UMP_Q_P4_expected_random_capture,0.0208,25,25,1.0
18,5.0,cell,UMP_Q_P4_excess_purity,0.8468597645540187,25,25,1.0
18,5.0,cell,UMP_Q_P4_excess_capture,0.4356910785088885,25,25,1.0
18,5.0,cell,UMP_Q_P4_largest_canonical_correlation,0.9706184271073479,25,25,1.0
18,5.0,cell,UMP_Q_P4_smallest_principal_angle,0.2429555776490551,25,25,1.0
18,5.0,cell,U4_Q_P4_dim_U,4.0,25,25,1.0
18,5.0,cell,U4_Q_P4_dim_Q,4.0,25,25,1.0
18,5.0,cell,U4_Q_P4_shared_energy,2.063758293705714,25,25,1.0
18,5.0,cell,U4_Q_P4_purity,0.5159395734264285,25,25,1.0
18,5.0,cell,U4_Q_P4_capture,0.5159395734264285,25,25,1.0
18,5.0,cell,U4_Q_P4_expected_random_purity,0.04,25,25,1.0
18,5.0,cell,U4_Q_P4_expected_random_capture,0.04,25,25,1.0
18,5.0,cell,U4_Q_P4_excess_purity,0.47593957342642845,25,25,1.0
18,5.0,cell,U4_Q_P4_excess_capture,0.47593957342642845,25,25,1.0
18,5.0,cell,U4_Q_P4_largest_canonical_correlation,0.9708101700516311,25,25,1.0
18,5.0,cell,U4_Q_P4_smallest_principal_angle,0.24215200187268923,25,25,1.0
18,5.0,cell,QR_Q_F_dim_U,5.0,25,25,1.0
18,5.0,cell,QR_Q_F_dim_Q,5.0,25,25,1.0
18,5.0,cell,QR_Q_F_shared_energy,4.981177098235508,25,25,1.0
18,5.0,cell,QR_Q_F_purity,0.9962354196471017,25,25,1.0
18,5.0,cell,QR_Q_F_capture,0.9962354196471017,25,25,1.0
18,5.0,cell,QR_Q_F_expected_random_purity,0.05000000000000001,25,25,1.0
18,5.0,cell,QR_Q_F_expected_random_capture,0.05000000000000001,25,25,1.0
18,5.0,cell,QR_Q_F_excess_purity,0.9462354196471017,25,25,1.0
18,5.0,cell,QR_Q_F_excess_capture,0.9462354196471017,25,25,1.0
18,5.0,cell,QR_Q_F_largest_canonical_correlation,0.9994620534966187,25,25,1.0
18,5.0,cell,QR_Q_F_smallest_principal_angle,0.03276442761997176,25,25,1.0
18,5.0,cell,QR_Q_C_dim_U,5.0,25,25,1.0
18,5.0,cell,QR_Q_C_dim_Q,3.0,25,25,1.0
18,5.0,cell,QR_Q_C_shared_energy,0.2501864773067457,25,25,1.0
18,5.0,cell,QR_Q_C_purity,0.05003729546134911,25,25,1.0
18,5.0,cell,QR_Q_C_capture,0.08339549243558186,25,25,1.0
18,5.0,cell,QR_Q_C_expected_random_purity,0.03,25,25,1.0
18,5.0,cell,QR_Q_C_expected_random_capture,0.05000000000000001,25,25,1.0
18,5.0,cell,QR_Q_C_excess_purity,0.0200372954613491,25,25,1.0
18,5.0,cell,QR_Q_C_excess_capture,0.033395492435581875,25,25,1.0
18,5.0,cell,QR_Q_C_largest_canonical_correlation,0.42347363994132103,25,25,1.0
18,5.0,cell,QR_Q_C_smallest_principal_angle,1.1334724697855592,25,25,1.0
18,5.0,cell,QR_Q_C_unique_dim_U,5.0,25,25,1.0
18,5.0,cell,QR_Q_C_unique_dim_Q,3.0,25,25,1.0
18,5.0,cell,QR_Q_C_unique_shared_energy,0.004041133305889508,25,25,1.0
18,5.0,cell,QR_Q_C_unique_purity,0.0008082266611778601,25,25,1.0
18,5.0,cell,QR_Q_C_unique_capture,0.001347044435296472,25,25,1.0
18,5.0,cell,QR_Q_C_unique_expected_random_purity,0.03,25,25,1.0
18,5.0,cell,QR_Q_C_unique_expected_random_capture,0.05000000000000001,25,25,1.0
18,5.0,cell,QR_Q_C_unique_excess_purity,-0.029191773338822044,25,25,1.0
18,5.0,cell,QR_Q_C_unique_excess_capture,-0.04865295556470344,25,25,1.0
18,5.0,cell,QR_Q_C_unique_largest_canonical_correlation,0.054950692077557185,25,25,1.0
18,5.0,cell,QR_Q_C_unique_smallest_principal_angle,1.5158170434004474,25,25,1.0
18,5.0,cell,QR_Q_C_full_dim_U,5.0,25,25,1.0
18,5.0,cell,QR_Q_C_full_dim_Q,4.0,25,25,1.0
18,5.0,cell,QR_Q_C_full_shared_energy,0.3120114374485551,25,25,1.0
18,5.0,cell,QR_Q_C_full_purity,0.06240228748971099,25,25,1.0
18,5.0,cell,QR_Q_C_full_capture,0.07800285936213873,25,25,1.0
18,5.0,cell,QR_Q_C_full_expected_random_purity,0.04,25,25,1.0
18,5.0,cell,QR_Q_C_full_expected_random_capture,0.05000000000000001,25,25,1.0
18,5.0,cell,QR_Q_C_full_excess_purity,0.022402287489710973,25,25,1.0
18,5.0,cell,QR_Q_C_full_excess_capture,0.02800285936213872,25,25,1.0
18,5.0,cell,QR_Q_C_full_largest_canonical_correlation,0.42416175252935007,25,25,1.0
18,5.0,cell,QR_Q_C_full_smallest_principal_angle,1.1327127440278724,25,25,1.0
18,5.0,cell,QR_Q_P4_dim_U,5.0,25,25,1.0
18,5.0,cell,QR_Q_P4_dim_Q,4.0,25,25,1.0
18,5.0,cell,QR_Q_P4_shared_energy,0.28920643655904665,25,25,1.0
18,5.0,cell,QR_Q_P4_purity,0.057841287311809285,25,25,1.0
18,5.0,cell,QR_Q_P4_capture,0.07230160913976161,25,25,1.0
18,5.0,cell,QR_Q_P4_expected_random_purity,0.04,25,25,1.0
18,5.0,cell,QR_Q_P4_expected_random_capture,0.05000000000000001,25,25,1.0
18,5.0,cell,QR_Q_P4_excess_purity,0.017841287311809284,25,25,1.0
18,5.0,cell,QR_Q_P4_excess_capture,0.0223016091397616,25,25,1.0
18,5.0,cell,QR_Q_P4_largest_canonical_correlation,0.39511368151772586,25,25,1.0
18,5.0,cell,QR_Q_P4_smallest_principal_angle,1.1645546605244061,25,25,1.0
18,7.0,cell,UMP_Q_F_dim_U,2.2,25,25,1.0
18,7.0,cell,UMP_Q_F_dim_Q,5.0,25,25,1.0
18,7.0,cell,UMP_Q_F_shared_energy,0.0002665123861483435,25,25,1.0
18,7.0,cell,UMP_Q_F_purity,0.00011966588565098982,25,25,1.0
18,7.0,cell,UMP_Q_F_capture,5.330247722967179e-05,25,25,1.0
18,7.0,cell,UMP_Q_F_expected_random_purity,0.05000000000000001,25,25,1.0
18,7.0,cell,UMP_Q_F_expected_random_capture,0.022000000000000002,25,25,1.0
18,7.0,cell,UMP_Q_F_excess_purity,-0.049880334114348945,25,25,1.0
18,7.0,cell,UMP_Q_F_excess_capture,-0.02194669752277028,25,25,1.0
18,7.0,cell,UMP_Q_F_largest_canonical_correlation,0.013938926017581283,25,25,1.0
18,7.0,cell,UMP_Q_F_smallest_principal_angle,1.5568567643197497,25,25,1.0
18,7.0,cell,U4_Q_F_dim_U,4.0,25,25,1.0
18,7.0,cell,U4_Q_F_dim_Q,5.0,25,25,1.0
18,7.0,cell,U4_Q_F_shared_energy,0.0005058681953156321,25,25,1.0
18,7.0,cell,U4_Q_F_purity,0.00012646704882889054,25,25,1.0
18,7.0,cell,U4_Q_F_capture,0.00010117363906311542,25,25,1.0
18,7.0,cell,U4_Q_F_expected_random_purity,0.05000000000000001,25,25,1.0
18,7.0,cell,U4_Q_F_expected_random_capture,0.04,25,25,1.0
18,7.0,cell,U4_Q_F_excess_purity,-0.04987353295117102,25,25,1.0
18,7.0,cell,U4_Q_F_excess_capture,-0.03989882636093681,25,25,1.0
18,7.0,cell,U4_Q_F_largest_canonical_correlation,0.018817706985967173,25,25,1.0
18,7.0,cell,U4_Q_F_smallest_principal_angle,1.5519772818009971,25,25,1.0
18,7.0,cell,UMP_Q_F_unique_dim_U,2.2,25,25,1.0
18,7.0,cell,UMP_Q_F_unique_dim_Q,5.0,25,25,1.0
18,7.0,cell,UMP_Q_F_unique_shared_energy,0.013344047096030107,25,25,1.0
18,7.0,cell,UMP_Q_F_unique_purity,0.006064232872635989,25,25,1.0
18,7.0,cell,UMP_Q_F_unique_capture,0.002668809419205972,25,25,1.0
18,7.0,cell,UMP_Q_F_unique_expected_random_purity,0.05000000000000001,25,25,1.0
18,7.0,cell,UMP_Q_F_unique_expected_random_capture,0.022000000000000002,25,25,1.0
18,7.0,cell,UMP_Q_F_unique_excess_purity,-0.04393576712736391,25,25,1.0
18,7.0,cell,UMP_Q_F_unique_excess_capture,-0.01933119058079393,25,25,1.0
18,7.0,cell,UMP_Q_F_unique_largest_canonical_correlation,0.10986592200413814,25,25,1.0
18,7.0,cell,UMP_Q_F_unique_smallest_principal_angle,1.4606902738235186,25,25,1.0
18,7.0,cell,U4_Q_F_unique_dim_U,4.0,25,25,1.0
18,7.0,cell,U4_Q_F_unique_dim_Q,5.0,25,25,1.0
18,7.0,cell,U4_Q_F_unique_shared_energy,0.018419318277431415,25,25,1.0
18,7.0,cell,U4_Q_F_unique_purity,0.004604829569357812,25,25,1.0
18,7.0,cell,U4_Q_F_unique_capture,0.003683863655486244,25,25,1.0
18,7.0,cell,U4_Q_F_unique_expected_random_purity,0.05000000000000001,25,25,1.0
18,7.0,cell,U4_Q_F_unique_expected_random_capture,0.04,25,25,1.0
18,7.0,cell,U4_Q_F_unique_excess_purity,-0.0453951704306421,25,25,1.0
18,7.0,cell,U4_Q_F_unique_excess_capture,-0.03631613634451366,25,25,1.0
18,7.0,cell,U4_Q_F_unique_largest_canonical_correlation,0.12562311315905078,25,25,1.0
18,7.0,cell,U4_Q_F_unique_smallest_principal_angle,1.4448346471344506,25,25,1.0
18,7.0,cell,UMP_Q_C_dim_U,2.2,25,25,1.0
18,7.0,cell,UMP_Q_C_dim_Q,3.0,25,25,1.0
18,7.0,cell,UMP_Q_C_shared_energy,0.13131423035166973,25,25,1.0
18,7.0,cell,UMP_Q_C_purity,0.05797945887614118,25,25,1.0
18,7.0,cell,UMP_Q_C_capture,0.0437714101172232,25,25,1.0
18,7.0,cell,UMP_Q_C_expected_random_purity,0.03,25,25,1.0
18,7.0,cell,UMP_Q_C_expected_random_capture,0.022000000000000002,25,25,1.0
18,7.0,cell,UMP_Q_C_excess_purity,0.027979458876141186,25,25,1.0
18,7.0,cell,UMP_Q_C_excess_capture,0.021771410117223212,25,25,1.0
18,7.0,cell,UMP_Q_C_largest_canonical_correlation,0.330832026467429,25,25,1.0
18,7.0,cell,UMP_Q_C_smallest_principal_angle,1.231869738490497,25,25,1.0
18,7.0,cell,U4_Q_C_dim_U,4.0,25,25,1.0
18,7.0,cell,U4_Q_C_dim_Q,3.0,25,25,1.0
18,7.0,cell,U4_Q_C_shared_energy,0.18443871651042895,25,25,1.0
18,7.0,cell,U4_Q_C_purity,0.046109679127607196,25,25,1.0
18,7.0,cell,U4_Q_C_capture,0.061479572170142945,25,25,1.0
18,7.0,cell,U4_Q_C_expected_random_purity,0.03,25,25,1.0
18,7.0,cell,U4_Q_C_expected_random_capture,0.04,25,25,1.0
18,7.0,cell,U4_Q_C_excess_purity,0.01610967912760722,25,25,1.0
18,7.0,cell,U4_Q_C_excess_capture,0.02147957217014296,25,25,1.0
18,7.0,cell,U4_Q_C_largest_canonical_correlation,0.37956447959789097,25,25,1.0
18,7.0,cell,U4_Q_C_smallest_principal_angle,1.1802143311564621,25,25,1.0
18,7.0,cell,UMP_Q_C_unique_dim_U,2.2,25,25,1.0
18,7.0,cell,UMP_Q_C_unique_dim_Q,3.0,25,25,1.0
18,7.0,cell,UMP_Q_C_unique_shared_energy,0.14439176506155127,25,25,1.0
18,7.0,cell,UMP_Q_C_unique_purity,0.06392402586312612,25,25,1.0
18,7.0,cell,UMP_Q_C_unique_capture,0.04813058835385038,25,25,1.0
18,7.0,cell,UMP_Q_C_unique_expected_random_purity,0.03,25,25,1.0
18,7.0,cell,UMP_Q_C_unique_expected_random_capture,0.022000000000000002,25,25,1.0
18,7.0,cell,UMP_Q_C_unique_excess_purity,0.033924025863126116,25,25,1.0
18,7.0,cell,UMP_Q_C_unique_excess_capture,0.0261305883538504,25,25,1.0
18,7.0,cell,UMP_Q_C_unique_largest_canonical_correlation,0.3487502091539765,25,25,1.0
18,7.0,cell,UMP_Q_C_unique_smallest_principal_angle,1.2127483491585636,25,25,1.0
18,7.0,cell,U4_Q_C_unique_dim_U,4.0,25,25,1.0
18,7.0,cell,U4_Q_C_unique_dim_Q,3.0,25,25,1.0
18,7.0,cell,U4_Q_C_unique_shared_energy,0.20235216659254449,25,25,1.0
18,7.0,cell,U4_Q_C_unique_purity,0.05058804164813607,25,25,1.0
18,7.0,cell,U4_Q_C_unique_capture,0.06745072219751477,25,25,1.0
18,7.0,cell,U4_Q_C_unique_expected_random_purity,0.03,25,25,1.0
18,7.0,cell,U4_Q_C_unique_expected_random_capture,0.04,25,25,1.0
18,7.0,cell,U4_Q_C_unique_excess_purity,0.020588041648136084,25,25,1.0
18,7.0,cell,U4_Q_C_unique_excess_capture,0.027450722197514786,25,25,1.0
18,7.0,cell,U4_Q_C_unique_largest_canonical_correlation,0.3990477456338275,25,25,1.0
18,7.0,cell,U4_Q_C_unique_smallest_principal_angle,1.1590656070137484,25,25,1.0
18,7.0,cell,UMP_Q_C_full_dim_U,2.2,25,25,1.0
18,7.0,cell,UMP_Q_C_full_dim_Q,4.0,25,25,1.0
18,7.0,cell,UMP_Q_C_full_shared_energy,0.15830312286421255,25,25,1.0
18,7.0,cell,UMP_Q_C_full_purity,0.07032060767987365,25,25,1.0
18,7.0,cell,UMP_Q_C_full_capture,0.03957578071605311,25,25,1.0
18,7.0,cell,UMP_Q_C_full_expected_random_purity,0.04,25,25,1.0
18,7.0,cell,UMP_Q_C_full_expected_random_capture,0.022000000000000002,25,25,1.0
18,7.0,cell,UMP_Q_C_full_excess_purity,0.030320607679873653,25,25,1.0
18,7.0,cell,UMP_Q_C_full_excess_capture,0.017575780716053112,25,25,1.0
18,7.0,cell,UMP_Q_C_full_largest_canonical_correlation,0.3599593877643003,25,25,1.0
18,7.0,cell,UMP_Q_C_full_smallest_principal_angle,1.200989911371432,25,25,1.0
18,7.0,cell,U4_Q_C_full_dim_U,4.0,25,25,1.0
18,7.0,cell,U4_Q_C_full_dim_Q,4.0,25,25,1.0
18,7.0,cell,U4_Q_C_full_shared_energy,0.22403796620804195,25,25,1.0
18,7.0,cell,U4_Q_C_full_purity,0.05600949155201044,25,25,1.0
18,7.0,cell,U4_Q_C_full_capture,0.05600949155201044,25,25,1.0
18,7.0,cell,U4_Q_C_full_expected_random_purity,0.04,25,25,1.0
18,7.0,cell,U4_Q_C_full_expected_random_capture,0.04,25,25,1.0
18,7.0,cell,U4_Q_C_full_excess_purity,0.016009491552010455,25,25,1.0
18,7.0,cell,U4_Q_C_full_excess_capture,0.016009491552010455,25,25,1.0
18,7.0,cell,U4_Q_C_full_largest_canonical_correlation,0.4027954929482276,25,25,1.0
18,7.0,cell,U4_Q_C_full_smallest_principal_angle,1.1551155088151484,25,25,1.0
18,7.0,cell,UMP_Q_P4_dim_U,2.2,25,25,1.0
18,7.0,cell,UMP_Q_P4_dim_Q,4.0,25,25,1.0
18,7.0,cell,UMP_Q_P4_shared_energy,0.15091175123931436,25,25,1.0
18,7.0,cell,UMP_Q_P4_purity,0.06747764260943764,25,25,1.0
18,7.0,cell,UMP_Q_P4_capture,0.037727937809828554,25,25,1.0
18,7.0,cell,UMP_Q_P4_expected_random_purity,0.04,25,25,1.0
18,7.0,cell,UMP_Q_P4_expected_random_capture,0.022000000000000002,25,25,1.0
18,7.0,cell,UMP_Q_P4_excess_purity,0.027477642609437646,25,25,1.0
18,7.0,cell,UMP_Q_P4_excess_capture,0.01572793780982856,25,25,1.0
18,7.0,cell,UMP_Q_P4_largest_canonical_correlation,0.3552687322136884,25,25,1.0
18,7.0,cell,UMP_Q_P4_smallest_principal_angle,1.2061781503311222,25,25,1.0
18,7.0,cell,U4_Q_P4_dim_U,4.0,25,25,1.0
18,7.0,cell,U4_Q_P4_dim_Q,4.0,25,25,1.0
18,7.0,cell,U4_Q_P4_shared_energy,0.21768834404132742,25,25,1.0
18,7.0,cell,U4_Q_P4_purity,0.05442208601033181,25,25,1.0
18,7.0,cell,U4_Q_P4_capture,0.05442208601033181,25,25,1.0
18,7.0,cell,U4_Q_P4_expected_random_purity,0.04,25,25,1.0
18,7.0,cell,U4_Q_P4_expected_random_capture,0.04,25,25,1.0
18,7.0,cell,U4_Q_P4_excess_purity,0.014422086010331832,25,25,1.0
18,7.0,cell,U4_Q_P4_excess_capture,0.014422086010331832,25,25,1.0
18,7.0,cell,U4_Q_P4_largest_canonical_correlation,0.40434563419827063,25,25,1.0
18,7.0,cell,U4_Q_P4_smallest_principal_angle,1.1537662212564772,25,25,1.0
18,7.0,cell,QR_Q_F_dim_U,7.0,25,25,1.0
18,7.0,cell,QR_Q_F_dim_Q,5.0,25,25,1.0
18,7.0,cell,QR_Q_F_shared_energy,4.987240598018937,25,25,1.0
18,7.0,cell,QR_Q_F_purity,0.712462942574134,25,25,1.0
18,7.0,cell,QR_Q_F_capture,0.9974481196037875,25,25,1.0
18,7.0,cell,QR_Q_F_expected_random_purity,0.05000000000000001,25,25,1.0
18,7.0,cell,QR_Q_F_expected_random_capture,0.07,25,25,1.0
18,7.0,cell,QR_Q_F_excess_purity,0.6624629425741339,25,25,1.0
18,7.0,cell,QR_Q_F_excess_capture,0.9274481196037876,25,25,1.0
18,7.0,cell,QR_Q_F_largest_canonical_correlation,0.9995511279406754,25,25,1.0
18,7.0,cell,QR_Q_F_smallest_principal_angle,0.029948089313647182,25,25,1.0
18,7.0,cell,QR_Q_C_dim_U,7.0,25,25,1.0
18,7.0,cell,QR_Q_C_dim_Q,3.0,25,25,1.0
18,7.0,cell,QR_Q_C_shared_energy,1.5250703019762397,25,25,1.0
18,7.0,cell,QR_Q_C_purity,0.21786718599660557,25,25,1.0
18,7.0,cell,QR_Q_C_capture,0.5083567673254131,25,25,1.0
18,7.0,cell,QR_Q_C_expected_random_purity,0.03,25,25,1.0
18,7.0,cell,QR_Q_C_expected_random_capture,0.07,25,25,1.0
18,7.0,cell,QR_Q_C_excess_purity,0.18786718599660557,25,25,1.0
18,7.0,cell,QR_Q_C_excess_capture,0.43835676732541307,25,25,1.0
18,7.0,cell,QR_Q_C_largest_canonical_correlation,0.9832063791960636,25,25,1.0
18,7.0,cell,QR_Q_C_smallest_principal_angle,0.18293077325631074,25,25,1.0
18,7.0,cell,QR_Q_C_unique_dim_U,7.0,25,25,1.0
18,7.0,cell,QR_Q_C_unique_dim_Q,3.0,25,25,1.0
18,7.0,cell,QR_Q_C_unique_shared_energy,1.372743566990457,25,25,1.0
18,7.0,cell,QR_Q_C_unique_purity,0.19610622385577955,25,25,1.0
18,7.0,cell,QR_Q_C_unique_capture,0.45758118899681904,25,25,1.0
18,7.0,cell,QR_Q_C_unique_expected_random_purity,0.03,25,25,1.0
18,7.0,cell,QR_Q_C_unique_expected_random_capture,0.07,25,25,1.0
18,7.0,cell,QR_Q_C_unique_excess_purity,0.16610622385577958,25,25,1.0
18,7.0,cell,QR_Q_C_unique_excess_capture,0.38758118899681904,25,25,1.0
18,7.0,cell,QR_Q_C_unique_largest_canonical_correlation,0.9824614006206892,25,25,1.0
18,7.0,cell,QR_Q_C_unique_smallest_principal_angle,0.18696501039520352,25,25,1.0
18,7.0,cell,QR_Q_C_full_dim_U,7.0,25,25,1.0
18,7.0,cell,QR_Q_C_full_dim_Q,4.0,25,25,1.0
18,7.0,cell,QR_Q_C_full_shared_energy,2.077114435597502,25,25,1.0
18,7.0,cell,QR_Q_C_full_purity,0.296730633656786,25,25,1.0
18,7.0,cell,QR_Q_C_full_capture,0.5192786088993755,25,25,1.0
18,7.0,cell,QR_Q_C_full_expected_random_purity,0.04,25,25,1.0
18,7.0,cell,QR_Q_C_full_expected_random_capture,0.07,25,25,1.0
18,7.0,cell,QR_Q_C_full_excess_purity,0.256730633656786,25,25,1.0
18,7.0,cell,QR_Q_C_full_excess_capture,0.4492786088993755,25,25,1.0
18,7.0,cell,QR_Q_C_full_largest_canonical_correlation,0.9837725228133425,25,25,1.0
18,7.0,cell,QR_Q_C_full_smallest_principal_angle,0.1799059663016768,25,25,1.0
18,7.0,cell,QR_Q_P4_dim_U,7.0,25,25,1.0
18,7.0,cell,QR_Q_P4_dim_Q,4.0,25,25,1.0
18,7.0,cell,QR_Q_P4_shared_energy,2.1048453058113545,25,25,1.0
18,7.0,cell,QR_Q_P4_purity,0.3006921865444792,25,25,1.0
18,7.0,cell,QR_Q_P4_capture,0.5262113264528386,25,25,1.0
18,7.0,cell,QR_Q_P4_expected_random_purity,0.04,25,25,1.0
18,7.0,cell,QR_Q_P4_expected_random_capture,0.07,25,25,1.0
18,7.0,cell,QR_Q_P4_excess_purity,0.26069218654447923,25,25,1.0
18,7.0,cell,QR_Q_P4_excess_capture,0.4562113264528386,25,25,1.0
18,7.0,cell,QR_Q_P4_largest_canonical_correlation,0.992635696838746,25,25,1.0
18,7.0,cell,QR_Q_P4_smallest_principal_angle,0.1207209020482413,25,25,1.0
19,3.0,cell,UMP_Q_F_dim_U,4.0,25,25,1.0
19,3.0,cell,UMP_Q_F_dim_Q,5.0,25,25,1.0
19,3.0,cell,UMP_Q_F_shared_energy,1.959137565458214,25,25,1.0
19,3.0,cell,UMP_Q_F_purity,0.4897843913645535,25,25,1.0
19,3.0,cell,UMP_Q_F_capture,0.39182751309164277,25,25,1.0
19,3.0,cell,UMP_Q_F_expected_random_purity,0.05000000000000001,25,25,1.0
19,3.0,cell,UMP_Q_F_expected_random_capture,0.04,25,25,1.0
19,3.0,cell,UMP_Q_F_excess_purity,0.4397843913645535,25,25,1.0
19,3.0,cell,UMP_Q_F_excess_capture,0.35182751309164284,25,25,1.0
19,3.0,cell,UMP_Q_F_largest_canonical_correlation,0.9933091438965235,25,25,1.0
19,3.0,cell,UMP_Q_F_smallest_principal_angle,0.11444811084008802,25,25,1.0
19,3.0,cell,U4_Q_F_dim_U,4.0,25,25,1.0
19,3.0,cell,U4_Q_F_dim_Q,5.0,25,25,1.0
19,3.0,cell,U4_Q_F_shared_energy,1.959137565458214,25,25,1.0
19,3.0,cell,U4_Q_F_purity,0.4897843913645535,25,25,1.0
19,3.0,cell,U4_Q_F_capture,0.39182751309164277,25,25,1.0
19,3.0,cell,U4_Q_F_expected_random_purity,0.05000000000000001,25,25,1.0
19,3.0,cell,U4_Q_F_expected_random_capture,0.04,25,25,1.0
19,3.0,cell,U4_Q_F_excess_purity,0.4397843913645535,25,25,1.0
19,3.0,cell,U4_Q_F_excess_capture,0.35182751309164284,25,25,1.0
19,3.0,cell,U4_Q_F_largest_canonical_correlation,0.9933091438965235,25,25,1.0
19,3.0,cell,U4_Q_F_smallest_principal_angle,0.11444811084008802,25,25,1.0
19,3.0,cell,UMP_Q_F_unique_dim_U,4.0,25,25,1.0
19,3.0,cell,UMP_Q_F_unique_dim_Q,5.0,25,25,1.0
19,3.0,cell,UMP_Q_F_unique_shared_energy,1.9426142785729958,25,25,1.0
19,3.0,cell,UMP_Q_F_unique_purity,0.48565356964324896,25,25,1.0
19,3.0,cell,UMP_Q_F_unique_capture,0.3885228557145991,25,25,1.0
19,3.0,cell,UMP_Q_F_unique_expected_random_purity,0.05000000000000001,25,25,1.0
19,3.0,cell,UMP_Q_F_unique_expected_random_capture,0.04,25,25,1.0
19,3.0,cell,UMP_Q_F_unique_excess_purity,0.435653569643249,25,25,1.0
19,3.0,cell,UMP_Q_F_unique_excess_capture,0.34852285571459923,25,25,1.0
19,3.0,cell,UMP_Q_F_unique_largest_canonical_correlation,0.9796065648029524,25,25,1.0
19,3.0,cell,UMP_Q_F_unique_smallest_principal_angle,0.201542814126917,25,25,1.0
19,3.0,cell,U4_Q_F_unique_dim_U,4.0,25,25,1.0
19,3.0,cell,U4_Q_F_unique_dim_Q,5.0,25,25,1.0
19,3.0,cell,U4_Q_F_unique_shared_energy,1.9426142785729958,25,25,1.0
19,3.0,cell,U4_Q_F_unique_purity,0.48565356964324896,25,25,1.0
19,3.0,cell,U4_Q_F_unique_capture,0.3885228557145991,25,25,1.0
19,3.0,cell,U4_Q_F_unique_expected_random_purity,0.05000000000000001,25,25,1.0
19,3.0,cell,U4_Q_F_unique_expected_random_capture,0.04,25,25,1.0
19,3.0,cell,U4_Q_F_unique_excess_purity,0.435653569643249,25,25,1.0
19,3.0,cell,U4_Q_F_unique_excess_capture,0.34852285571459923,25,25,1.0
19,3.0,cell,U4_Q_F_unique_largest_canonical_correlation,0.9796065648029524,25,25,1.0
19,3.0,cell,U4_Q_F_unique_smallest_principal_angle,0.201542814126917,25,25,1.0
19,3.0,cell,UMP_Q_C_dim_U,4.0,25,25,1.0
19,3.0,cell,UMP_Q_C_dim_Q,3.0,25,25,1.0
19,3.0,cell,UMP_Q_C_shared_energy,1.2933960800619184,25,25,1.0
19,3.0,cell,UMP_Q_C_purity,0.3233490200154796,25,25,1.0
19,3.0,cell,UMP_Q_C_capture,0.4311320266873061,25,25,1.0
19,3.0,cell,UMP_Q_C_expected_random_purity,0.03,25,25,1.0
19,3.0,cell,UMP_Q_C_expected_random_capture,0.04,25,25,1.0
19,3.0,cell,UMP_Q_C_excess_purity,0.2933490200154796,25,25,1.0
19,3.0,cell,UMP_Q_C_excess_capture,0.39113202668730623,25,25,1.0
19,3.0,cell,UMP_Q_C_largest_canonical_correlation,0.9228466271023135,25,25,1.0
19,3.0,cell,UMP_Q_C_smallest_principal_angle,0.39466538104071747,25,25,1.0
19,3.0,cell,U4_Q_C_dim_U,4.0,25,25,1.0
19,3.0,cell,U4_Q_C_dim_Q,3.0,25,25,1.0
19,3.0,cell,U4_Q_C_shared_energy,1.2933960800619184,25,25,1.0
19,3.0,cell,U4_Q_C_purity,0.3233490200154796,25,25,1.0
19,3.0,cell,U4_Q_C_capture,0.4311320266873061,25,25,1.0
19,3.0,cell,U4_Q_C_expected_random_purity,0.03,25,25,1.0
19,3.0,cell,U4_Q_C_expected_random_capture,0.04,25,25,1.0
19,3.0,cell,U4_Q_C_excess_purity,0.2933490200154796,25,25,1.0
19,3.0,cell,U4_Q_C_excess_capture,0.39113202668730623,25,25,1.0
19,3.0,cell,U4_Q_C_largest_canonical_correlation,0.9228466271023135,25,25,1.0
19,3.0,cell,U4_Q_C_smallest_principal_angle,0.39466538104071747,25,25,1.0
19,3.0,cell,UMP_Q_C_unique_dim_U,4.0,25,25,1.0
19,3.0,cell,UMP_Q_C_unique_dim_Q,3.0,25,25,1.0
19,3.0,cell,UMP_Q_C_unique_shared_energy,1.2768727931767005,25,25,1.0
19,3.0,cell,UMP_Q_C_unique_purity,0.31921819829417514,25,25,1.0
19,3.0,cell,UMP_Q_C_unique_capture,0.4256242643922335,25,25,1.0
19,3.0,cell,UMP_Q_C_unique_expected_random_purity,0.03,25,25,1.0
19,3.0,cell,UMP_Q_C_unique_expected_random_capture,0.04,25,25,1.0
19,3.0,cell,UMP_Q_C_unique_excess_purity,0.2892181982941751,25,25,1.0
19,3.0,cell,UMP_Q_C_unique_excess_capture,0.3856242643922335,25,25,1.0
19,3.0,cell,UMP_Q_C_unique_largest_canonical_correlation,0.950622576240431,25,25,1.0
19,3.0,cell,UMP_Q_C_unique_smallest_principal_angle,0.31382885760919077,25,25,1.0
19,3.0,cell,U4_Q_C_unique_dim_U,4.0,25,25,1.0
19,3.0,cell,U4_Q_C_unique_dim_Q,3.0,25,25,1.0
19,3.0,cell,U4_Q_C_unique_shared_energy,1.2768727931767005,25,25,1.0
19,3.0,cell,U4_Q_C_unique_purity,0.31921819829417514,25,25,1.0
19,3.0,cell,U4_Q_C_unique_capture,0.4256242643922335,25,25,1.0
19,3.0,cell,U4_Q_C_unique_expected_random_purity,0.03,25,25,1.0
19,3.0,cell,U4_Q_C_unique_expected_random_capture,0.04,25,25,1.0
19,3.0,cell,U4_Q_C_unique_excess_purity,0.2892181982941751,25,25,1.0
19,3.0,cell,U4_Q_C_unique_excess_capture,0.3856242643922335,25,25,1.0
19,3.0,cell,U4_Q_C_unique_largest_canonical_correlation,0.950622576240431,25,25,1.0
19,3.0,cell,U4_Q_C_unique_smallest_principal_angle,0.31382885760919077,25,25,1.0
19,3.0,cell,UMP_Q_C_full_dim_U,4.0,25,25,1.0
19,3.0,cell,UMP_Q_C_full_dim_Q,4.0,25,25,1.0
19,3.0,cell,UMP_Q_C_full_shared_energy,1.765735823539648,25,25,1.0
19,3.0,cell,UMP_Q_C_full_purity,0.44143395588491197,25,25,1.0
19,3.0,cell,UMP_Q_C_full_capture,0.44143395588491197,25,25,1.0
19,3.0,cell,UMP_Q_C_full_expected_random_purity,0.04,25,25,1.0
19,3.0,cell,UMP_Q_C_full_expected_random_capture,0.04,25,25,1.0
19,3.0,cell,UMP_Q_C_full_excess_purity,0.40143395588491204,25,25,1.0
19,3.0,cell,UMP_Q_C_full_excess_capture,0.40143395588491204,25,25,1.0
19,3.0,cell,UMP_Q_C_full_largest_canonical_correlation,0.9505038734810022,25,25,1.0
19,3.0,cell,UMP_Q_C_full_smallest_principal_angle,0.3135382475482675,25,25,1.0
19,3.0,cell,U4_Q_C_full_dim_U,4.0,25,25,1.0
19,3.0,cell,U4_Q_C_full_dim_Q,4.0,25,25,1.0
19,3.0,cell,U4_Q_C_full_shared_energy,1.765735823539648,25,25,1.0
19,3.0,cell,U4_Q_C_full_purity,0.44143395588491197,25,25,1.0
19,3.0,cell,U4_Q_C_full_capture,0.44143395588491197,25,25,1.0
19,3.0,cell,U4_Q_C_full_expected_random_purity,0.04,25,25,1.0
19,3.0,cell,U4_Q_C_full_expected_random_capture,0.04,25,25,1.0
19,3.0,cell,U4_Q_C_full_excess_purity,0.40143395588491204,25,25,1.0
19,3.0,cell,U4_Q_C_full_excess_capture,0.40143395588491204,25,25,1.0
19,3.0,cell,U4_Q_C_full_largest_canonical_correlation,0.9505038734810022,25,25,1.0
19,3.0,cell,U4_Q_C_full_smallest_principal_angle,0.3135382475482675,25,25,1.0
19,3.0,cell,UMP_Q_P4_dim_U,4.0,25,25,1.0
19,3.0,cell,UMP_Q_P4_dim_Q,4.0,25,25,1.0
19,3.0,cell,UMP_Q_P4_shared_energy,1.8424163876025448,25,25,1.0
19,3.0,cell,UMP_Q_P4_purity,0.4606040969006362,25,25,1.0
19,3.0,cell,UMP_Q_P4_capture,0.4606040969006362,25,25,1.0
19,3.0,cell,UMP_Q_P4_expected_random_purity,0.04,25,25,1.0
19,3.0,cell,UMP_Q_P4_expected_random_capture,0.04,25,25,1.0
19,3.0,cell,UMP_Q_P4_excess_purity,0.42060409690063616,25,25,1.0
19,3.0,cell,UMP_Q_P4_excess_capture,0.42060409690063616,25,25,1.0
19,3.0,cell,UMP_Q_P4_largest_canonical_correlation,0.9610608536775898,25,25,1.0
19,3.0,cell,UMP_Q_P4_smallest_principal_angle,0.27636433651029263,25,25,1.0
19,3.0,cell,U4_Q_P4_dim_U,4.0,25,25,1.0
19,3.0,cell,U4_Q_P4_dim_Q,4.0,25,25,1.0
19,3.0,cell,U4_Q_P4_shared_energy,1.8424163876025448,25,25,1.0
19,3.0,cell,U4_Q_P4_purity,0.4606040969006362,25,25,1.0
19,3.0,cell,U4_Q_P4_capture,0.4606040969006362,25,25,1.0
19,3.0,cell,U4_Q_P4_expected_random_purity,0.04,25,25,1.0
19,3.0,cell,U4_Q_P4_expected_random_capture,0.04,25,25,1.0
19,3.0,cell,U4_Q_P4_excess_purity,0.42060409690063616,25,25,1.0
19,3.0,cell,U4_Q_P4_excess_capture,0.42060409690063616,25,25,1.0
19,3.0,cell,U4_Q_P4_largest_canonical_correlation,0.9610608536775898,25,25,1.0
19,3.0,cell,U4_Q_P4_smallest_principal_angle,0.27636433651029263,25,25,1.0
19,3.0,cell,QR_Q_F_dim_U,3.0,25,25,1.0
19,3.0,cell,QR_Q_F_dim_Q,5.0,25,25,1.0
19,3.0,cell,QR_Q_F_shared_energy,2.994194915942409,25,25,1.0
19,3.0,cell,QR_Q_F_purity,0.9980649719808029,25,25,1.0
19,3.0,cell,QR_Q_F_capture,0.5988389831884817,25,25,1.0
19,3.0,cell,QR_Q_F_expected_random_purity,0.05000000000000001,25,25,1.0
19,3.0,cell,QR_Q_F_expected_random_capture,0.03,25,25,1.0
19,3.0,cell,QR_Q_F_excess_purity,0.9480649719808028,25,25,1.0
19,3.0,cell,QR_Q_F_excess_capture,0.5688389831884817,25,25,1.0
19,3.0,cell,QR_Q_F_largest_canonical_correlation,0.9995220213942723,25,25,1.0
19,3.0,cell,QR_Q_F_smallest_principal_angle,0.030883659203461256,25,25,1.0
19,3.0,cell,QR_Q_C_dim_U,3.0,25,25,1.0
19,3.0,cell,QR_Q_C_dim_Q,3.0,25,25,1.0
19,3.0,cell,QR_Q_C_shared_energy,0.13541685303942694,25,25,1.0
19,3.0,cell,QR_Q_C_purity,0.045138951013142276,25,25,1.0
19,3.0,cell,QR_Q_C_capture,0.045138951013142276,25,25,1.0
19,3.0,cell,QR_Q_C_expected_random_purity,0.03,25,25,1.0
19,3.0,cell,QR_Q_C_expected_random_capture,0.03,25,25,1.0
19,3.0,cell,QR_Q_C_excess_purity,0.015138951013142277,25,25,1.0
19,3.0,cell,QR_Q_C_excess_capture,0.015138951013142277,25,25,1.0
19,3.0,cell,QR_Q_C_largest_canonical_correlation,0.3268703634769537,25,25,1.0
19,3.0,cell,QR_Q_C_smallest_principal_angle,1.2377670185505019,25,25,1.0
19,3.0,cell,QR_Q_C_unique_dim_U,3.0,25,25,1.0
19,3.0,cell,QR_Q_C_unique_dim_Q,3.0,25,25,1.0
19,3.0,cell,QR_Q_C_unique_shared_energy,0.0016113557451541442,25,25,1.0
19,3.0,cell,QR_Q_C_unique_purity,0.0005371185817180245,25,25,1.0
19,3.0,cell,QR_Q_C_unique_capture,0.0005371185817180245,25,25,1.0
19,3.0,cell,QR_Q_C_unique_expected_random_purity,0.03,25,25,1.0
19,3.0,cell,QR_Q_C_unique_expected_random_capture,0.03,25,25,1.0
19,3.0,cell,QR_Q_C_unique_excess_purity,-0.029462881418281888,25,25,1.0
19,3.0,cell,QR_Q_C_unique_excess_capture,-0.029462881418281888,25,25,1.0
19,3.0,cell,QR_Q_C_unique_largest_canonical_correlation,0.035491505423745615,25,25,1.0
19,3.0,cell,QR_Q_C_unique_smallest_principal_angle,1.5352929482303423,25,25,1.0
19,3.0,cell,QR_Q_C_full_dim_U,3.0,25,25,1.0
19,3.0,cell,QR_Q_C_full_dim_Q,4.0,25,25,1.0
19,3.0,cell,QR_Q_C_full_shared_energy,0.17939529747554872,25,25,1.0
19,3.0,cell,QR_Q_C_full_purity,0.05979843249184955,25,25,1.0
19,3.0,cell,QR_Q_C_full_capture,0.044848824368887145,25,25,1.0
19,3.0,cell,QR_Q_C_full_expected_random_purity,0.04,25,25,1.0
19,3.0,cell,QR_Q_C_full_expected_random_capture,0.03,25,25,1.0
19,3.0,cell,QR_Q_C_full_excess_purity,0.01979843249184954,25,25,1.0
19,3.0,cell,QR_Q_C_full_excess_capture,0.014848824368887136,25,25,1.0
19,3.0,cell,QR_Q_C_full_largest_canonical_correlation,0.37492886668486036,25,25,1.0
19,3.0,cell,QR_Q_C_full_smallest_principal_angle,1.1864626568548264,25,25,1.0
19,3.0,cell,QR_Q_P4_dim_U,3.0,25,25,1.0
19,3.0,cell,QR_Q_P4_dim_Q,4.0,25,25,1.0
19,3.0,cell,QR_Q_P4_shared_energy,0.15230671259782694,25,25,1.0
19,3.0,cell,QR_Q_P4_purity,0.05076890419927562,25,25,1.0
19,3.0,cell,QR_Q_P4_capture,0.0380766781494567,25,25,1.0
19,3.0,cell,QR_Q_P4_expected_random_purity,0.04,25,25,1.0
19,3.0,cell,QR_Q_P4_expected_random_capture,0.03,25,25,1.0
19,3.0,cell,QR_Q_P4_excess_purity,0.010768904199275613,25,25,1.0
19,3.0,cell,QR_Q_P4_excess_capture,0.008076678149456703,25,25,1.0
19,3.0,cell,QR_Q_P4_largest_canonical_correlation,0.34107963332161584,25,25,1.0
19,3.0,cell,QR_Q_P4_smallest_principal_angle,1.2227216603204767,25,25,1.0
19,5.0,cell,UMP_Q_F_dim_U,2.0,25,25,1.0
19,5.0,cell,UMP_Q_F_dim_Q,5.0,25,25,1.0
19,5.0,cell,UMP_Q_F_shared_energy,0.004758204300084612,25,25,1.0
19,5.0,cell,UMP_Q_F_purity,0.002379102150042284,25,25,1.0
19,5.0,cell,UMP_Q_F_capture,0.0009516408600168841,25,25,1.0
19,5.0,cell,UMP_Q_F_expected_random_purity,0.05000000000000001,25,25,1.0
19,5.0,cell,UMP_Q_F_expected_random_capture,0.02,25,25,1.0
19,5.0,cell,UMP_Q_F_excess_purity,-0.04762089784995762,25,25,1.0
19,5.0,cell,UMP_Q_F_excess_capture,-0.01904835913998302,25,25,1.0
19,5.0,cell,UMP_Q_F_largest_canonical_correlation,0.06373874068705543,25,25,1.0
19,5.0,cell,UMP_Q_F_smallest_principal_angle,1.5070116875106419,25,25,1.0
19,5.0,cell,U4_Q_F_dim_U,4.0,25,25,1.0
19,5.0,cell,U4_Q_F_dim_Q,5.0,25,25,1.0
19,5.0,cell,U4_Q_F_shared_energy,0.00507579378093668,25,25,1.0
19,5.0,cell,U4_Q_F_purity,0.00126894844523414,25,25,1.0
19,5.0,cell,U4_Q_F_capture,0.001015158756187292,25,25,1.0
19,5.0,cell,U4_Q_F_expected_random_purity,0.05000000000000001,25,25,1.0
19,5.0,cell,U4_Q_F_expected_random_capture,0.04,25,25,1.0
19,5.0,cell,U4_Q_F_excess_purity,-0.048731051554765786,25,25,1.0
19,5.0,cell,U4_Q_F_excess_capture,-0.03898484124381261,25,25,1.0
19,5.0,cell,U4_Q_F_largest_canonical_correlation,0.06407946460257563,25,25,1.0
19,5.0,cell,U4_Q_F_smallest_principal_angle,1.5066702898856912,25,25,1.0
19,5.0,cell,UMP_Q_F_unique_dim_U,2.0,25,25,1.0
19,5.0,cell,UMP_Q_F_unique_dim_Q,5.0,25,25,1.0
19,5.0,cell,UMP_Q_F_unique_shared_energy,0.12163294858169847,25,25,1.0
19,5.0,cell,UMP_Q_F_unique_purity,0.06081647429084921,25,25,1.0
19,5.0,cell,UMP_Q_F_unique_capture,0.024326589716339653,25,25,1.0
19,5.0,cell,UMP_Q_F_unique_expected_random_purity,0.05000000000000001,25,25,1.0
19,5.0,cell,UMP_Q_F_unique_expected_random_capture,0.02,25,25,1.0
19,5.0,cell,UMP_Q_F_unique_excess_purity,0.010816474290849207,25,25,1.0
19,5.0,cell,UMP_Q_F_unique_excess_capture,0.004326589716339649,25,25,1.0
19,5.0,cell,UMP_Q_F_unique_largest_canonical_correlation,0.30399321007178093,25,25,1.0
19,5.0,cell,UMP_Q_F_unique_smallest_principal_angle,1.2619054753745897,25,25,1.0
19,5.0,cell,U4_Q_F_unique_dim_U,4.0,25,25,1.0
19,5.0,cell,U4_Q_F_unique_dim_Q,5.0,25,25,1.0
19,5.0,cell,U4_Q_F_unique_shared_energy,0.13673666127368303,25,25,1.0
19,5.0,cell,U4_Q_F_unique_purity,0.03418416531842074,25,25,1.0
19,5.0,cell,U4_Q_F_unique_capture,0.02734733225473656,25,25,1.0
19,5.0,cell,U4_Q_F_unique_expected_random_purity,0.05000000000000001,25,25,1.0
19,5.0,cell,U4_Q_F_unique_expected_random_capture,0.04,25,25,1.0
19,5.0,cell,U4_Q_F_unique_excess_purity,-0.015815834681579183,25,25,1.0
19,5.0,cell,U4_Q_F_unique_excess_capture,-0.01265266774526334,25,25,1.0
19,5.0,cell,U4_Q_F_unique_largest_canonical_correlation,0.31796472337568693,25,25,1.0
19,5.0,cell,U4_Q_F_unique_smallest_principal_angle,1.2472018425016713,25,25,1.0
19,5.0,cell,UMP_Q_C_dim_U,2.0,25,25,1.0
19,5.0,cell,UMP_Q_C_dim_Q,3.0,25,25,1.0
19,5.0,cell,UMP_Q_C_shared_energy,1.2039836755120181,25,25,1.0
19,5.0,cell,UMP_Q_C_purity,0.6019918377560091,25,25,1.0
19,5.0,cell,UMP_Q_C_capture,0.4013278918373394,25,25,1.0
19,5.0,cell,UMP_Q_C_expected_random_purity,0.03,25,25,1.0
19,5.0,cell,UMP_Q_C_expected_random_capture,0.02,25,25,1.0
19,5.0,cell,UMP_Q_C_excess_purity,0.5719918377560091,25,25,1.0
19,5.0,cell,UMP_Q_C_excess_capture,0.38132789183733934,25,25,1.0
19,5.0,cell,UMP_Q_C_largest_canonical_correlation,0.9342589072056398,25,25,1.0
19,5.0,cell,UMP_Q_C_smallest_principal_angle,0.36432895583688013,25,25,1.0
19,5.0,cell,U4_Q_C_dim_U,4.0,25,25,1.0
19,5.0,cell,U4_Q_C_dim_Q,3.0,25,25,1.0
19,5.0,cell,U4_Q_C_shared_energy,1.3788639744345037,25,25,1.0
19,5.0,cell,U4_Q_C_purity,0.3447159936086259,25,25,1.0
19,5.0,cell,U4_Q_C_capture,0.4596213248115011,25,25,1.0
19,5.0,cell,U4_Q_C_expected_random_purity,0.03,25,25,1.0
19,5.0,cell,U4_Q_C_expected_random_capture,0.04,25,25,1.0
19,5.0,cell,U4_Q_C_excess_purity,0.31471599360862584,25,25,1.0
19,5.0,cell,U4_Q_C_excess_capture,0.4196213248115012,25,25,1.0
19,5.0,cell,U4_Q_C_largest_canonical_correlation,0.9361344062124837,25,25,1.0
19,5.0,cell,U4_Q_C_smallest_principal_angle,0.35907648351637206,25,25,1.0
19,5.0,cell,UMP_Q_C_unique_dim_U,2.0,25,25,1.0
19,5.0,cell,UMP_Q_C_unique_dim_Q,3.0,25,25,1.0
19,5.0,cell,UMP_Q_C_unique_shared_energy,1.3208584197936315,25,25,1.0
19,5.0,cell,UMP_Q_C_unique_purity,0.6604292098968157,25,25,1.0
19,5.0,cell,UMP_Q_C_unique_capture,0.44028613993121046,25,25,1.0
19,5.0,cell,UMP_Q_C_unique_expected_random_purity,0.03,25,25,1.0
19,5.0,cell,UMP_Q_C_unique_expected_random_capture,0.02,25,25,1.0
19,5.0,cell,UMP_Q_C_unique_excess_purity,0.6304292098968158,25,25,1.0
19,5.0,cell,UMP_Q_C_unique_excess_capture,0.4202861399312105,25,25,1.0
19,5.0,cell,UMP_Q_C_unique_largest_canonical_correlation,0.9702649343054572,25,25,1.0
19,5.0,cell,UMP_Q_C_unique_smallest_principal_angle,0.24423487325930535,25,25,1.0
19,5.0,cell,U4_Q_C_unique_dim_U,4.0,25,25,1.0
19,5.0,cell,U4_Q_C_unique_dim_Q,3.0,25,25,1.0
19,5.0,cell,U4_Q_C_unique_shared_energy,1.5105248419272492,25,25,1.0
19,5.0,cell,U4_Q_C_unique_purity,0.3776312104818123,25,25,1.0
19,5.0,cell,U4_Q_C_unique_capture,0.5035082806424164,25,25,1.0
19,5.0,cell,U4_Q_C_unique_expected_random_purity,0.03,25,25,1.0
19,5.0,cell,U4_Q_C_unique_expected_random_capture,0.04,25,25,1.0
19,5.0,cell,U4_Q_C_unique_excess_purity,0.34763121048181234,25,25,1.0
19,5.0,cell,U4_Q_C_unique_excess_capture,0.4635082806424164,25,25,1.0
19,5.0,cell,U4_Q_C_unique_largest_canonical_correlation,0.97114332301403,25,25,1.0
19,5.0,cell,U4_Q_C_unique_smallest_principal_angle,0.24062588587323253,25,25,1.0
19,5.0,cell,UMP_Q_C_full_dim_U,2.0,25,25,1.0
19,5.0,cell,UMP_Q_C_full_dim_Q,4.0,25,25,1.0
19,5.0,cell,UMP_Q_C_full_shared_energy,1.6866644529542072,25,25,1.0
19,5.0,cell,UMP_Q_C_full_purity,0.8433322264771036,25,25,1.0
19,5.0,cell,UMP_Q_C_full_capture,0.4216661132385518,25,25,1.0
19,5.0,cell,UMP_Q_C_full_expected_random_purity,0.04,25,25,1.0
19,5.0,cell,UMP_Q_C_full_expected_random_capture,0.02,25,25,1.0
19,5.0,cell,UMP_Q_C_full_excess_purity,0.8033322264771036,25,25,1.0
19,5.0,cell,UMP_Q_C_full_excess_capture,0.4016661132385518,25,25,1.0
19,5.0,cell,UMP_Q_C_full_largest_canonical_correlation,0.9642800705898615,25,25,1.0
19,5.0,cell,UMP_Q_C_full_smallest_principal_angle,0.26795576475424226,25,25,1.0
19,5.0,cell,U4_Q_C_full_dim_U,4.0,25,25,1.0
19,5.0,cell,U4_Q_C_full_dim_Q,4.0,25,25,1.0
19,5.0,cell,U4_Q_C_full_shared_energy,1.9185975865180245,25,25,1.0
19,5.0,cell,U4_Q_C_full_purity,0.4796493966295061,25,25,1.0
19,5.0,cell,U4_Q_C_full_capture,0.4796493966295061,25,25,1.0
19,5.0,cell,U4_Q_C_full_expected_random_purity,0.04,25,25,1.0
19,5.0,cell,U4_Q_C_full_expected_random_capture,0.04,25,25,1.0
19,5.0,cell,U4_Q_C_full_excess_purity,0.43964939662950614,25,25,1.0
19,5.0,cell,U4_Q_C_full_excess_capture,0.43964939662950614,25,25,1.0
19,5.0,cell,U4_Q_C_full_largest_canonical_correlation,0.9657185470674098,25,25,1.0
19,5.0,cell,U4_Q_C_full_smallest_principal_angle,0.26238524025472143,25,25,1.0
19,5.0,cell,UMP_Q_P4_dim_U,2.0,25,25,1.0
19,5.0,cell,UMP_Q_P4_dim_Q,4.0,25,25,1.0
19,5.0,cell,UMP_Q_P4_shared_energy,1.730761641264998,25,25,1.0
19,5.0,cell,UMP_Q_P4_purity,0.865380820632499,25,25,1.0
19,5.0,cell,UMP_Q_P4_capture,0.4326904103162495,25,25,1.0
19,5.0,cell,UMP_Q_P4_expected_random_purity,0.04,25,25,1.0
19,5.0,cell,UMP_Q_P4_expected_random_capture,0.02,25,25,1.0
19,5.0,cell,UMP_Q_P4_excess_purity,0.8253808206324988,25,25,1.0
19,5.0,cell,UMP_Q_P4_excess_capture,0.4126904103162494,25,25,1.0
19,5.0,cell,UMP_Q_P4_largest_canonical_correlation,0.9737567077442759,25,25,1.0
19,5.0,cell,UMP_Q_P4_smallest_principal_angle,0.22930006023181057,25,25,1.0
19,5.0,cell,U4_Q_P4_dim_U,4.0,25,25,1.0
19,5.0,cell,U4_Q_P4_dim_Q,4.0,25,25,1.0
19,5.0,cell,U4_Q_P4_shared_energy,2.0063958431631628,25,25,1.0
19,5.0,cell,U4_Q_P4_purity,0.5015989607907907,25,25,1.0
19,5.0,cell,U4_Q_P4_capture,0.5015989607907907,25,25,1.0
19,5.0,cell,U4_Q_P4_expected_random_purity,0.04,25,25,1.0
19,5.0,cell,U4_Q_P4_expected_random_capture,0.04,25,25,1.0
19,5.0,cell,U4_Q_P4_excess_purity,0.46159896079079077,25,25,1.0
19,5.0,cell,U4_Q_P4_excess_capture,0.46159896079079077,25,25,1.0
19,5.0,cell,U4_Q_P4_largest_canonical_correlation,0.9747587227453574,25,25,1.0
19,5.0,cell,U4_Q_P4_smallest_principal_angle,0.22489503369168734,25,25,1.0
19,5.0,cell,QR_Q_F_dim_U,5.0,25,25,1.0
19,5.0,cell,QR_Q_F_dim_Q,5.0,25,25,1.0
19,5.0,cell,QR_Q_F_shared_energy,4.983416856440073,25,25,1.0
19,5.0,cell,QR_Q_F_purity,0.9966833712880147,25,25,1.0
19,5.0,cell,QR_Q_F_capture,0.9966833712880147,25,25,1.0
19,5.0,cell,QR_Q_F_expected_random_purity,0.05000000000000001,25,25,1.0
19,5.0,cell,QR_Q_F_expected_random_capture,0.05000000000000001,25,25,1.0
19,5.0,cell,QR_Q_F_excess_purity,0.9466833712880147,25,25,1.0
19,5.0,cell,QR_Q_F_excess_capture,0.9466833712880147,25,25,1.0
19,5.0,cell,QR_Q_F_largest_canonical_correlation,0.9995531610362991,25,25,1.0
19,5.0,cell,QR_Q_F_smallest_principal_angle,0.029856901005681738,25,25,1.0
19,5.0,cell,QR_Q_C_dim_U,5.0,25,25,1.0
19,5.0,cell,QR_Q_C_dim_Q,3.0,25,25,1.0
19,5.0,cell,QR_Q_C_shared_energy,0.26468532365546343,25,25,1.0
19,5.0,cell,QR_Q_C_purity,0.05293706473109264,25,25,1.0
19,5.0,cell,QR_Q_C_capture,0.08822844121848777,25,25,1.0
19,5.0,cell,QR_Q_C_expected_random_purity,0.03,25,25,1.0
19,5.0,cell,QR_Q_C_expected_random_capture,0.05000000000000001,25,25,1.0
19,5.0,cell,QR_Q_C_excess_purity,0.022937064731092634,25,25,1.0
19,5.0,cell,QR_Q_C_excess_capture,0.03822844121848776,25,25,1.0
19,5.0,cell,QR_Q_C_largest_canonical_correlation,0.394090490991449,25,25,1.0
19,5.0,cell,QR_Q_C_smallest_principal_angle,1.165713383250233,25,25,1.0
19,5.0,cell,QR_Q_C_unique_dim_U,5.0,25,25,1.0
19,5.0,cell,QR_Q_C_unique_dim_Q,3.0,25,25,1.0
19,5.0,cell,QR_Q_C_unique_shared_energy,0.003266734547087192,25,25,1.0
19,5.0,cell,QR_Q_C_unique_purity,0.0006533469094174001,25,25,1.0
19,5.0,cell,QR_Q_C_unique_capture,0.0010889115156956961,25,25,1.0
19,5.0,cell,QR_Q_C_unique_expected_random_purity,0.03,25,25,1.0
19,5.0,cell,QR_Q_C_unique_expected_random_capture,0.05000000000000001,25,25,1.0
19,5.0,cell,QR_Q_C_unique_excess_purity,-0.0293466530905825,25,25,1.0
19,5.0,cell,QR_Q_C_unique_excess_capture,-0.04891108848430421,25,25,1.0
19,5.0,cell,QR_Q_C_unique_largest_canonical_correlation,0.05084316919571767,25,25,1.0
19,5.0,cell,QR_Q_C_unique_smallest_principal_angle,1.519926981841499,25,25,1.0
19,5.0,cell,QR_Q_C_full_dim_U,5.0,25,25,1.0
19,5.0,cell,QR_Q_C_full_dim_Q,4.0,25,25,1.0
19,5.0,cell,QR_Q_C_full_shared_energy,0.33002752706723115,25,25,1.0
19,5.0,cell,QR_Q_C_full_purity,0.06600550541344619,25,25,1.0
19,5.0,cell,QR_Q_C_full_capture,0.08250688176680777,25,25,1.0
19,5.0,cell,QR_Q_C_full_expected_random_purity,0.04,25,25,1.0
19,5.0,cell,QR_Q_C_full_expected_random_capture,0.05000000000000001,25,25,1.0
19,5.0,cell,QR_Q_C_full_excess_purity,0.026005505413446182,25,25,1.0
19,5.0,cell,QR_Q_C_full_excess_capture,0.032506881766807744,25,25,1.0
19,5.0,cell,QR_Q_C_full_largest_canonical_correlation,0.44737465894194356,25,25,1.0
19,5.0,cell,QR_Q_C_full_smallest_principal_angle,1.1069599581983698,25,25,1.0
19,5.0,cell,QR_Q_P4_dim_U,5.0,25,25,1.0
19,5.0,cell,QR_Q_P4_dim_Q,4.0,25,25,1.0
19,5.0,cell,QR_Q_P4_shared_energy,0.34141652256318894,25,25,1.0
19,5.0,cell,QR_Q_P4_purity,0.06828330451263775,25,25,1.0
19,5.0,cell,QR_Q_P4_capture,0.0853541306407972,25,25,1.0
19,5.0,cell,QR_Q_P4_expected_random_purity,0.04,25,25,1.0
19,5.0,cell,QR_Q_P4_expected_random_capture,0.05000000000000001,25,25,1.0
19,5.0,cell,QR_Q_P4_excess_purity,0.028283304512637747,25,25,1.0
19,5.0,cell,QR_Q_P4_excess_capture,0.035354130640797184,25,25,1.0
19,5.0,cell,QR_Q_P4_largest_canonical_correlation,0.45051335156277034,25,25,1.0
19,5.0,cell,QR_Q_P4_smallest_principal_angle,1.103441395069171,25,25,1.0
19,7.0,cell,UMP_Q_F_dim_U,2.68,25,25,1.0
19,7.0,cell,UMP_Q_F_dim_Q,5.0,25,25,1.0
19,7.0,cell,UMP_Q_F_shared_energy,0.00038099848082642795,25,25,1.0
19,7.0,cell,UMP_Q_F_purity,0.0001438384738509349,25,25,1.0
19,7.0,cell,UMP_Q_F_capture,7.619969616528513e-05,25,25,1.0
19,7.0,cell,UMP_Q_F_expected_random_purity,0.05000000000000001,25,25,1.0
19,7.0,cell,UMP_Q_F_expected_random_capture,0.0268,25,25,1.0
19,7.0,cell,UMP_Q_F_excess_purity,-0.04985616152614899,25,25,1.0
19,7.0,cell,UMP_Q_F_excess_capture,-0.02672380030383465,25,25,1.0
19,7.0,cell,UMP_Q_F_largest_canonical_correlation,0.014744321367293844,25,25,1.0
19,7.0,cell,UMP_Q_F_smallest_principal_angle,1.556051429918254,25,25,1.0
19,7.0,cell,U4_Q_F_dim_U,4.0,25,25,1.0
19,7.0,cell,U4_Q_F_dim_Q,5.0,25,25,1.0
19,7.0,cell,U4_Q_F_shared_energy,0.0005417429761137599,25,25,1.0
19,7.0,cell,U4_Q_F_purity,0.00013543574402839913,25,25,1.0
19,7.0,cell,U4_Q_F_capture,0.00010834859522273163,25,25,1.0
19,7.0,cell,U4_Q_F_expected_random_purity,0.05000000000000001,25,25,1.0
19,7.0,cell,U4_Q_F_expected_random_capture,0.04,25,25,1.0
19,7.0,cell,U4_Q_F_excess_purity,-0.04986456425597151,25,25,1.0
19,7.0,cell,U4_Q_F_excess_capture,-0.0398916514047772,25,25,1.0
19,7.0,cell,U4_Q_F_largest_canonical_correlation,0.01694240529116675,25,25,1.0
19,7.0,cell,U4_Q_F_smallest_principal_angle,1.553853088526609,25,25,1.0
19,7.0,cell,UMP_Q_F_unique_dim_U,2.68,25,25,1.0
19,7.0,cell,UMP_Q_F_unique_dim_Q,5.0,25,25,1.0
19,7.0,cell,UMP_Q_F_unique_shared_energy,0.011920726128454654,25,25,1.0
19,7.0,cell,UMP_Q_F_unique_purity,0.004600271165793171,25,25,1.0
19,7.0,cell,UMP_Q_F_unique_capture,0.002384145225690892,25,25,1.0
19,7.0,cell,UMP_Q_F_unique_expected_random_purity,0.05000000000000001,25,25,1.0
19,7.0,cell,UMP_Q_F_unique_expected_random_capture,0.0268,25,25,1.0
19,7.0,cell,UMP_Q_F_unique_excess_purity,-0.04539972883420673,25,25,1.0
19,7.0,cell,UMP_Q_F_unique_excess_capture,-0.024415854774309007,25,25,1.0
19,7.0,cell,UMP_Q_F_unique_largest_canonical_correlation,0.10003691389252875,25,25,1.0
19,7.0,cell,UMP_Q_F_unique_smallest_principal_angle,1.4705831264040166,25,25,1.0
19,7.0,cell,U4_Q_F_unique_dim_U,4.0,25,25,1.0
19,7.0,cell,U4_Q_F_unique_dim_Q,5.0,25,25,1.0
19,7.0,cell,U4_Q_F_unique_shared_energy,0.01483517808354885,25,25,1.0
19,7.0,cell,U4_Q_F_unique_purity,0.0037087945208871716,25,25,1.0
19,7.0,cell,U4_Q_F_unique_capture,0.0029670356167097317,25,25,1.0
19,7.0,cell,U4_Q_F_unique_expected_random_purity,0.05000000000000001,25,25,1.0
19,7.0,cell,U4_Q_F_unique_expected_random_capture,0.04,25,25,1.0
19,7.0,cell,U4_Q_F_unique_excess_purity,-0.04629120547911273,25,25,1.0
19,7.0,cell,U4_Q_F_unique_excess_capture,-0.03703296438329017,25,25,1.0
19,7.0,cell,U4_Q_F_unique_largest_canonical_correlation,0.10531492404400121,25,25,1.0
19,7.0,cell,U4_Q_F_unique_smallest_principal_angle,1.4652752528680009,25,25,1.0
19,7.0,cell,UMP_Q_C_dim_U,2.68,25,25,1.0
19,7.0,cell,UMP_Q_C_dim_Q,3.0,25,25,1.0
19,7.0,cell,UMP_Q_C_shared_energy,0.1377599705536216,25,25,1.0
19,7.0,cell,UMP_Q_C_purity,0.052803563710469875,25,25,1.0
19,7.0,cell,UMP_Q_C_capture,0.0459199901845405,25,25,1.0
19,7.0,cell,UMP_Q_C_expected_random_purity,0.03,25,25,1.0
19,7.0,cell,UMP_Q_C_expected_random_capture,0.0268,25,25,1.0
19,7.0,cell,UMP_Q_C_excess_purity,0.022803563710469873,25,25,1.0
19,7.0,cell,UMP_Q_C_excess_capture,0.0191199901845405,25,25,1.0
19,7.0,cell,UMP_Q_C_largest_canonical_correlation,0.3338082581600547,25,25,1.0
19,7.0,cell,UMP_Q_C_smallest_principal_angle,1.2302186679419496,25,25,1.0
19,7.0,cell,U4_Q_C_dim_U,4.0,25,25,1.0
19,7.0,cell,U4_Q_C_dim_Q,3.0,25,25,1.0
19,7.0,cell,U4_Q_C_shared_energy,0.17354228123697116,25,25,1.0
19,7.0,cell,U4_Q_C_purity,0.043385570309242755,25,25,1.0
19,7.0,cell,U4_Q_C_capture,0.05784742707899034,25,25,1.0
19,7.0,cell,U4_Q_C_expected_random_purity,0.03,25,25,1.0
19,7.0,cell,U4_Q_C_expected_random_capture,0.04,25,25,1.0
19,7.0,cell,U4_Q_C_excess_purity,0.013385570309242745,25,25,1.0
19,7.0,cell,U4_Q_C_excess_capture,0.017847427078990338,25,25,1.0
19,7.0,cell,U4_Q_C_largest_canonical_correlation,0.35036172528572357,25,25,1.0
19,7.0,cell,U4_Q_C_smallest_principal_angle,1.2125398737729582,25,25,1.0
19,7.0,cell,UMP_Q_C_unique_dim_U,2.68,25,25,1.0
19,7.0,cell,UMP_Q_C_unique_dim_Q,3.0,25,25,1.0
19,7.0,cell,UMP_Q_C_unique_shared_energy,0.14929969820124966,25,25,1.0
19,7.0,cell,UMP_Q_C_unique_purity,0.05725999640241205,25,25,1.0
19,7.0,cell,UMP_Q_C_unique_capture,0.04976656606708318,25,25,1.0
19,7.0,cell,UMP_Q_C_unique_expected_random_purity,0.03,25,25,1.0
19,7.0,cell,UMP_Q_C_unique_expected_random_capture,0.0268,25,25,1.0
19,7.0,cell,UMP_Q_C_unique_excess_purity,0.027259996402412053,25,25,1.0
19,7.0,cell,UMP_Q_C_unique_excess_capture,0.022966566067083184,25,25,1.0
19,7.0,cell,UMP_Q_C_unique_largest_canonical_correlation,0.3480109772220258,25,25,1.0
19,7.0,cell,UMP_Q_C_unique_smallest_principal_angle,1.2150631944825518,25,25,1.0
19,7.0,cell,U4_Q_C_unique_dim_U,4.0,25,25,1.0
19,7.0,cell,U4_Q_C_unique_dim_Q,3.0,25,25,1.0
19,7.0,cell,U4_Q_C_unique_shared_energy,0.187835716344406,25,25,1.0
19,7.0,cell,U4_Q_C_unique_purity,0.04695892908610146,25,25,1.0
19,7.0,cell,U4_Q_C_unique_capture,0.06261190544813532,25,25,1.0
19,7.0,cell,U4_Q_C_unique_expected_random_purity,0.03,25,25,1.0
19,7.0,cell,U4_Q_C_unique_expected_random_capture,0.04,25,25,1.0
19,7.0,cell,U4_Q_C_unique_excess_purity,0.01695892908610146,25,25,1.0
19,7.0,cell,U4_Q_C_unique_excess_capture,0.022611905448135308,25,25,1.0
19,7.0,cell,U4_Q_C_unique_largest_canonical_correlation,0.365240678456299,25,25,1.0
19,7.0,cell,U4_Q_C_unique_smallest_principal_angle,1.1965442417615955,25,25,1.0
19,7.0,cell,UMP_Q_C_full_dim_U,2.68,25,25,1.0
19,7.0,cell,UMP_Q_C_full_dim_Q,4.0,25,25,1.0
19,7.0,cell,UMP_Q_C_full_shared_energy,0.18571327790924508,25,25,1.0
19,7.0,cell,UMP_Q_C_full_purity,0.07152536172361314,25,25,1.0
19,7.0,cell,UMP_Q_C_full_capture,0.04642831947731123,25,25,1.0
19,7.0,cell,UMP_Q_C_full_expected_random_purity,0.04,25,25,1.0
19,7.0,cell,UMP_Q_C_full_expected_random_capture,0.0268,25,25,1.0
19,7.0,cell,UMP_Q_C_full_excess_purity,0.03152536172361316,25,25,1.0
19,7.0,cell,UMP_Q_C_full_excess_capture,0.019628319477311234,25,25,1.0
19,7.0,cell,UMP_Q_C_full_largest_canonical_correlation,0.3913391717107169,25,25,1.0
19,7.0,cell,UMP_Q_C_full_smallest_principal_angle,1.1683584100985807,25,25,1.0
19,7.0,cell,U4_Q_C_full_dim_U,4.0,25,25,1.0
19,7.0,cell,U4_Q_C_full_dim_Q,4.0,25,25,1.0
19,7.0,cell,U4_Q_C_full_shared_energy,0.23510871446206064,25,25,1.0
19,7.0,cell,U4_Q_C_full_purity,0.058777178615515124,25,25,1.0
19,7.0,cell,U4_Q_C_full_capture,0.058777178615515124,25,25,1.0
19,7.0,cell,U4_Q_C_full_expected_random_purity,0.04,25,25,1.0
19,7.0,cell,U4_Q_C_full_expected_random_capture,0.04,25,25,1.0
19,7.0,cell,U4_Q_C_full_excess_purity,0.018777178615515124,25,25,1.0
19,7.0,cell,U4_Q_C_full_excess_capture,0.018777178615515124,25,25,1.0
19,7.0,cell,U4_Q_C_full_largest_canonical_correlation,0.4156345442515629,25,25,1.0
19,7.0,cell,U4_Q_C_full_smallest_principal_angle,1.1417581290600438,25,25,1.0
19,7.0,cell,UMP_Q_P4_dim_U,2.68,25,25,1.0
19,7.0,cell,UMP_Q_P4_dim_Q,4.0,25,25,1.0
19,7.0,cell,UMP_Q_P4_shared_energy,0.22308006166851135,25,25,1.0
19,7.0,cell,UMP_Q_P4_purity,0.08562011059281328,25,25,1.0
19,7.0,cell,UMP_Q_P4_capture,0.055770015417127804,25,25,1.0
19,7.0,cell,UMP_Q_P4_expected_random_purity,0.04,25,25,1.0
19,7.0,cell,UMP_Q_P4_expected_random_capture,0.0268,25,25,1.0
19,7.0,cell,UMP_Q_P4_excess_purity,0.04562011059281329,25,25,1.0
19,7.0,cell,UMP_Q_P4_excess_capture,0.028970015417127813,25,25,1.0
19,7.0,cell,UMP_Q_P4_largest_canonical_correlation,0.4368211048367461,25,25,1.0
19,7.0,cell,UMP_Q_P4_smallest_principal_angle,1.1183383101757622,25,25,1.0
19,7.0,cell,U4_Q_P4_dim_U,4.0,25,25,1.0
19,7.0,cell,U4_Q_P4_dim_Q,4.0,25,25,1.0
19,7.0,cell,U4_Q_P4_shared_energy,0.27539528597783325,25,25,1.0
19,7.0,cell,U4_Q_P4_purity,0.06884882149445827,25,25,1.0
19,7.0,cell,U4_Q_P4_capture,0.06884882149445827,25,25,1.0
19,7.0,cell,U4_Q_P4_expected_random_purity,0.04,25,25,1.0
19,7.0,cell,U4_Q_P4_expected_random_capture,0.04,25,25,1.0
19,7.0,cell,U4_Q_P4_excess_purity,0.02884882149445827,25,25,1.0
19,7.0,cell,U4_Q_P4_excess_capture,0.02884882149445827,25,25,1.0
19,7.0,cell,U4_Q_P4_largest_canonical_correlation,0.4629118817469348,25,25,1.0
19,7.0,cell,U4_Q_P4_smallest_principal_angle,1.0890591683657127,25,25,1.0
19,7.0,cell,QR_Q_F_dim_U,7.0,25,25,1.0
19,7.0,cell,QR_Q_F_dim_Q,5.0,25,25,1.0
19,7.0,cell,QR_Q_F_shared_energy,4.988101830744711,25,25,1.0
19,7.0,cell,QR_Q_F_purity,0.712585975820673,25,25,1.0
19,7.0,cell,QR_Q_F_capture,0.9976203661489421,25,25,1.0
19,7.0,cell,QR_Q_F_expected_random_purity,0.05000000000000001,25,25,1.0
19,7.0,cell,QR_Q_F_expected_random_capture,0.07,25,25,1.0
19,7.0,cell,QR_Q_F_excess_purity,0.6625859758206728,25,25,1.0
19,7.0,cell,QR_Q_F_excess_capture,0.9276203661489422,25,25,1.0
19,7.0,cell,QR_Q_F_largest_canonical_correlation,0.9995803467277656,25,25,1.0
19,7.0,cell,QR_Q_F_smallest_principal_angle,0.02894678808897815,25,25,1.0
19,7.0,cell,QR_Q_C_dim_U,7.0,25,25,1.0
19,7.0,cell,QR_Q_C_dim_Q,3.0,25,25,1.0
19,7.0,cell,QR_Q_C_shared_energy,1.4842050794890236,25,25,1.0
19,7.0,cell,QR_Q_C_purity,0.21202929706986043,25,25,1.0
19,7.0,cell,QR_Q_C_capture,0.49473502649634116,25,25,1.0
19,7.0,cell,QR_Q_C_expected_random_purity,0.03,25,25,1.0
19,7.0,cell,QR_Q_C_expected_random_capture,0.07,25,25,1.0
19,7.0,cell,QR_Q_C_excess_purity,0.18202929706986043,25,25,1.0
19,7.0,cell,QR_Q_C_excess_capture,0.42473502649634115,25,25,1.0
19,7.0,cell,QR_Q_C_largest_canonical_correlation,0.97387246281262,25,25,1.0
19,7.0,cell,QR_Q_C_smallest_principal_angle,0.22879346828342847,25,25,1.0
19,7.0,cell,QR_Q_C_unique_dim_U,7.0,25,25,1.0
19,7.0,cell,QR_Q_C_unique_dim_Q,3.0,25,25,1.0
19,7.0,cell,QR_Q_C_unique_shared_energy,1.3358109389409285,25,25,1.0
19,7.0,cell,QR_Q_C_unique_purity,0.19083013413441832,25,25,1.0
19,7.0,cell,QR_Q_C_unique_capture,0.4452703129803094,25,25,1.0
19,7.0,cell,QR_Q_C_unique_expected_random_purity,0.03,25,25,1.0
19,7.0,cell,QR_Q_C_unique_expected_random_capture,0.07,25,25,1.0
19,7.0,cell,QR_Q_C_unique_excess_purity,0.1608301341344183,25,25,1.0
19,7.0,cell,QR_Q_C_unique_excess_capture,0.37527031298030944,25,25,1.0
19,7.0,cell,QR_Q_C_unique_largest_canonical_correlation,0.9719712809191123,25,25,1.0
19,7.0,cell,QR_Q_C_unique_smallest_principal_angle,0.23698738148512952,25,25,1.0
19,7.0,cell,QR_Q_C_full_dim_U,7.0,25,25,1.0
19,7.0,cell,QR_Q_C_full_dim_Q,4.0,25,25,1.0
19,7.0,cell,QR_Q_C_full_shared_energy,2.0281412914849795,25,25,1.0
19,7.0,cell,QR_Q_C_full_purity,0.28973447021213994,25,25,1.0
19,7.0,cell,QR_Q_C_full_capture,0.5070353228712449,25,25,1.0
19,7.0,cell,QR_Q_C_full_expected_random_purity,0.04,25,25,1.0
19,7.0,cell,QR_Q_C_full_expected_random_capture,0.07,25,25,1.0
19,7.0,cell,QR_Q_C_full_excess_purity,0.24973447021213996,25,25,1.0
19,7.0,cell,QR_Q_C_full_excess_capture,0.43703532287124497,25,25,1.0
19,7.0,cell,QR_Q_C_full_largest_canonical_correlation,0.9763856910895429,25,25,1.0
19,7.0,cell,QR_Q_C_full_smallest_principal_angle,0.2172741985191134,25,25,1.0
19,7.0,cell,QR_Q_P4_dim_U,7.0,25,25,1.0
19,7.0,cell,QR_Q_P4_dim_Q,4.0,25,25,1.0
19,7.0,cell,QR_Q_P4_shared_energy,2.0851509709209166,25,25,1.0
19,7.0,cell,QR_Q_P4_purity,0.29787871013155953,25,25,1.0
19,7.0,cell,QR_Q_P4_capture,0.5212877427302292,25,25,1.0
19,7.0,cell,QR_Q_P4_expected_random_purity,0.04,25,25,1.0
19,7.0,cell,QR_Q_P4_expected_random_capture,0.07,25,25,1.0
19,7.0,cell,QR_Q_P4_excess_purity,0.25787871013155955,25,25,1.0
19,7.0,cell,QR_Q_P4_excess_capture,0.4512877427302292,25,25,1.0
19,7.0,cell,QR_Q_P4_largest_canonical_correlation,0.9859170505234431,25,25,1.0
19,7.0,cell,QR_Q_P4_smallest_principal_angle,0.16712740914771873,25,25,1.0
0,,matched,Qmissing3_Q_F_dim_U,2.0,25,25,1.0
0,,matched,Qmissing3_Q_F_dim_Q,5.0,25,25,1.0
0,,matched,Qmissing3_Q_F_shared_energy,1.9841247761733598,25,25,1.0
0,,matched,Qmissing3_Q_F_purity,0.9920623880866799,25,25,1.0
0,,matched,Qmissing3_Q_F_capture,0.3968249552346719,25,25,1.0
0,,matched,Qmissing3_Q_F_expected_random_purity,0.05000000000000001,25,25,1.0
0,,matched,Qmissing3_Q_F_expected_random_capture,0.02,25,25,1.0
0,,matched,Qmissing3_Q_F_excess_purity,0.9420623880866797,25,25,1.0
0,,matched,Qmissing3_Q_F_excess_capture,0.3768249552346719,25,25,1.0
0,,matched,Qmissing3_Q_F_largest_canonical_correlation,0.9976188355258622,25,25,1.0
0,,matched,Qmissing3_Q_F_smallest_principal_angle,0.06820590032807977,25,25,1.0
0,,matched,Qmissing3_Q_F_unique_dim_U,2.0,25,25,1.0
0,,matched,Qmissing3_Q_F_unique_dim_Q,5.0,25,25,1.0
0,,matched,Qmissing3_Q_F_unique_shared_energy,1.8501175877601028,25,25,1.0
0,,matched,Qmissing3_Q_F_unique_purity,0.9250587938800514,25,25,1.0
0,,matched,Qmissing3_Q_F_unique_capture,0.3700235175520205,25,25,1.0
0,,matched,Qmissing3_Q_F_unique_expected_random_purity,0.05000000000000001,25,25,1.0
0,,matched,Qmissing3_Q_F_unique_expected_random_capture,0.02,25,25,1.0
0,,matched,Qmissing3_Q_F_unique_excess_purity,0.8750587938800513,25,25,1.0
0,,matched,Qmissing3_Q_F_unique_excess_capture,0.3500235175520205,25,25,1.0
0,,matched,Qmissing3_Q_F_unique_largest_canonical_correlation,0.9885558559176647,25,25,1.0
0,,matched,Qmissing3_Q_F_unique_smallest_principal_angle,0.15127039818345367,25,25,1.0
0,,matched,Qmissing3_Q_C_dim_U,2.0,25,25,1.0
0,,matched,Qmissing3_Q_C_dim_Q,3.0,25,25,1.0
0,,matched,Qmissing3_Q_C_shared_energy,0.141759365860896,25,25,1.0
0,,matched,Qmissing3_Q_C_purity,0.07087968293044797,25,25,1.0
0,,matched,Qmissing3_Q_C_capture,0.047253121953631974,25,25,1.0
0,,matched,Qmissing3_Q_C_expected_random_purity,0.03,25,25,1.0
0,,matched,Qmissing3_Q_C_expected_random_capture,0.02,25,25,1.0
0,,matched,Qmissing3_Q_C_excess_purity,0.04087968293044798,25,25,1.0
0,,matched,Qmissing3_Q_C_excess_capture,0.027253121953631974,25,25,1.0
0,,matched,Qmissing3_Q_C_largest_canonical_correlation,0.34922542637490767,25,25,1.0
0,,matched,Qmissing3_Q_C_smallest_principal_angle,1.2140305053514024,25,25,1.0
0,,matched,Qmissing3_Q_C_unique_dim_U,2.0,25,25,1.0
0,,matched,Qmissing3_Q_C_unique_dim_Q,3.0,25,25,1.0
0,,matched,Qmissing3_Q_C_unique_shared_energy,0.007752177447639579,25,25,1.0
0,,matched,Qmissing3_Q_C_unique_purity,0.003876088723819772,25,25,1.0
0,,matched,Qmissing3_Q_C_unique_capture,0.002584059149213152,25,25,1.0
0,,matched,Qmissing3_Q_C_unique_expected_random_purity,0.03,25,25,1.0
0,,matched,Qmissing3_Q_C_unique_expected_random_capture,0.02,25,25,1.0
0,,matched,Qmissing3_Q_C_unique_excess_purity,-0.026123911276180127,25,25,1.0
0,,matched,Qmissing3_Q_C_unique_excess_capture,-0.01741594085078675,25,25,1.0
0,,matched,Qmissing3_Q_C_unique_largest_canonical_correlation,0.08561923956261344,25,25,1.0
0,,matched,Qmissing3_Q_C_unique_smallest_principal_angle,1.4850664289579996,25,25,1.0
0,,matched,Qmissing3_Q_P4_dim_U,2.0,25,25,1.0
0,,matched,Qmissing3_Q_P4_dim_Q,4.0,25,25,1.0
0,,matched,Qmissing3_Q_P4_shared_energy,0.1393598708563864,25,25,1.0
0,,matched,Qmissing3_Q_P4_purity,0.06967993542819319,25,25,1.0
0,,matched,Qmissing3_Q_P4_capture,0.03483996771409658,25,25,1.0
0,,matched,Qmissing3_Q_P4_expected_random_purity,0.04,25,25,1.0
0,,matched,Qmissing3_Q_P4_expected_random_capture,0.02,25,25,1.0
0,,matched,Qmissing3_Q_P4_excess_purity,0.029679935428193197,25,25,1.0
0,,matched,Qmissing3_Q_P4_excess_capture,0.014839967714096578,25,25,1.0
0,,matched,Qmissing3_Q_P4_largest_canonical_correlation,0.34629203853923424,25,25,1.0
0,,matched,Qmissing3_Q_P4_smallest_principal_angle,1.2171602498000338,25,25,1.0
0,,matched,Qextra7_Q_C_dim_U,2.0,25,25,1.0
0,,matched,Qextra7_Q_C_dim_Q,3.0,25,25,1.0
0,,matched,Qextra7_Q_C_shared_energy,1.1923221480410466,25,25,1.0
0,,matched,Qextra7_Q_C_purity,0.5961610740205233,25,25,1.0
0,,matched,Qextra7_Q_C_capture,0.39744071601368214,25,25,1.0
0,,matched,Qextra7_Q_C_expected_random_purity,0.03,25,25,1.0
0,,matched,Qextra7_Q_C_expected_random_capture,0.02,25,25,1.0
0,,matched,Qextra7_Q_C_excess_purity,0.5661610740205233,25,25,1.0
0,,matched,Qextra7_Q_C_excess_capture,0.3774407160136821,25,25,1.0
0,,matched,Qextra7_Q_C_largest_canonical_correlation,0.9146108775906794,25,25,1.0
0,,matched,Qextra7_Q_C_smallest_principal_angle,0.4161994619500443,25,25,1.0
0,,matched,Qextra7_Q_C_unique_dim_U,2.0,25,25,1.0
0,,matched,Qextra7_Q_C_unique_dim_Q,3.0,25,25,1.0
0,,matched,Qextra7_Q_C_unique_shared_energy,1.3424930873917225,25,25,1.0
0,,matched,Qextra7_Q_C_unique_purity,0.6712465436958612,25,25,1.0
0,,matched,Qextra7_Q_C_unique_capture,0.44749769579724075,25,25,1.0
0,,matched,Qextra7_Q_C_unique_expected_random_purity,0.03,25,25,1.0
0,,matched,Qextra7_Q_C_unique_expected_random_capture,0.02,25,25,1.0
0,,matched,Qextra7_Q_C_unique_excess_purity,0.6412465436958611,25,25,1.0
0,,matched,Qextra7_Q_C_unique_excess_capture,0.42749769579724073,25,25,1.0
0,,matched,Qextra7_Q_C_unique_largest_canonical_correlation,0.9781349459368927,25,25,1.0
0,,matched,Qextra7_Q_C_unique_smallest_principal_angle,0.20943556495292615,25,25,1.0
0,,matched,Qextra7_Q_C_full_dim_U,2.0,25,25,1.0
0,,matched,Qextra7_Q_C_full_dim_Q,4.0,25,25,1.0
0,,matched,Qextra7_Q_C_full_shared_energy,1.753016248967043,25,25,1.0
0,,matched,Qextra7_Q_C_full_purity,0.8765081244835214,25,25,1.0
0,,matched,Qextra7_Q_C_full_capture,0.4382540622417607,25,25,1.0
0,,matched,Qextra7_Q_C_full_expected_random_purity,0.04,25,25,1.0
0,,matched,Qextra7_Q_C_full_expected_random_capture,0.02,25,25,1.0
0,,matched,Qextra7_Q_C_full_excess_purity,0.8365081244835214,25,25,1.0
0,,matched,Qextra7_Q_C_full_excess_capture,0.4182540622417607,25,25,1.0
0,,matched,Qextra7_Q_C_full_largest_canonical_correlation,0.96396251747486,25,25,1.0
0,,matched,Qextra7_Q_C_full_smallest_principal_angle,0.2692218901222027,25,25,1.0
0,,matched,Qextra7_Q_P4_dim_U,2.0,25,25,1.0
0,,matched,Qextra7_Q_P4_dim_Q,4.0,25,25,1.0
0,,matched,Qextra7_Q_P4_shared_energy,1.7969201614458923,25,25,1.0
0,,matched,Qextra7_Q_P4_purity,0.8984600807229461,25,25,1.0
0,,matched,Qextra7_Q_P4_capture,0.44923004036147307,25,25,1.0
0,,matched,Qextra7_Q_P4_expected_random_purity,0.04,25,25,1.0
0,,matched,Qextra7_Q_P4_expected_random_capture,0.02,25,25,1.0
0,,matched,Qextra7_Q_P4_excess_purity,0.8584600807229461,25,25,1.0
0,,matched,Qextra7_Q_P4_excess_capture,0.42923004036147305,25,25,1.0
0,,matched,Qextra7_Q_P4_largest_canonical_correlation,0.9783293316533779,25,25,1.0
0,,matched,Qextra7_Q_P4_smallest_principal_angle,0.2084459099673714,25,25,1.0
0,,matched,Qextra7_Q_F_dim_U,2.0,25,25,1.0
0,,matched,Qextra7_Q_F_dim_Q,5.0,25,25,1.0
0,,matched,Qextra7_Q_F_shared_energy,0.011777603076262808,25,25,1.0
0,,matched,Qextra7_Q_F_purity,0.00588880153813138,25,25,1.0
0,,matched,Qextra7_Q_F_capture,0.002355520615252516,25,25,1.0
0,,matched,Qextra7_Q_F_expected_random_purity,0.05000000000000001,25,25,1.0
0,,matched,Qextra7_Q_F_expected_random_capture,0.02,25,25,1.0
0,,matched,Qextra7_Q_F_excess_purity,-0.04411119846186853,25,25,1.0
0,,matched,Qextra7_Q_F_excess_capture,-0.017644479384747384,25,25,1.0
0,,matched,Qextra7_Q_F_largest_canonical_correlation,0.10228648652052225,25,25,1.0
0,,matched,Qextra7_Q_F_smallest_principal_angle,1.4683266331526905,25,25,1.0
1,,matched,Qmissing3_Q_F_dim_U,2.0,25,25,1.0
1,,matched,Qmissing3_Q_F_dim_Q,5.0,25,25,1.0
1,,matched,Qmissing3_Q_F_shared_energy,1.9902993716817674,25,25,1.0
1,,matched,Qmissing3_Q_F_purity,0.9951496858408837,25,25,1.0
1,,matched,Qmissing3_Q_F_capture,0.3980598743363534,25,25,1.0
1,,matched,Qmissing3_Q_F_expected_random_purity,0.05000000000000001,25,25,1.0
1,,matched,Qmissing3_Q_F_expected_random_capture,0.02,25,25,1.0
1,,matched,Qmissing3_Q_F_excess_purity,0.9451496858408837,25,25,1.0
1,,matched,Qmissing3_Q_F_excess_capture,0.37805987433635346,25,25,1.0
1,,matched,Qmissing3_Q_F_largest_canonical_correlation,0.9984646579690222,25,25,1.0
1,,matched,Qmissing3_Q_F_smallest_principal_angle,0.05500859334996127,25,25,1.0
1,,matched,Qmissing3_Q_F_unique_dim_U,2.0,25,25,1.0
1,,matched,Qmissing3_Q_F_unique_dim_Q,5.0,25,25,1.0
1,,matched,Qmissing3_Q_F_unique_shared_energy,1.9515846655930467,25,25,1.0
1,,matched,Qmissing3_Q_F_unique_purity,0.9757923327965233,25,25,1.0
1,,matched,Qmissing3_Q_F_unique_capture,0.3903169331186092,25,25,1.0
1,,matched,Qmissing3_Q_F_unique_expected_random_purity,0.05000000000000001,25,25,1.0
1,,matched,Qmissing3_Q_F_unique_expected_random_capture,0.02,25,25,1.0
1,,matched,Qmissing3_Q_F_unique_excess_purity,0.9257923327965232,25,25,1.0
1,,matched,Qmissing3_Q_F_unique_excess_capture,0.3703169331186092,25,25,1.0
1,,matched,Qmissing3_Q_F_unique_largest_canonical_correlation,0.9960238653157351,25,25,1.0
1,,matched,Qmissing3_Q_F_unique_smallest_principal_angle,0.08903494504725183,25,25,1.0
1,,matched,Qmissing3_Q_C_dim_U,2.0,25,25,1.0
1,,matched,Qmissing3_Q_C_dim_Q,3.0,25,25,1.0
1,,matched,Qmissing3_Q_C_shared_energy,0.03970306651101471,25,25,1.0
1,,matched,Qmissing3_Q_C_purity,0.019851533255507318,25,25,1.0
1,,matched,Qmissing3_Q_C_capture,0.013234355503671545,25,25,1.0
1,,matched,Qmissing3_Q_C_expected_random_purity,0.03,25,25,1.0
1,,matched,Qmissing3_Q_C_expected_random_capture,0.02,25,25,1.0
1,,matched,Qmissing3_Q_C_excess_purity,-0.010148466744492603,25,25,1.0
1,,matched,Qmissing3_Q_C_excess_capture,-0.006765644496328379,25,25,1.0
1,,matched,Qmissing3_Q_C_largest_canonical_correlation,0.1851634388218036,25,25,1.0
1,,matched,Qmissing3_Q_C_smallest_principal_angle,1.3842161446022856,25,25,1.0
1,,matched,Qmissing3_Q_C_unique_dim_U,2.0,25,25,1.0
1,,matched,Qmissing3_Q_C_unique_dim_Q,3.0,25,25,1.0
1,,matched,Qmissing3_Q_C_unique_shared_energy,0.000988360422294228,25,25,1.0
1,,matched,Qmissing3_Q_C_unique_purity,0.0004941802111470841,25,25,1.0
1,,matched,Qmissing3_Q_C_unique_capture,0.0003294534740980562,25,25,1.0
1,,matched,Qmissing3_Q_C_unique_expected_random_purity,0.03,25,25,1.0
1,,matched,Qmissing3_Q_C_unique_expected_random_capture,0.02,25,25,1.0
1,,matched,Qmissing3_Q_C_unique_excess_purity,-0.02950581978885282,25,25,1.0
1,,matched,Qmissing3_Q_C_unique_excess_capture,-0.019670546525901847,25,25,1.0
1,,matched,Qmissing3_Q_C_unique_largest_canonical_correlation,0.026511120630210286,25,25,1.0
1,,matched,Qmissing3_Q_C_unique_smallest_principal_angle,1.5442807677358008,25,25,1.0
1,,matched,Qmissing3_Q_P4_dim_U,2.0,25,25,1.0
1,,matched,Qmissing3_Q_P4_dim_Q,4.0,25,25,1.0
1,,matched,Qmissing3_Q_P4_shared_energy,0.03702314001161126,25,25,1.0
1,,matched,Qmissing3_Q_P4_purity,0.01851157000580561,25,25,1.0
1,,matched,Qmissing3_Q_P4_capture,0.009255785002902774,25,25,1.0
1,,matched,Qmissing3_Q_P4_expected_random_purity,0.04,25,25,1.0
1,,matched,Qmissing3_Q_P4_expected_random_capture,0.02,25,25,1.0
1,,matched,Qmissing3_Q_P4_excess_purity,-0.021488429994194296,25,25,1.0
1,,matched,Qmissing3_Q_P4_excess_capture,-0.010744214997097126,25,25,1.0
1,,matched,Qmissing3_Q_P4_largest_canonical_correlation,0.17818538202922732,25,25,1.0
1,,matched,Qmissing3_Q_P4_smallest_principal_angle,1.3913434566187128,25,25,1.0
1,,matched,Qextra7_Q_C_dim_U,2.0,25,25,1.0
1,,matched,Qextra7_Q_C_dim_Q,3.0,25,25,1.0
1,,matched,Qextra7_Q_C_shared_energy,1.2959947685459883,25,25,1.0
1,,matched,Qextra7_Q_C_purity,0.6479973842729941,25,25,1.0
1,,matched,Qextra7_Q_C_capture,0.4319982561819961,25,25,1.0
1,,matched,Qextra7_Q_C_expected_random_purity,0.03,25,25,1.0
1,,matched,Qextra7_Q_C_expected_random_capture,0.02,25,25,1.0
1,,matched,Qextra7_Q_C_excess_purity,0.6179973842729941,25,25,1.0
1,,matched,Qextra7_Q_C_excess_capture,0.4119982561819961,25,25,1.0
1,,matched,Qextra7_Q_C_largest_canonical_correlation,0.9501472184826266,25,25,1.0
1,,matched,Qextra7_Q_C_smallest_principal_angle,0.31703421402406645,25,25,1.0
1,,matched,Qextra7_Q_C_unique_dim_U,2.0,25,25,1.0
1,,matched,Qextra7_Q_C_unique_dim_Q,3.0,25,25,1.0
1,,matched,Qextra7_Q_C_unique_shared_energy,1.3783339534309653,25,25,1.0
1,,matched,Qextra7_Q_C_unique_purity,0.6891669767154827,25,25,1.0
1,,matched,Qextra7_Q_C_unique_capture,0.45944465114365507,25,25,1.0
1,,matched,Qextra7_Q_C_unique_expected_random_purity,0.03,25,25,1.0
1,,matched,Qextra7_Q_C_unique_expected_random_capture,0.02,25,25,1.0
1,,matched,Qextra7_Q_C_unique_excess_purity,0.6591669767154825,25,25,1.0
1,,matched,Qextra7_Q_C_unique_excess_capture,0.43944465114365505,25,25,1.0
1,,matched,Qextra7_Q_C_unique_largest_canonical_correlation,0.978871350579474,25,25,1.0
1,,matched,Qextra7_Q_C_unique_smallest_principal_angle,0.20559500018977858,25,25,1.0
1,,matched,Qextra7_Q_C_full_dim_U,2.0,25,25,1.0
1,,matched,Qextra7_Q_C_full_dim_Q,4.0,25,25,1.0
1,,matched,Qextra7_Q_C_full_shared_energy,1.8321947007794122,25,25,1.0
1,,matched,Qextra7_Q_C_full_purity,0.9160973503897061,25,25,1.0
1,,matched,Qextra7_Q_C_full_capture,0.458048675194853,25,25,1.0
1,,matched,Qextra7_Q_C_full_expected_random_purity,0.04,25,25,1.0
1,,matched,Qextra7_Q_C_full_expected_random_capture,0.02,25,25,1.0
1,,matched,Qextra7_Q_C_full_excess_purity,0.8760973503897062,25,25,1.0
1,,matched,Qextra7_Q_C_full_excess_capture,0.4380486751948531,25,25,1.0
1,,matched,Qextra7_Q_C_full_largest_canonical_correlation,0.9653001980850591,25,25,1.0
1,,matched,Qextra7_Q_C_full_smallest_principal_angle,0.2641292140995186,25,25,1.0
1,,matched,Qextra7_Q_P4_dim_U,2.0,25,25,1.0
1,,matched,Qextra7_Q_P4_dim_Q,4.0,25,25,1.0
1,,matched,Qextra7_Q_P4_shared_energy,1.8793183316840267,25,25,1.0
1,,matched,Qextra7_Q_P4_purity,0.9396591658420134,25,25,1.0
1,,matched,Qextra7_Q_P4_capture,0.4698295829210067,25,25,1.0
1,,matched,Qextra7_Q_P4_expected_random_purity,0.04,25,25,1.0
1,,matched,Qextra7_Q_P4_expected_random_capture,0.02,25,25,1.0
1,,matched,Qextra7_Q_P4_excess_purity,0.8996591658420133,25,25,1.0
1,,matched,Qextra7_Q_P4_excess_capture,0.44982958292100667,25,25,1.0
1,,matched,Qextra7_Q_P4_largest_canonical_correlation,0.9794151732742269,25,25,1.0
1,,matched,Qextra7_Q_P4_smallest_principal_angle,0.20319697629598368,25,25,1.0
1,,matched,Qextra7_Q_F_dim_U,2.0,25,25,1.0
1,,matched,Qextra7_Q_F_dim_Q,5.0,25,25,1.0
1,,matched,Qextra7_Q_F_shared_energy,0.00235744886643702,25,25,1.0
1,,matched,Qextra7_Q_F_purity,0.001178724433218476,25,25,1.0
1,,matched,Qextra7_Q_F_capture,0.00047148977328736005,25,25,1.0
1,,matched,Qextra7_Q_F_expected_random_purity,0.05000000000000001,25,25,1.0
1,,matched,Qextra7_Q_F_expected_random_capture,0.02,25,25,1.0
1,,matched,Qextra7_Q_F_excess_purity,-0.04882127556678143,25,25,1.0
1,,matched,Qextra7_Q_F_excess_capture,-0.019528510226712547,25,25,1.0
1,,matched,Qextra7_Q_F_largest_canonical_correlation,0.042684303535842245,25,25,1.0
1,,matched,Qextra7_Q_F_smallest_principal_angle,1.5280976307494865,25,25,1.0
2,,matched,Qmissing3_Q_F_dim_U,2.0,25,25,1.0
2,,matched,Qmissing3_Q_F_dim_Q,5.0,25,25,1.0
2,,matched,Qmissing3_Q_F_shared_energy,1.986027616130917,25,25,1.0
2,,matched,Qmissing3_Q_F_purity,0.9930138080654585,25,25,1.0
2,,matched,Qmissing3_Q_F_capture,0.3972055232261834,25,25,1.0
2,,matched,Qmissing3_Q_F_expected_random_purity,0.05000000000000001,25,25,1.0
2,,matched,Qmissing3_Q_F_expected_random_capture,0.02,25,25,1.0
2,,matched,Qmissing3_Q_F_excess_purity,0.9430138080654583,25,25,1.0
2,,matched,Qmissing3_Q_F_excess_capture,0.3772055232261834,25,25,1.0
2,,matched,Qmissing3_Q_F_largest_canonical_correlation,0.9975342814233633,25,25,1.0
2,,matched,Qmissing3_Q_F_smallest_principal_angle,0.07006179852641081,25,25,1.0
2,,matched,Qmissing3_Q_F_unique_dim_U,2.0,25,25,1.0
2,,matched,Qmissing3_Q_F_unique_dim_Q,5.0,25,25,1.0
2,,matched,Qmissing3_Q_F_unique_shared_energy,1.8224082633623113,25,25,1.0
2,,matched,Qmissing3_Q_F_unique_purity,0.9112041316811557,25,25,1.0
2,,matched,Qmissing3_Q_F_unique_capture,0.3644816526724623,25,25,1.0
2,,matched,Qmissing3_Q_F_unique_expected_random_purity,0.05000000000000001,25,25,1.0
2,,matched,Qmissing3_Q_F_unique_expected_random_capture,0.02,25,25,1.0
2,,matched,Qmissing3_Q_F_unique_excess_purity,0.8612041316811556,25,25,1.0
2,,matched,Qmissing3_Q_F_unique_excess_capture,0.34448165267246217,25,25,1.0
2,,matched,Qmissing3_Q_F_unique_largest_canonical_correlation,0.9807960471711334,25,25,1.0
2,,matched,Qmissing3_Q_F_unique_smallest_principal_angle,0.19620414704117647,25,25,1.0
2,,matched,Qmissing3_Q_C_dim_U,2.0,25,25,1.0
2,,matched,Qmissing3_Q_C_dim_Q,3.0,25,25,1.0
2,,matched,Qmissing3_Q_C_shared_energy,0.16743509696538011,25,25,1.0
2,,matched,Qmissing3_Q_C_purity,0.08371754848269004,25,25,1.0
2,,matched,Qmissing3_Q_C_capture,0.055811698988460015,25,25,1.0
2,,matched,Qmissing3_Q_C_expected_random_purity,0.03,25,25,1.0
2,,matched,Qmissing3_Q_C_expected_random_capture,0.02,25,25,1.0
2,,matched,Qmissing3_Q_C_excess_purity,0.05371754848269003,25,25,1.0
2,,matched,Qmissing3_Q_C_excess_capture,0.03581169898846001,25,25,1.0
2,,matched,Qmissing3_Q_C_largest_canonical_correlation,0.3686751694742334,25,25,1.0
2,,matched,Qmissing3_Q_C_smallest_principal_angle,1.193167027778757,25,25,1.0
2,,matched,Qmissing3_Q_C_unique_dim_U,2.0,25,25,1.0
2,,matched,Qmissing3_Q_C_unique_dim_Q,3.0,25,25,1.0
2,,matched,Qmissing3_Q_C_unique_shared_energy,0.0038157441967747,25,25,1.0
2,,matched,Qmissing3_Q_C_unique_purity,0.001907872098387324,25,25,1.0
2,,matched,Qmissing3_Q_C_unique_capture,0.0012719147322581962,25,25,1.0
2,,matched,Qmissing3_Q_C_unique_expected_random_purity,0.03,25,25,1.0
2,,matched,Qmissing3_Q_C_unique_expected_random_capture,0.02,25,25,1.0
2,,matched,Qmissing3_Q_C_unique_excess_purity,-0.028092127901612578,25,25,1.0
2,,matched,Qmissing3_Q_C_unique_excess_capture,-0.01872808526774171,25,25,1.0
2,,matched,Qmissing3_Q_C_unique_largest_canonical_correlation,0.055987046784054535,25,25,1.0
2,,matched,Qmissing3_Q_C_unique_smallest_principal_angle,1.5147781069705595,25,25,1.0
2,,matched,Qmissing3_Q_P4_dim_U,2.0,25,25,1.0
2,,matched,Qmissing3_Q_P4_dim_Q,4.0,25,25,1.0
2,,matched,Qmissing3_Q_P4_shared_energy,0.1808324166328891,25,25,1.0
2,,matched,Qmissing3_Q_P4_purity,0.09041620831644454,25,25,1.0
2,,matched,Qmissing3_Q_P4_capture,0.04520810415822224,25,25,1.0
2,,matched,Qmissing3_Q_P4_expected_random_purity,0.04,25,25,1.0
2,,matched,Qmissing3_Q_P4_expected_random_capture,0.02,25,25,1.0
2,,matched,Qmissing3_Q_P4_excess_purity,0.05041620831644449,25,25,1.0
2,,matched,Qmissing3_Q_P4_excess_capture,0.025208104158222226,25,25,1.0
2,,matched,Qmissing3_Q_P4_largest_canonical_correlation,0.36701465297557695,25,25,1.0
2,,matched,Qmissing3_Q_P4_smallest_principal_angle,1.1949685241783021,25,25,1.0
2,,matched,Qextra7_Q_C_dim_U,2.0,25,25,1.0
2,,matched,Qextra7_Q_C_dim_Q,3.0,25,25,1.0
2,,matched,Qextra7_Q_C_shared_energy,1.1693086633370287,25,25,1.0
2,,matched,Qextra7_Q_C_purity,0.5846543316685143,25,25,1.0
2,,matched,Qextra7_Q_C_capture,0.38976955444567624,25,25,1.0
2,,matched,Qextra7_Q_C_expected_random_purity,0.03,25,25,1.0
2,,matched,Qextra7_Q_C_expected_random_capture,0.02,25,25,1.0
2,,matched,Qextra7_Q_C_excess_purity,0.5546543316685143,25,25,1.0
2,,matched,Qextra7_Q_C_excess_capture,0.3697695544456762,25,25,1.0
2,,matched,Qextra7_Q_C_largest_canonical_correlation,0.9175674816461834,25,25,1.0
2,,matched,Qextra7_Q_C_smallest_principal_angle,0.40883682848297764,25,25,1.0
2,,matched,Qextra7_Q_C_unique_dim_U,2.0,25,25,1.0
2,,matched,Qextra7_Q_C_unique_dim_Q,3.0,25,25,1.0
2,,matched,Qextra7_Q_C_unique_shared_energy,1.3219259438765127,25,25,1.0
2,,matched,Qextra7_Q_C_unique_purity,0.6609629719382564,25,25,1.0
2,,matched,Qextra7_Q_C_unique_capture,0.4406419812921709,25,25,1.0
2,,matched,Qextra7_Q_C_unique_expected_random_purity,0.03,25,25,1.0
2,,matched,Qextra7_Q_C_unique_expected_random_capture,0.02,25,25,1.0
2,,matched,Qextra7_Q_C_unique_excess_purity,0.6309629719382563,25,25,1.0
2,,matched,Qextra7_Q_C_unique_excess_capture,0.42064198129217073,25,25,1.0
2,,matched,Qextra7_Q_C_unique_largest_canonical_correlation,0.9743990807495675,25,25,1.0
2,,matched,Qextra7_Q_C_unique_smallest_principal_angle,0.22666778223975012,25,25,1.0
2,,matched,Qextra7_Q_C_full_dim_U,2.0,25,25,1.0
2,,matched,Qextra7_Q_C_full_dim_Q,4.0,25,25,1.0
2,,matched,Qextra7_Q_C_full_shared_energy,1.6939673638467339,25,25,1.0
2,,matched,Qextra7_Q_C_full_purity,0.8469836819233667,25,25,1.0
2,,matched,Qextra7_Q_C_full_capture,0.42349184096168335,25,25,1.0
2,,matched,Qextra7_Q_C_full_expected_random_purity,0.04,25,25,1.0
2,,matched,Qextra7_Q_C_full_expected_random_capture,0.02,25,25,1.0
2,,matched,Qextra7_Q_C_full_excess_purity,0.8069836819233668,25,25,1.0
2,,matched,Qextra7_Q_C_full_excess_capture,0.4034918409616834,25,25,1.0
2,,matched,Qextra7_Q_C_full_largest_canonical_correlation,0.9451895668997349,25,25,1.0
2,,matched,Qextra7_Q_C_full_smallest_principal_angle,0.3325845945642632,25,25,1.0
2,,matched,Qextra7_Q_P4_dim_U,2.0,25,25,1.0
2,,matched,Qextra7_Q_P4_dim_Q,4.0,25,25,1.0
2,,matched,Qextra7_Q_P4_shared_energy,1.7285031555883115,25,25,1.0
2,,matched,Qextra7_Q_P4_purity,0.8642515777941557,25,25,1.0
2,,matched,Qextra7_Q_P4_capture,0.43212578889707787,25,25,1.0
2,,matched,Qextra7_Q_P4_expected_random_purity,0.04,25,25,1.0
2,,matched,Qextra7_Q_P4_expected_random_capture,0.02,25,25,1.0
2,,matched,Qextra7_Q_P4_excess_purity,0.8242515777941557,25,25,1.0
2,,matched,Qextra7_Q_P4_excess_capture,0.41212578889707785,25,25,1.0
2,,matched,Qextra7_Q_P4_largest_canonical_correlation,0.9494383205404345,25,25,1.0
2,,matched,Qextra7_Q_P4_smallest_principal_angle,0.3193350197086685,25,25,1.0
2,,matched,Qextra7_Q_F_dim_U,2.0,25,25,1.0
2,,matched,Qextra7_Q_F_dim_Q,5.0,25,25,1.0
2,,matched,Qextra7_Q_F_shared_energy,0.006045461083652928,25,25,1.0
2,,matched,Qextra7_Q_F_purity,0.003022730541826444,25,25,1.0
2,,matched,Qextra7_Q_F_capture,0.001209092216730544,25,25,1.0
2,,matched,Qextra7_Q_F_expected_random_purity,0.05000000000000001,25,25,1.0
2,,matched,Qextra7_Q_F_expected_random_capture,0.02,25,25,1.0
2,,matched,Qextra7_Q_F_excess_purity,-0.046977269458173466,25,25,1.0
2,,matched,Qextra7_Q_F_excess_capture,-0.018790907783269355,25,25,1.0
2,,matched,Qextra7_Q_F_largest_canonical_correlation,0.06776858709979336,25,25,1.0
2,,matched,Qextra7_Q_F_smallest_principal_angle,1.502972406737576,25,25,1.0
3,,matched,Qmissing3_Q_F_dim_U,2.0,25,25,1.0
3,,matched,Qmissing3_Q_F_dim_Q,5.0,25,25,1.0
3,,matched,Qmissing3_Q_F_shared_energy,1.932343637665381,25,25,1.0
3,,matched,Qmissing3_Q_F_purity,0.9661718188326905,25,25,1.0
3,,matched,Qmissing3_Q_F_capture,0.3864687275330762,25,25,1.0
3,,matched,Qmissing3_Q_F_expected_random_purity,0.05000000000000001,25,25,1.0
3,,matched,Qmissing3_Q_F_expected_random_capture,0.02,25,25,1.0
3,,matched,Qmissing3_Q_F_excess_purity,0.9161718188326904,25,25,1.0
3,,matched,Qmissing3_Q_F_excess_capture,0.3664687275330762,25,25,1.0
3,,matched,Qmissing3_Q_F_largest_canonical_correlation,0.9962619985581774,25,25,1.0
3,,matched,Qmissing3_Q_F_smallest_principal_angle,0.084977118201829,25,25,1.0
3,,matched,Qmissing3_Q_F_unique_dim_U,2.0,25,25,1.0
3,,matched,Qmissing3_Q_F_unique_dim_Q,5.0,25,25,1.0
3,,matched,Qmissing3_Q_F_unique_shared_energy,1.7420623162545907,25,25,1.0
3,,matched,Qmissing3_Q_F_unique_purity,0.8710311581272954,25,25,1.0
3,,matched,Qmissing3_Q_F_unique_capture,0.3484124632509182,25,25,1.0
3,,matched,Qmissing3_Q_F_unique_expected_random_purity,0.05000000000000001,25,25,1.0
3,,matched,Qmissing3_Q_F_unique_expected_random_capture,0.02,25,25,1.0
3,,matched,Qmissing3_Q_F_unique_excess_purity,0.8210311581272954,25,25,1.0
3,,matched,Qmissing3_Q_F_unique_excess_capture,0.32841246325091816,25,25,1.0
3,,matched,Qmissing3_Q_F_unique_largest_canonical_correlation,0.9675836058043779,25,25,1.0
3,,matched,Qmissing3_Q_F_unique_smallest_principal_angle,0.24809676688442045,25,25,1.0
3,,matched,Qmissing3_Q_C_dim_U,2.0,25,25,1.0
3,,matched,Qmissing3_Q_C_dim_Q,3.0,25,25,1.0
3,,matched,Qmissing3_Q_C_shared_energy,0.22643364257843096,25,25,1.0
3,,matched,Qmissing3_Q_C_purity,0.11321682128921547,25,25,1.0
3,,matched,Qmissing3_Q_C_capture,0.07547788085947696,25,25,1.0
3,,matched,Qmissing3_Q_C_expected_random_purity,0.03,25,25,1.0
3,,matched,Qmissing3_Q_C_expected_random_capture,0.02,25,25,1.0
3,,matched,Qmissing3_Q_C_excess_purity,0.08321682128921544,25,25,1.0
3,,matched,Qmissing3_Q_C_excess_capture,0.05547788085947694,25,25,1.0
3,,matched,Qmissing3_Q_C_largest_canonical_correlation,0.412294198491627,25,25,1.0
3,,matched,Qmissing3_Q_C_smallest_principal_angle,1.1457104421874649,25,25,1.0
3,,matched,Qmissing3_Q_C_unique_dim_U,2.0,25,25,1.0
3,,matched,Qmissing3_Q_C_unique_dim_Q,3.0,25,25,1.0
3,,matched,Qmissing3_Q_C_unique_shared_energy,0.03615232116764009,25,25,1.0
3,,matched,Qmissing3_Q_C_unique_purity,0.018076160583820028,25,25,1.0
3,,matched,Qmissing3_Q_C_unique_capture,0.012050773722546657,25,25,1.0
3,,matched,Qmissing3_Q_C_unique_expected_random_purity,0.03,25,25,1.0
3,,matched,Qmissing3_Q_C_unique_expected_random_capture,0.02,25,25,1.0
3,,matched,Qmissing3_Q_C_unique_excess_purity,-0.01192383941617988,25,25,1.0
3,,matched,Qmissing3_Q_C_unique_excess_capture,-0.007949226277453252,25,25,1.0
3,,matched,Qmissing3_Q_C_unique_largest_canonical_correlation,0.17941565346534108,25,25,1.0
3,,matched,Qmissing3_Q_C_unique_smallest_principal_angle,1.390296368174461,25,25,1.0
3,,matched,Qmissing3_Q_P4_dim_U,2.0,25,25,1.0
3,,matched,Qmissing3_Q_P4_dim_Q,4.0,25,25,1.0
3,,matched,Qmissing3_Q_P4_shared_energy,0.28781394745282785,25,25,1.0
3,,matched,Qmissing3_Q_P4_purity,0.14390697372641387,25,25,1.0
3,,matched,Qmissing3_Q_P4_capture,0.07195348686320692,25,25,1.0
3,,matched,Qmissing3_Q_P4_expected_random_purity,0.04,25,25,1.0
3,,matched,Qmissing3_Q_P4_expected_random_capture,0.02,25,25,1.0
3,,matched,Qmissing3_Q_P4_excess_purity,0.10390697372641387,25,25,1.0
3,,matched,Qmissing3_Q_P4_excess_capture,0.05195348686320691,25,25,1.0
3,,matched,Qmissing3_Q_P4_largest_canonical_correlation,0.45634276368959115,25,25,1.0
3,,matched,Qmissing3_Q_P4_smallest_principal_angle,1.096881679694456,25,25,1.0
3,,matched,Qextra7_Q_C_dim_U,2.0,25,25,1.0
3,,matched,Qextra7_Q_C_dim_Q,3.0,25,25,1.0
3,,matched,Qextra7_Q_C_shared_energy,1.171785802991167,25,25,1.0
3,,matched,Qextra7_Q_C_purity,0.5858929014955835,25,25,1.0
3,,matched,Qextra7_Q_C_capture,0.3905952676637223,25,25,1.0
3,,matched,Qextra7_Q_C_expected_random_purity,0.03,25,25,1.0
3,,matched,Qextra7_Q_C_expected_random_capture,0.02,25,25,1.0
3,,matched,Qextra7_Q_C_excess_purity,0.5558929014955833,25,25,1.0
3,,matched,Qextra7_Q_C_excess_capture,0.37059526766372225,25,25,1.0
3,,matched,Qextra7_Q_C_largest_canonical_correlation,0.913937239984207,25,25,1.0
3,,matched,Qextra7_Q_C_smallest_principal_angle,0.41729598494493364,25,25,1.0
3,,matched,Qextra7_Q_C_unique_dim_U,2.0,25,25,1.0
3,,matched,Qextra7_Q_C_unique_dim_Q,3.0,25,25,1.0
3,,matched,Qextra7_Q_C_unique_shared_energy,1.29865387269473,25,25,1.0
3,,matched,Qextra7_Q_C_unique_purity,0.649326936347365,25,25,1.0
3,,matched,Qextra7_Q_C_unique_capture,0.4328846242315767,25,25,1.0
3,,matched,Qextra7_Q_C_unique_expected_random_purity,0.03,25,25,1.0
3,,matched,Qextra7_Q_C_unique_expected_random_capture,0.02,25,25,1.0
3,,matched,Qextra7_Q_C_unique_excess_purity,0.6193269363473651,25,25,1.0
3,,matched,Qextra7_Q_C_unique_excess_capture,0.4128846242315767,25,25,1.0
3,,matched,Qextra7_Q_C_unique_largest_canonical_correlation,0.9632820514165098,25,25,1.0
3,,matched,Qextra7_Q_C_unique_smallest_principal_angle,0.2706938674084807,25,25,1.0
3,,matched,Qextra7_Q_C_full_dim_U,2.0,25,25,1.0
3,,matched,Qextra7_Q_C_full_dim_Q,4.0,25,25,1.0
3,,matched,Qextra7_Q_C_full_shared_energy,1.6723246460368748,25,25,1.0
3,,matched,Qextra7_Q_C_full_purity,0.8361623230184372,25,25,1.0
3,,matched,Qextra7_Q_C_full_capture,0.4180811615092186,25,25,1.0
3,,matched,Qextra7_Q_C_full_expected_random_purity,0.04,25,25,1.0
3,,matched,Qextra7_Q_C_full_expected_random_capture,0.02,25,25,1.0
3,,matched,Qextra7_Q_C_full_excess_purity,0.7961623230184373,25,25,1.0
3,,matched,Qextra7_Q_C_full_excess_capture,0.39808116150921863,25,25,1.0
3,,matched,Qextra7_Q_C_full_largest_canonical_correlation,0.920286498053016,25,25,1.0
3,,matched,Qextra7_Q_C_full_smallest_principal_angle,0.4019128969452062,25,25,1.0
3,,matched,Qextra7_Q_P4_dim_U,2.0,25,25,1.0
3,,matched,Qextra7_Q_P4_dim_Q,4.0,25,25,1.0
3,,matched,Qextra7_Q_P4_shared_energy,1.7147832739910829,25,25,1.0
3,,matched,Qextra7_Q_P4_purity,0.8573916369955414,25,25,1.0
3,,matched,Qextra7_Q_P4_capture,0.4286958184977707,25,25,1.0
3,,matched,Qextra7_Q_P4_expected_random_purity,0.04,25,25,1.0
3,,matched,Qextra7_Q_P4_expected_random_capture,0.02,25,25,1.0
3,,matched,Qextra7_Q_P4_excess_purity,0.8173916369955414,25,25,1.0
3,,matched,Qextra7_Q_P4_excess_capture,0.4086958184977707,25,25,1.0
3,,matched,Qextra7_Q_P4_largest_canonical_correlation,0.9329233354549735,25,25,1.0
3,,matched,Qextra7_Q_P4_smallest_principal_angle,0.3680425831319905,25,25,1.0
3,,matched,Qextra7_Q_F_dim_U,2.0,25,25,1.0
3,,matched,Qextra7_Q_F_dim_Q,5.0,25,25,1.0
3,,matched,Qextra7_Q_F_shared_energy,0.05888936283541209,25,25,1.0
3,,matched,Qextra7_Q_F_purity,0.029444681417706016,25,25,1.0
3,,matched,Qextra7_Q_F_capture,0.011777872567082378,25,25,1.0
3,,matched,Qextra7_Q_F_expected_random_purity,0.05000000000000001,25,25,1.0
3,,matched,Qextra7_Q_F_expected_random_capture,0.02,25,25,1.0
3,,matched,Qextra7_Q_F_excess_purity,-0.020555318582293904,25,25,1.0
3,,matched,Qextra7_Q_F_excess_capture,-0.00822212743291753,25,25,1.0
3,,matched,Qextra7_Q_F_largest_canonical_correlation,0.2196575573398365,25,25,1.0
3,,matched,Qextra7_Q_F_smallest_principal_angle,1.3492560483427507,25,25,1.0
4,,matched,Qmissing3_Q_F_dim_U,2.0,25,25,1.0
4,,matched,Qmissing3_Q_F_dim_Q,5.0,25,25,1.0
4,,matched,Qmissing3_Q_F_shared_energy,1.9730871634446976,25,25,1.0
4,,matched,Qmissing3_Q_F_purity,0.9865435817223488,25,25,1.0
4,,matched,Qmissing3_Q_F_capture,0.39461743268893945,25,25,1.0
4,,matched,Qmissing3_Q_F_expected_random_purity,0.05000000000000001,25,25,1.0
4,,matched,Qmissing3_Q_F_expected_random_capture,0.02,25,25,1.0
4,,matched,Qmissing3_Q_F_excess_purity,0.9365435817223488,25,25,1.0
4,,matched,Qmissing3_Q_F_excess_capture,0.3746174326889395,25,25,1.0
4,,matched,Qmissing3_Q_F_largest_canonical_correlation,0.998278895144837,25,25,1.0
4,,matched,Qmissing3_Q_F_smallest_principal_angle,0.05860959678645151,25,25,1.0
4,,matched,Qmissing3_Q_F_unique_dim_U,2.0,25,25,1.0
4,,matched,Qmissing3_Q_F_unique_dim_Q,5.0,25,25,1.0
4,,matched,Qmissing3_Q_F_unique_shared_energy,1.8320232744857696,25,25,1.0
4,,matched,Qmissing3_Q_F_unique_purity,0.9160116372428849,25,25,1.0
4,,matched,Qmissing3_Q_F_unique_capture,0.36640465489715396,25,25,1.0
4,,matched,Qmissing3_Q_F_unique_expected_random_purity,0.05000000000000001,25,25,1.0
4,,matched,Qmissing3_Q_F_unique_expected_random_capture,0.02,25,25,1.0
4,,matched,Qmissing3_Q_F_unique_excess_purity,0.866011637242885,25,25,1.0
4,,matched,Qmissing3_Q_F_unique_excess_capture,0.34640465489715394,25,25,1.0
4,,matched,Qmissing3_Q_F_unique_largest_canonical_correlation,0.9674903002181533,25,25,1.0
4,,matched,Qmissing3_Q_F_unique_smallest_principal_angle,0.25509344818525825,25,25,1.0
4,,matched,Qmissing3_Q_C_dim_U,2.0,25,25,1.0
4,,matched,Qmissing3_Q_C_dim_Q,3.0,25,25,1.0
4,,matched,Qmissing3_Q_C_shared_energy,0.15539063196472072,25,25,1.0
4,,matched,Qmissing3_Q_C_purity,0.07769531598236033,25,25,1.0
4,,matched,Qmissing3_Q_C_capture,0.05179687732157354,25,25,1.0
4,,matched,Qmissing3_Q_C_expected_random_purity,0.03,25,25,1.0
4,,matched,Qmissing3_Q_C_expected_random_capture,0.02,25,25,1.0
4,,matched,Qmissing3_Q_C_excess_purity,0.04769531598236033,25,25,1.0
4,,matched,Qmissing3_Q_C_excess_capture,0.03179687732157354,25,25,1.0
4,,matched,Qmissing3_Q_C_largest_canonical_correlation,0.3091829371809437,25,25,1.0
4,,matched,Qmissing3_Q_C_smallest_principal_angle,1.2563995931564458,25,25,1.0
4,,matched,Qmissing3_Q_C_unique_dim_U,2.0,25,25,1.0
4,,matched,Qmissing3_Q_C_unique_dim_Q,3.0,25,25,1.0
4,,matched,Qmissing3_Q_C_unique_shared_energy,0.014326743005793598,25,25,1.0
4,,matched,Qmissing3_Q_C_unique_purity,0.007163371502896779,25,25,1.0
4,,matched,Qmissing3_Q_C_unique_capture,0.004775581001931164,25,25,1.0
4,,matched,Qmissing3_Q_C_unique_expected_random_purity,0.03,25,25,1.0
4,,matched,Qmissing3_Q_C_unique_expected_random_capture,0.02,25,25,1.0
4,,matched,Qmissing3_Q_C_unique_excess_purity,-0.02283662849710312,25,25,1.0
4,,matched,Qmissing3_Q_C_unique_excess_capture,-0.01522441899806874,25,25,1.0
4,,matched,Qmissing3_Q_C_unique_largest_canonical_correlation,0.11631232027451871,25,25,1.0
4,,matched,Qmissing3_Q_C_unique_smallest_principal_angle,1.4541805736734414,25,25,1.0
4,,matched,Qmissing3_Q_P4_dim_U,2.0,25,25,1.0
4,,matched,Qmissing3_Q_P4_dim_Q,4.0,25,25,1.0
4,,matched,Qmissing3_Q_P4_shared_energy,0.179517371965046,25,25,1.0
4,,matched,Qmissing3_Q_P4_purity,0.089758685982523,25,25,1.0
4,,matched,Qmissing3_Q_P4_capture,0.04487934299126147,25,25,1.0
4,,matched,Qmissing3_Q_P4_expected_random_purity,0.04,25,25,1.0
4,,matched,Qmissing3_Q_P4_expected_random_capture,0.02,25,25,1.0
4,,matched,Qmissing3_Q_P4_excess_purity,0.04975868598252297,25,25,1.0
4,,matched,Qmissing3_Q_P4_excess_capture,0.02487934299126146,25,25,1.0
4,,matched,Qmissing3_Q_P4_largest_canonical_correlation,0.34955747872228776,25,25,1.0
4,,matched,Qmissing3_Q_P4_smallest_principal_angle,1.2136451851218077,25,25,1.0
4,,matched,Qextra7_Q_C_dim_U,2.0,25,25,1.0
4,,matched,Qextra7_Q_C_dim_Q,3.0,25,25,1.0
4,,matched,Qextra7_Q_C_shared_energy,1.2780202755993906,25,25,1.0
4,,matched,Qextra7_Q_C_purity,0.6390101377996953,25,25,1.0
4,,matched,Qextra7_Q_C_capture,0.4260067585331302,25,25,1.0
4,,matched,Qextra7_Q_C_expected_random_purity,0.03,25,25,1.0
4,,matched,Qextra7_Q_C_expected_random_capture,0.02,25,25,1.0
4,,matched,Qextra7_Q_C_excess_purity,0.6090101377996953,25,25,1.0
4,,matched,Qextra7_Q_C_excess_capture,0.40600675853313023,25,25,1.0
4,,matched,Qextra7_Q_C_largest_canonical_correlation,0.9392232054922727,25,25,1.0
4,,matched,Qextra7_Q_C_smallest_principal_angle,0.3500932337005238,25,25,1.0
4,,matched,Qextra7_Q_C_unique_dim_U,2.0,25,25,1.0
4,,matched,Qextra7_Q_C_unique_dim_Q,3.0,25,25,1.0
4,,matched,Qextra7_Q_C_unique_shared_energy,1.4038583580455697,25,25,1.0
4,,matched,Qextra7_Q_C_unique_purity,0.7019291790227848,25,25,1.0
4,,matched,Qextra7_Q_C_unique_capture,0.46795278601518986,25,25,1.0
4,,matched,Qextra7_Q_C_unique_expected_random_purity,0.03,25,25,1.0
4,,matched,Qextra7_Q_C_unique_expected_random_capture,0.02,25,25,1.0
4,,matched,Qextra7_Q_C_unique_excess_purity,0.6719291790227849,25,25,1.0
4,,matched,Qextra7_Q_C_unique_excess_capture,0.4479527860151899,25,25,1.0
4,,matched,Qextra7_Q_C_unique_largest_canonical_correlation,0.9722221128441609,25,25,1.0
4,,matched,Qextra7_Q_C_unique_smallest_principal_angle,0.23598451655742778,25,25,1.0
4,,matched,Qextra7_Q_C_full_dim_U,2.0,25,25,1.0
4,,matched,Qextra7_Q_C_full_dim_Q,4.0,25,25,1.0
4,,matched,Qextra7_Q_C_full_shared_energy,1.7665020065412604,25,25,1.0
4,,matched,Qextra7_Q_C_full_purity,0.8832510032706302,25,25,1.0
4,,matched,Qextra7_Q_C_full_capture,0.4416255016353151,25,25,1.0
4,,matched,Qextra7_Q_C_full_expected_random_purity,0.04,25,25,1.0
4,,matched,Qextra7_Q_C_full_expected_random_capture,0.02,25,25,1.0
4,,matched,Qextra7_Q_C_full_excess_purity,0.8432510032706303,25,25,1.0
4,,matched,Qextra7_Q_C_full_excess_capture,0.42162550163531515,25,25,1.0
4,,matched,Qextra7_Q_C_full_largest_canonical_correlation,0.9544872990834983,25,25,1.0
4,,matched,Qextra7_Q_C_full_smallest_principal_angle,0.30254861466543753,25,25,1.0
4,,matched,Qextra7_Q_P4_dim_U,2.0,25,25,1.0
4,,matched,Qextra7_Q_P4_dim_Q,4.0,25,25,1.0
4,,matched,Qextra7_Q_P4_shared_energy,1.8176575888704714,25,25,1.0
4,,matched,Qextra7_Q_P4_purity,0.9088287944352357,25,25,1.0
4,,matched,Qextra7_Q_P4_capture,0.45441439721761784,25,25,1.0
4,,matched,Qextra7_Q_P4_expected_random_purity,0.04,25,25,1.0
4,,matched,Qextra7_Q_P4_expected_random_capture,0.02,25,25,1.0
4,,matched,Qextra7_Q_P4_excess_purity,0.8688287944352356,25,25,1.0
4,,matched,Qextra7_Q_P4_excess_capture,0.4344143972176178,25,25,1.0
4,,matched,Qextra7_Q_P4_largest_canonical_correlation,0.965779383572746,25,25,1.0
4,,matched,Qextra7_Q_P4_smallest_principal_angle,0.26208233695884514,25,25,1.0
4,,matched,Qextra7_Q_F_dim_U,2.0,25,25,1.0
4,,matched,Qextra7_Q_F_dim_Q,5.0,25,25,1.0
4,,matched,Qextra7_Q_F_shared_energy,0.018322979166227132,25,25,1.0
4,,matched,Qextra7_Q_F_purity,0.009161489583113532,25,25,1.0
4,,matched,Qextra7_Q_F_capture,0.003664595833245392,25,25,1.0
4,,matched,Qextra7_Q_F_expected_random_purity,0.05000000000000001,25,25,1.0
4,,matched,Qextra7_Q_F_expected_random_capture,0.02,25,25,1.0
4,,matched,Qextra7_Q_F_excess_purity,-0.040838510416886374,25,25,1.0
4,,matched,Qextra7_Q_F_excess_capture,-0.01633540416675451,25,25,1.0
4,,matched,Qextra7_Q_F_largest_canonical_correlation,0.1257055846666181,25,25,1.0
4,,matched,Qextra7_Q_F_smallest_principal_angle,1.4447176720452968,25,25,1.0
5,,matched,Qmissing3_Q_F_dim_U,2.0,25,25,1.0
5,,matched,Qmissing3_Q_F_dim_Q,5.0,25,25,1.0
5,,matched,Qmissing3_Q_F_shared_energy,1.9845743142066512,25,25,1.0
5,,matched,Qmissing3_Q_F_purity,0.9922871571033256,25,25,1.0
5,,matched,Qmissing3_Q_F_capture,0.39691486284133015,25,25,1.0
5,,matched,Qmissing3_Q_F_expected_random_purity,0.05000000000000001,25,25,1.0
5,,matched,Qmissing3_Q_F_expected_random_capture,0.02,25,25,1.0
5,,matched,Qmissing3_Q_F_excess_purity,0.9422871571033256,25,25,1.0
5,,matched,Qmissing3_Q_F_excess_capture,0.3769148628413302,25,25,1.0
5,,matched,Qmissing3_Q_F_largest_canonical_correlation,0.9977430491327071,25,25,1.0
5,,matched,Qmissing3_Q_F_smallest_principal_angle,0.06680226922099287,25,25,1.0
5,,matched,Qmissing3_Q_F_unique_dim_U,2.0,25,25,1.0
5,,matched,Qmissing3_Q_F_unique_dim_Q,5.0,25,25,1.0
5,,matched,Qmissing3_Q_F_unique_shared_energy,1.9343927795478086,25,25,1.0
5,,matched,Qmissing3_Q_F_unique_purity,0.9671963897739043,25,25,1.0
5,,matched,Qmissing3_Q_F_unique_capture,0.38687855590956166,25,25,1.0
5,,matched,Qmissing3_Q_F_unique_expected_random_purity,0.05000000000000001,25,25,1.0
5,,matched,Qmissing3_Q_F_unique_expected_random_capture,0.02,25,25,1.0
5,,matched,Qmissing3_Q_F_unique_excess_purity,0.9171963897739042,25,25,1.0
5,,matched,Qmissing3_Q_F_unique_excess_capture,0.3668785559095616,25,25,1.0
5,,matched,Qmissing3_Q_F_unique_largest_canonical_correlation,0.9926079330699197,25,25,1.0
5,,matched,Qmissing3_Q_F_unique_smallest_principal_angle,0.12024978636623013,25,25,1.0
5,,matched,Qmissing3_Q_C_dim_U,2.0,25,25,1.0
5,,matched,Qmissing3_Q_C_dim_Q,3.0,25,25,1.0
5,,matched,Qmissing3_Q_C_shared_energy,0.05429678977348676,25,25,1.0
5,,matched,Qmissing3_Q_C_purity,0.027148394886743355,25,25,1.0
5,,matched,Qmissing3_Q_C_capture,0.018098929924495553,25,25,1.0
5,,matched,Qmissing3_Q_C_expected_random_purity,0.03,25,25,1.0
5,,matched,Qmissing3_Q_C_expected_random_capture,0.02,25,25,1.0
5,,matched,Qmissing3_Q_C_excess_purity,-0.002851605113256576,25,25,1.0
5,,matched,Qmissing3_Q_C_excess_capture,-0.00190107007550438,25,25,1.0
5,,matched,Qmissing3_Q_C_largest_canonical_correlation,0.2124931142613628,25,25,1.0
5,,matched,Qmissing3_Q_C_smallest_principal_angle,1.3566142181577694,25,25,1.0
5,,matched,Qmissing3_Q_C_unique_dim_U,2.0,25,25,1.0
5,,matched,Qmissing3_Q_C_unique_dim_Q,3.0,25,25,1.0
5,,matched,Qmissing3_Q_C_unique_shared_energy,0.004115255114643552,25,25,1.0
5,,matched,Qmissing3_Q_C_unique_purity,0.002057627557321748,25,25,1.0
5,,matched,Qmissing3_Q_C_unique_capture,0.001371751704881148,25,25,1.0
5,,matched,Qmissing3_Q_C_unique_expected_random_purity,0.03,25,25,1.0
5,,matched,Qmissing3_Q_C_unique_expected_random_capture,0.02,25,25,1.0
5,,matched,Qmissing3_Q_C_unique_excess_purity,-0.02794237244267815,25,25,1.0
5,,matched,Qmissing3_Q_C_unique_excess_capture,-0.01862824829511875,25,25,1.0
5,,matched,Qmissing3_Q_C_unique_largest_canonical_correlation,0.05407984604208672,25,25,1.0
5,,matched,Qmissing3_Q_C_unique_smallest_principal_angle,1.5166871169028078,25,25,1.0
5,,matched,Qmissing3_Q_P4_dim_U,2.0,25,25,1.0
5,,matched,Qmissing3_Q_P4_dim_Q,4.0,25,25,1.0
5,,matched,Qmissing3_Q_P4_shared_energy,0.1197413351001765,25,25,1.0
5,,matched,Qmissing3_Q_P4_purity,0.05987066755008823,25,25,1.0
5,,matched,Qmissing3_Q_P4_capture,0.029935333775044093,25,25,1.0
5,,matched,Qmissing3_Q_P4_expected_random_purity,0.04,25,25,1.0
5,,matched,Qmissing3_Q_P4_expected_random_capture,0.02,25,25,1.0
5,,matched,Qmissing3_Q_P4_excess_purity,0.01987066755008821,25,25,1.0
5,,matched,Qmissing3_Q_P4_excess_capture,0.009935333775044089,25,25,1.0
5,,matched,Qmissing3_Q_P4_largest_canonical_correlation,0.2828700452442558,25,25,1.0
5,,matched,Qmissing3_Q_P4_smallest_principal_angle,1.2839808512595567,25,25,1.0
5,,matched,Qextra7_Q_C_dim_U,2.0,25,25,1.0
5,,matched,Qextra7_Q_C_dim_Q,3.0,25,25,1.0
5,,matched,Qextra7_Q_C_shared_energy,1.282752523217259,25,25,1.0
5,,matched,Qextra7_Q_C_purity,0.6413762616086295,25,25,1.0
5,,matched,Qextra7_Q_C_capture,0.427584174405753,25,25,1.0
5,,matched,Qextra7_Q_C_expected_random_purity,0.03,25,25,1.0
5,,matched,Qextra7_Q_C_expected_random_capture,0.02,25,25,1.0
5,,matched,Qextra7_Q_C_excess_purity,0.6113762616086295,25,25,1.0
5,,matched,Qextra7_Q_C_excess_capture,0.40758417440575295,25,25,1.0
5,,matched,Qextra7_Q_C_largest_canonical_correlation,0.9239517761648487,25,25,1.0
5,,matched,Qextra7_Q_C_smallest_principal_angle,0.39239461816745164,25,25,1.0
5,,matched,Qextra7_Q_C_unique_dim_U,2.0,25,25,1.0
5,,matched,Qextra7_Q_C_unique_dim_Q,3.0,25,25,1.0
5,,matched,Qextra7_Q_C_unique_shared_energy,1.4043050376453936,25,25,1.0
5,,matched,Qextra7_Q_C_unique_purity,0.7021525188226968,25,25,1.0
5,,matched,Qextra7_Q_C_unique_capture,0.4681016792151312,25,25,1.0
5,,matched,Qextra7_Q_C_unique_expected_random_purity,0.03,25,25,1.0
5,,matched,Qextra7_Q_C_unique_expected_random_capture,0.02,25,25,1.0
5,,matched,Qextra7_Q_C_unique_excess_purity,0.6721525188226967,25,25,1.0
5,,matched,Qextra7_Q_C_unique_excess_capture,0.4481016792151312,25,25,1.0
5,,matched,Qextra7_Q_C_unique_largest_canonical_correlation,0.9729775081321682,25,25,1.0
5,,matched,Qextra7_Q_C_unique_smallest_principal_angle,0.23275780277540162,25,25,1.0
5,,matched,Qextra7_Q_C_full_dim_U,2.0,25,25,1.0
5,,matched,Qextra7_Q_C_full_dim_Q,4.0,25,25,1.0
5,,matched,Qextra7_Q_C_full_shared_energy,1.6790925559874916,25,25,1.0
5,,matched,Qextra7_Q_C_full_purity,0.8395462779937458,25,25,1.0
5,,matched,Qextra7_Q_C_full_capture,0.4197731389968729,25,25,1.0
5,,matched,Qextra7_Q_C_full_expected_random_purity,0.04,25,25,1.0
5,,matched,Qextra7_Q_C_full_expected_random_capture,0.02,25,25,1.0
5,,matched,Qextra7_Q_C_full_excess_purity,0.7995462779937458,25,25,1.0
5,,matched,Qextra7_Q_C_full_excess_capture,0.3997731389968729,25,25,1.0
5,,matched,Qextra7_Q_C_full_largest_canonical_correlation,0.9402145387353784,25,25,1.0
5,,matched,Qextra7_Q_C_full_smallest_principal_angle,0.34726880496373524,25,25,1.0
5,,matched,Qextra7_Q_P4_dim_U,2.0,25,25,1.0
5,,matched,Qextra7_Q_P4_dim_Q,4.0,25,25,1.0
5,,matched,Qextra7_Q_P4_shared_energy,1.7235397376765693,25,25,1.0
5,,matched,Qextra7_Q_P4_purity,0.8617698688382847,25,25,1.0
5,,matched,Qextra7_Q_P4_capture,0.43088493441914233,25,25,1.0
5,,matched,Qextra7_Q_P4_expected_random_purity,0.04,25,25,1.0
5,,matched,Qextra7_Q_P4_expected_random_capture,0.02,25,25,1.0
5,,matched,Qextra7_Q_P4_excess_purity,0.8217698688382845,25,25,1.0
5,,matched,Qextra7_Q_P4_excess_capture,0.41088493441914226,25,25,1.0
5,,matched,Qextra7_Q_P4_largest_canonical_correlation,0.9477710033863316,25,25,1.0
5,,matched,Qextra7_Q_P4_smallest_principal_angle,0.3243341395758811,25,25,1.0
5,,matched,Qextra7_Q_F_dim_U,2.0,25,25,1.0
5,,matched,Qextra7_Q_F_dim_Q,5.0,25,25,1.0
5,,matched,Qextra7_Q_F_shared_energy,0.008202107466754429,25,25,1.0
5,,matched,Qextra7_Q_F_purity,0.004101053733377192,25,25,1.0
5,,matched,Qextra7_Q_F_capture,0.0016404214933508437,25,25,1.0
5,,matched,Qextra7_Q_F_expected_random_purity,0.05000000000000001,25,25,1.0
5,,matched,Qextra7_Q_F_expected_random_capture,0.02,25,25,1.0
5,,matched,Qextra7_Q_F_excess_purity,-0.04589894626662271,25,25,1.0
5,,matched,Qextra7_Q_F_excess_capture,-0.018359578506649057,25,25,1.0
5,,matched,Qextra7_Q_F_largest_canonical_correlation,0.08028309779942237,25,25,1.0
5,,matched,Qextra7_Q_F_smallest_principal_angle,1.4904210299597116,25,25,1.0
6,,matched,Qmissing3_Q_F_dim_U,2.0,25,25,1.0
6,,matched,Qmissing3_Q_F_dim_Q,5.0,25,25,1.0
6,,matched,Qmissing3_Q_F_shared_energy,1.989390860454918,25,25,1.0
6,,matched,Qmissing3_Q_F_purity,0.994695430227459,25,25,1.0
6,,matched,Qmissing3_Q_F_capture,0.3978781720909836,25,25,1.0
6,,matched,Qmissing3_Q_F_expected_random_purity,0.05000000000000001,25,25,1.0
6,,matched,Qmissing3_Q_F_expected_random_capture,0.02,25,25,1.0
6,,matched,Qmissing3_Q_F_excess_purity,0.9446954302274593,25,25,1.0
6,,matched,Qmissing3_Q_F_excess_capture,0.37787817209098357,25,25,1.0
6,,matched,Qmissing3_Q_F_largest_canonical_correlation,0.9983345695945836,25,25,1.0
6,,matched,Qmissing3_Q_F_smallest_principal_angle,0.057508077937993354,25,25,1.0
6,,matched,Qmissing3_Q_F_unique_dim_U,2.0,25,25,1.0
6,,matched,Qmissing3_Q_F_unique_dim_Q,5.0,25,25,1.0
6,,matched,Qmissing3_Q_F_unique_shared_energy,1.8873779548317886,25,25,1.0
6,,matched,Qmissing3_Q_F_unique_purity,0.9436889774158943,25,25,1.0
6,,matched,Qmissing3_Q_F_unique_capture,0.37747559096635774,25,25,1.0
6,,matched,Qmissing3_Q_F_unique_expected_random_purity,0.05000000000000001,25,25,1.0
6,,matched,Qmissing3_Q_F_unique_expected_random_capture,0.02,25,25,1.0
6,,matched,Qmissing3_Q_F_unique_excess_purity,0.8936889774158943,25,25,1.0
6,,matched,Qmissing3_Q_F_unique_excess_capture,0.35747559096635767,25,25,1.0
6,,matched,Qmissing3_Q_F_unique_largest_canonical_correlation,0.9940930298508078,25,25,1.0
6,,matched,Qmissing3_Q_F_unique_smallest_principal_angle,0.1058666190529995,25,25,1.0
6,,matched,Qmissing3_Q_C_dim_U,2.0,25,25,1.0
6,,matched,Qmissing3_Q_C_dim_Q,3.0,25,25,1.0
6,,matched,Qmissing3_Q_C_shared_energy,0.104463547761915,25,25,1.0
6,,matched,Qmissing3_Q_C_purity,0.05223177388095746,25,25,1.0
6,,matched,Qmissing3_Q_C_capture,0.03482118258730496,25,25,1.0
6,,matched,Qmissing3_Q_C_expected_random_purity,0.03,25,25,1.0
6,,matched,Qmissing3_Q_C_expected_random_capture,0.02,25,25,1.0
6,,matched,Qmissing3_Q_C_excess_purity,0.022231773880957473,25,25,1.0
6,,matched,Qmissing3_Q_C_excess_capture,0.014821182587304962,25,25,1.0
6,,matched,Qmissing3_Q_C_largest_canonical_correlation,0.3089360355473039,25,25,1.0
6,,matched,Qmissing3_Q_C_smallest_principal_angle,1.2567166802192826,25,25,1.0
6,,matched,Qmissing3_Q_C_unique_dim_U,2.0,25,25,1.0
6,,matched,Qmissing3_Q_C_unique_dim_Q,3.0,25,25,1.0
6,,matched,Qmissing3_Q_C_unique_shared_energy,0.00245064213878526,25,25,1.0
6,,matched,Qmissing3_Q_C_unique_purity,0.001225321069392612,25,25,1.0
6,,matched,Qmissing3_Q_C_unique_capture,0.000816880712928392,25,25,1.0
6,,matched,Qmissing3_Q_C_unique_expected_random_purity,0.03,25,25,1.0
6,,matched,Qmissing3_Q_C_unique_expected_random_capture,0.02,25,25,1.0
6,,matched,Qmissing3_Q_C_unique_excess_purity,-0.028774678930607287,25,25,1.0
6,,matched,Qmissing3_Q_C_unique_excess_capture,-0.019183119287071514,25,25,1.0
6,,matched,Qmissing3_Q_C_unique_largest_canonical_correlation,0.045737827266192674,25,25,1.0
6,,matched,Qmissing3_Q_C_unique_smallest_principal_angle,1.5250391704108404,25,25,1.0
6,,matched,Qmissing3_Q_P4_dim_U,2.0,25,25,1.0
6,,matched,Qmissing3_Q_P4_dim_Q,4.0,25,25,1.0
6,,matched,Qmissing3_Q_P4_shared_energy,0.12168614444762031,25,25,1.0
6,,matched,Qmissing3_Q_P4_purity,0.06084307222381012,25,25,1.0
6,,matched,Qmissing3_Q_P4_capture,0.03042153611190504,25,25,1.0
6,,matched,Qmissing3_Q_P4_expected_random_purity,0.04,25,25,1.0
6,,matched,Qmissing3_Q_P4_expected_random_capture,0.02,25,25,1.0
6,,matched,Qmissing3_Q_P4_excess_purity,0.020843072223810127,25,25,1.0
6,,matched,Qmissing3_Q_P4_excess_capture,0.010421536111905041,25,25,1.0
6,,matched,Qmissing3_Q_P4_largest_canonical_correlation,0.33370002649134506,25,25,1.0
6,,matched,Qmissing3_Q_P4_smallest_principal_angle,1.2305623469072662,25,25,1.0
6,,matched,Qextra7_Q_C_dim_U,2.0,25,25,1.0
6,,matched,Qextra7_Q_C_dim_Q,3.0,25,25,1.0
6,,matched,Qextra7_Q_C_shared_energy,1.2294260680658067,25,25,1.0
6,,matched,Qextra7_Q_C_purity,0.6147130340329033,25,25,1.0
6,,matched,Qextra7_Q_C_capture,0.40980868935526893,25,25,1.0
6,,matched,Qextra7_Q_C_expected_random_purity,0.03,25,25,1.0
6,,matched,Qextra7_Q_C_expected_random_capture,0.02,25,25,1.0
6,,matched,Qextra7_Q_C_excess_purity,0.5847130340329033,25,25,1.0
6,,matched,Qextra7_Q_C_excess_capture,0.3898086893552689,25,25,1.0
6,,matched,Qextra7_Q_C_largest_canonical_correlation,0.8937362097812823,25,25,1.0
6,,matched,Qextra7_Q_C_smallest_principal_angle,0.4651299232831873,25,25,1.0
6,,matched,Qextra7_Q_C_unique_dim_U,2.0,25,25,1.0
6,,matched,Qextra7_Q_C_unique_dim_Q,3.0,25,25,1.0
6,,matched,Qextra7_Q_C_unique_shared_energy,1.3809295173487837,25,25,1.0
6,,matched,Qextra7_Q_C_unique_purity,0.6904647586743922,25,25,1.0
6,,matched,Qextra7_Q_C_unique_capture,0.4603098391162614,25,25,1.0
6,,matched,Qextra7_Q_C_unique_expected_random_purity,0.03,25,25,1.0
6,,matched,Qextra7_Q_C_unique_expected_random_capture,0.02,25,25,1.0
6,,matched,Qextra7_Q_C_unique_excess_purity,0.660464758674392,25,25,1.0
6,,matched,Qextra7_Q_C_unique_excess_capture,0.44030983911626137,25,25,1.0
6,,matched,Qextra7_Q_C_unique_largest_canonical_correlation,0.972784720005982,25,25,1.0
6,,matched,Qextra7_Q_C_unique_smallest_principal_angle,0.23369770279481145,25,25,1.0
6,,matched,Qextra7_Q_C_full_dim_U,2.0,25,25,1.0
6,,matched,Qextra7_Q_C_full_dim_Q,4.0,25,25,1.0
6,,matched,Qextra7_Q_C_full_shared_energy,1.6957968585816636,25,25,1.0
6,,matched,Qextra7_Q_C_full_purity,0.8478984292908318,25,25,1.0
6,,matched,Qextra7_Q_C_full_capture,0.4239492146454159,25,25,1.0
6,,matched,Qextra7_Q_C_full_expected_random_purity,0.04,25,25,1.0
6,,matched,Qextra7_Q_C_full_expected_random_capture,0.02,25,25,1.0
6,,matched,Qextra7_Q_C_full_excess_purity,0.8078984292908318,25,25,1.0
6,,matched,Qextra7_Q_C_full_excess_capture,0.4039492146454159,25,25,1.0
6,,matched,Qextra7_Q_C_full_largest_canonical_correlation,0.9612705087371108,25,25,1.0
6,,matched,Qextra7_Q_C_full_smallest_principal_angle,0.27914982224020735,25,25,1.0
6,,matched,Qextra7_Q_P4_dim_U,2.0,25,25,1.0
6,,matched,Qextra7_Q_P4_dim_Q,4.0,25,25,1.0
6,,matched,Qextra7_Q_P4_shared_energy,1.7499505494445717,25,25,1.0
6,,matched,Qextra7_Q_P4_purity,0.8749752747222859,25,25,1.0
6,,matched,Qextra7_Q_P4_capture,0.43748763736114293,25,25,1.0
6,,matched,Qextra7_Q_P4_expected_random_purity,0.04,25,25,1.0
6,,matched,Qextra7_Q_P4_expected_random_capture,0.02,25,25,1.0
6,,matched,Qextra7_Q_P4_excess_purity,0.8349752747222858,25,25,1.0
6,,matched,Qextra7_Q_P4_excess_capture,0.41748763736114286,25,25,1.0
6,,matched,Qextra7_Q_P4_largest_canonical_correlation,0.9790879028724216,25,25,1.0
6,,matched,Qextra7_Q_P4_smallest_principal_angle,0.20476346884055785,25,25,1.0
6,,matched,Qextra7_Q_F_dim_U,2.0,25,25,1.0
6,,matched,Qextra7_Q_F_dim_Q,5.0,25,25,1.0
6,,matched,Qextra7_Q_F_shared_energy,0.008515236487450915,25,25,1.0
6,,matched,Qextra7_Q_F_purity,0.0042576182437254395,25,25,1.0
6,,matched,Qextra7_Q_F_capture,0.0017030472974901441,25,25,1.0
6,,matched,Qextra7_Q_F_expected_random_purity,0.05000000000000001,25,25,1.0
6,,matched,Qextra7_Q_F_expected_random_capture,0.02,25,25,1.0
6,,matched,Qextra7_Q_F_excess_purity,-0.04574238175627446,25,25,1.0
6,,matched,Qextra7_Q_F_excess_capture,-0.018296952702509754,25,25,1.0
6,,matched,Qextra7_Q_F_largest_canonical_correlation,0.08821045972393195,25,25,1.0
6,,matched,Qextra7_Q_F_smallest_principal_angle,1.4824692889515805,25,25,1.0
7,,matched,Qmissing3_Q_F_dim_U,2.0,25,25,1.0
7,,matched,Qmissing3_Q_F_dim_Q,5.0,25,25,1.0
7,,matched,Qmissing3_Q_F_shared_energy,1.989070757213011,25,25,1.0
7,,matched,Qmissing3_Q_F_purity,0.9945353786065055,25,25,1.0
7,,matched,Qmissing3_Q_F_capture,0.39781415144260224,25,25,1.0
7,,matched,Qmissing3_Q_F_expected_random_purity,0.05000000000000001,25,25,1.0
7,,matched,Qmissing3_Q_F_expected_random_capture,0.02,25,25,1.0
7,,matched,Qmissing3_Q_F_excess_purity,0.9445353786065056,25,25,1.0
7,,matched,Qmissing3_Q_F_excess_capture,0.3778141514426022,25,25,1.0
7,,matched,Qmissing3_Q_F_largest_canonical_correlation,0.9985544614096549,25,25,1.0
7,,matched,Qmissing3_Q_F_smallest_principal_angle,0.0533025924713486,25,25,1.0
7,,matched,Qmissing3_Q_F_unique_dim_U,2.0,25,25,1.0
7,,matched,Qmissing3_Q_F_unique_dim_Q,5.0,25,25,1.0
7,,matched,Qmissing3_Q_F_unique_shared_energy,1.9714767528361086,25,25,1.0
7,,matched,Qmissing3_Q_F_unique_purity,0.9857383764180541,25,25,1.0
7,,matched,Qmissing3_Q_F_unique_capture,0.39429535056722165,25,25,1.0
7,,matched,Qmissing3_Q_F_unique_expected_random_purity,0.05000000000000001,25,25,1.0
7,,matched,Qmissing3_Q_F_unique_expected_random_capture,0.02,25,25,1.0
7,,matched,Qmissing3_Q_F_unique_excess_purity,0.9357383764180541,25,25,1.0
7,,matched,Qmissing3_Q_F_unique_excess_capture,0.3742953505672217,25,25,1.0
7,,matched,Qmissing3_Q_F_unique_largest_canonical_correlation,0.9954082162276289,25,25,1.0
7,,matched,Qmissing3_Q_F_unique_smallest_principal_angle,0.09514457499718482,25,25,1.0
7,,matched,Qmissing3_Q_C_dim_U,2.0,25,25,1.0
7,,matched,Qmissing3_Q_C_dim_Q,3.0,25,25,1.0
7,,matched,Qmissing3_Q_C_shared_energy,0.018521605572448537,25,25,1.0
7,,matched,Qmissing3_Q_C_purity,0.009260802786224247,25,25,1.0
7,,matched,Qmissing3_Q_C_capture,0.0061738685241494754,25,25,1.0
7,,matched,Qmissing3_Q_C_expected_random_purity,0.03,25,25,1.0
7,,matched,Qmissing3_Q_C_expected_random_capture,0.02,25,25,1.0
7,,matched,Qmissing3_Q_C_excess_purity,-0.020739197213775654,25,25,1.0
7,,matched,Qmissing3_Q_C_excess_capture,-0.013826131475850427,25,25,1.0
7,,matched,Qmissing3_Q_C_largest_canonical_correlation,0.11371450574648813,25,25,1.0
7,,matched,Qmissing3_Q_C_smallest_principal_angle,1.4568303556842073,25,25,1.0
7,,matched,Qmissing3_Q_C_unique_dim_U,2.0,25,25,1.0
7,,matched,Qmissing3_Q_C_unique_dim_Q,3.0,25,25,1.0
7,,matched,Qmissing3_Q_C_unique_shared_energy,0.000927601195542744,25,25,1.0
7,,matched,Qmissing3_Q_C_unique_purity,0.000463800597771344,25,25,1.0
7,,matched,Qmissing3_Q_C_unique_capture,0.000309200398514212,25,25,1.0
7,,matched,Qmissing3_Q_C_unique_expected_random_purity,0.03,25,25,1.0
7,,matched,Qmissing3_Q_C_unique_expected_random_capture,0.02,25,25,1.0
7,,matched,Qmissing3_Q_C_unique_excess_purity,-0.029536199402228555,25,25,1.0
7,,matched,Qmissing3_Q_C_unique_excess_capture,-0.019690799601485686,25,25,1.0
7,,matched,Qmissing3_Q_C_unique_largest_canonical_correlation,0.02601028416946204,25,25,1.0
7,,matched,Qmissing3_Q_C_unique_smallest_principal_angle,1.544782233915422,25,25,1.0
7,,matched,Qmissing3_Q_P4_dim_U,2.0,25,25,1.0
7,,matched,Qmissing3_Q_P4_dim_Q,4.0,25,25,1.0
7,,matched,Qmissing3_Q_P4_shared_energy,0.029266019270532673,25,25,1.0
7,,matched,Qmissing3_Q_P4_purity,0.014633009635266314,25,25,1.0
7,,matched,Qmissing3_Q_P4_capture,0.0073165048176331345,25,25,1.0
7,,matched,Qmissing3_Q_P4_expected_random_purity,0.04,25,25,1.0
7,,matched,Qmissing3_Q_P4_expected_random_capture,0.02,25,25,1.0
7,,matched,Qmissing3_Q_P4_excess_purity,-0.025366990364733596,25,25,1.0
7,,matched,Qmissing3_Q_P4_excess_capture,-0.012683495182366772,25,25,1.0
7,,matched,Qmissing3_Q_P4_largest_canonical_correlation,0.14849750057397604,25,25,1.0
7,,matched,Qmissing3_Q_P4_smallest_principal_angle,1.421686982388254,25,25,1.0
7,,matched,Qextra7_Q_C_dim_U,2.0,25,25,1.0
7,,matched,Qextra7_Q_C_dim_Q,3.0,25,25,1.0
7,,matched,Qextra7_Q_C_shared_energy,1.3404572453988175,25,25,1.0
7,,matched,Qextra7_Q_C_purity,0.6702286226994089,25,25,1.0
7,,matched,Qextra7_Q_C_capture,0.4468190817996058,25,25,1.0
7,,matched,Qextra7_Q_C_expected_random_purity,0.03,25,25,1.0
7,,matched,Qextra7_Q_C_expected_random_capture,0.02,25,25,1.0
7,,matched,Qextra7_Q_C_excess_purity,0.6402286226994087,25,25,1.0
7,,matched,Qextra7_Q_C_excess_capture,0.4268190817996058,25,25,1.0
7,,matched,Qextra7_Q_C_largest_canonical_correlation,0.9527914677740752,25,25,1.0
7,,matched,Qextra7_Q_C_smallest_principal_angle,0.3084277894228277,25,25,1.0
7,,matched,Qextra7_Q_C_unique_dim_U,2.0,25,25,1.0
7,,matched,Qextra7_Q_C_unique_dim_Q,3.0,25,25,1.0
7,,matched,Qextra7_Q_C_unique_shared_energy,1.380644293893008,25,25,1.0
7,,matched,Qextra7_Q_C_unique_purity,0.690322146946504,25,25,1.0
7,,matched,Qextra7_Q_C_unique_capture,0.4602147646310026,25,25,1.0
7,,matched,Qextra7_Q_C_unique_expected_random_purity,0.03,25,25,1.0
7,,matched,Qextra7_Q_C_unique_expected_random_capture,0.02,25,25,1.0
7,,matched,Qextra7_Q_C_unique_excess_purity,0.6603221469465038,25,25,1.0
7,,matched,Qextra7_Q_C_unique_excess_capture,0.44021476463100256,25,25,1.0
7,,matched,Qextra7_Q_C_unique_largest_canonical_correlation,0.9721449456610983,25,25,1.0
7,,matched,Qextra7_Q_C_unique_smallest_principal_angle,0.23650476712481314,25,25,1.0
7,,matched,Qextra7_Q_C_full_dim_U,2.0,25,25,1.0
7,,matched,Qextra7_Q_C_full_dim_Q,4.0,25,25,1.0
7,,matched,Qextra7_Q_C_full_shared_energy,1.7838401902210361,25,25,1.0
7,,matched,Qextra7_Q_C_full_purity,0.8919200951105181,25,25,1.0
7,,matched,Qextra7_Q_C_full_capture,0.44596004755525903,25,25,1.0
7,,matched,Qextra7_Q_C_full_expected_random_purity,0.04,25,25,1.0
7,,matched,Qextra7_Q_C_full_expected_random_capture,0.02,25,25,1.0
7,,matched,Qextra7_Q_C_full_excess_purity,0.8519200951105179,25,25,1.0
7,,matched,Qextra7_Q_C_full_excess_capture,0.42596004755525896,25,25,1.0
7,,matched,Qextra7_Q_C_full_largest_canonical_correlation,0.9553351066742518,25,25,1.0
7,,matched,Qextra7_Q_C_full_smallest_principal_angle,0.2998073348511252,25,25,1.0
7,,matched,Qextra7_Q_P4_dim_U,2.0,25,25,1.0
7,,matched,Qextra7_Q_P4_dim_Q,4.0,25,25,1.0
7,,matched,Qextra7_Q_P4_shared_energy,1.8248286478190219,25,25,1.0
7,,matched,Qextra7_Q_P4_purity,0.9124143239095109,25,25,1.0
7,,matched,Qextra7_Q_P4_capture,0.45620716195475536,25,25,1.0
7,,matched,Qextra7_Q_P4_expected_random_purity,0.04,25,25,1.0
7,,matched,Qextra7_Q_P4_expected_random_capture,0.02,25,25,1.0
7,,matched,Qextra7_Q_P4_excess_purity,0.8724143239095109,25,25,1.0
7,,matched,Qextra7_Q_P4_excess_capture,0.43620716195475545,25,25,1.0
7,,matched,Qextra7_Q_P4_largest_canonical_correlation,0.9653383882162604,25,25,1.0
7,,matched,Qextra7_Q_P4_smallest_principal_angle,0.26342452677027894,25,25,1.0
7,,matched,Qextra7_Q_F_dim_U,2.0,25,25,1.0
7,,matched,Qextra7_Q_F_dim_Q,5.0,25,25,1.0
7,,matched,Qextra7_Q_F_shared_energy,0.006900831201216689,25,25,1.0
7,,matched,Qextra7_Q_F_purity,0.003450415600608328,25,25,1.0
7,,matched,Qextra7_Q_F_capture,0.001380166240243304,25,25,1.0
7,,matched,Qextra7_Q_F_expected_random_purity,0.05000000000000001,25,25,1.0
7,,matched,Qextra7_Q_F_expected_random_capture,0.02,25,25,1.0
7,,matched,Qextra7_Q_F_excess_purity,-0.04654958439939159,25,25,1.0
7,,matched,Qextra7_Q_F_excess_capture,-0.018619833759756607,25,25,1.0
7,,matched,Qextra7_Q_F_largest_canonical_correlation,0.07931982899930512,25,25,1.0
7,,matched,Qextra7_Q_F_smallest_principal_angle,1.4913895936160224,25,25,1.0
8,,matched,Qmissing3_Q_F_dim_U,2.0,25,25,1.0
8,,matched,Qmissing3_Q_F_dim_Q,5.0,25,25,1.0
8,,matched,Qmissing3_Q_F_shared_energy,1.9797435797961667,25,25,1.0
8,,matched,Qmissing3_Q_F_purity,0.9898717898980833,25,25,1.0
8,,matched,Qmissing3_Q_F_capture,0.3959487159592333,25,25,1.0
8,,matched,Qmissing3_Q_F_expected_random_purity,0.05000000000000001,25,25,1.0
8,,matched,Qmissing3_Q_F_expected_random_capture,0.02,25,25,1.0
8,,matched,Qmissing3_Q_F_excess_purity,0.9398717898980834,25,25,1.0
8,,matched,Qmissing3_Q_F_excess_capture,0.3759487159592333,25,25,1.0
8,,matched,Qmissing3_Q_F_largest_canonical_correlation,0.9989741595814031,25,25,1.0
8,,matched,Qmissing3_Q_F_smallest_principal_angle,0.04527553414752623,25,25,1.0
8,,matched,Qmissing3_Q_F_unique_dim_U,2.0,25,25,1.0
8,,matched,Qmissing3_Q_F_unique_dim_Q,5.0,25,25,1.0
8,,matched,Qmissing3_Q_F_unique_shared_energy,1.8930723131018423,25,25,1.0
8,,matched,Qmissing3_Q_F_unique_purity,0.9465361565509212,25,25,1.0
8,,matched,Qmissing3_Q_F_unique_capture,0.37861446262036835,25,25,1.0
8,,matched,Qmissing3_Q_F_unique_expected_random_purity,0.05000000000000001,25,25,1.0
8,,matched,Qmissing3_Q_F_unique_expected_random_capture,0.02,25,25,1.0
8,,matched,Qmissing3_Q_F_unique_excess_purity,0.896536156550921,25,25,1.0
8,,matched,Qmissing3_Q_F_unique_excess_capture,0.35861446262036833,25,25,1.0
8,,matched,Qmissing3_Q_F_unique_largest_canonical_correlation,0.994924425731249,25,25,1.0
8,,matched,Qmissing3_Q_F_unique_smallest_principal_angle,0.09843724583452268,25,25,1.0
8,,matched,Qmissing3_Q_C_dim_U,2.0,25,25,1.0
8,,matched,Qmissing3_Q_C_dim_Q,3.0,25,25,1.0
8,,matched,Qmissing3_Q_C_shared_energy,0.09608757612292487,25,25,1.0
8,,matched,Qmissing3_Q_C_purity,0.04804378806146242,25,25,1.0
8,,matched,Qmissing3_Q_C_capture,0.03202919204097493,25,25,1.0
8,,matched,Qmissing3_Q_C_expected_random_purity,0.03,25,25,1.0
8,,matched,Qmissing3_Q_C_expected_random_capture,0.02,25,25,1.0
8,,matched,Qmissing3_Q_C_excess_purity,0.01804378806146243,25,25,1.0
8,,matched,Qmissing3_Q_C_excess_capture,0.012029192040974933,25,25,1.0
8,,matched,Qmissing3_Q_C_largest_canonical_correlation,0.2957475194914912,25,25,1.0
8,,matched,Qmissing3_Q_C_smallest_principal_angle,1.2705033294939498,25,25,1.0
8,,matched,Qmissing3_Q_C_unique_dim_U,2.0,25,25,1.0
8,,matched,Qmissing3_Q_C_unique_dim_Q,3.0,25,25,1.0
8,,matched,Qmissing3_Q_C_unique_shared_energy,0.009416309428599168,25,25,1.0
8,,matched,Qmissing3_Q_C_unique_purity,0.0047081547142995474,25,25,1.0
8,,matched,Qmissing3_Q_C_unique_capture,0.00313876980953302,25,25,1.0
8,,matched,Qmissing3_Q_C_unique_expected_random_purity,0.03,25,25,1.0
8,,matched,Qmissing3_Q_C_unique_expected_random_capture,0.02,25,25,1.0
8,,matched,Qmissing3_Q_C_unique_excess_purity,-0.025291845285700346,25,25,1.0
8,,matched,Qmissing3_Q_C_unique_excess_capture,-0.01686123019046688,25,25,1.0
8,,matched,Qmissing3_Q_C_unique_largest_canonical_correlation,0.09369202221104209,25,25,1.0
8,,matched,Qmissing3_Q_C_unique_smallest_principal_angle,1.4769466145250307,25,25,1.0
8,,matched,Qmissing3_Q_P4_dim_U,2.0,25,25,1.0
8,,matched,Qmissing3_Q_P4_dim_Q,4.0,25,25,1.0
8,,matched,Qmissing3_Q_P4_shared_energy,0.10560752910504193,25,25,1.0
8,,matched,Qmissing3_Q_P4_purity,0.05280376455252094,25,25,1.0
8,,matched,Qmissing3_Q_P4_capture,0.026401882276260443,25,25,1.0
8,,matched,Qmissing3_Q_P4_expected_random_purity,0.04,25,25,1.0
8,,matched,Qmissing3_Q_P4_expected_random_capture,0.02,25,25,1.0
8,,matched,Qmissing3_Q_P4_excess_purity,0.012803764552520934,25,25,1.0
8,,matched,Qmissing3_Q_P4_excess_capture,0.0064018822762604444,25,25,1.0
8,,matched,Qmissing3_Q_P4_largest_canonical_correlation,0.306790860953767,25,25,1.0
8,,matched,Qmissing3_Q_P4_smallest_principal_angle,1.2589166588617235,25,25,1.0
8,,matched,Qextra7_Q_C_dim_U,2.0,25,25,1.0
8,,matched,Qextra7_Q_C_dim_Q,3.0,25,25,1.0
8,,matched,Qextra7_Q_C_shared_energy,1.173654605294678,25,25,1.0
8,,matched,Qextra7_Q_C_purity,0.586827302647339,25,25,1.0
8,,matched,Qextra7_Q_C_capture,0.3912182017648926,25,25,1.0
8,,matched,Qextra7_Q_C_expected_random_purity,0.03,25,25,1.0
8,,matched,Qextra7_Q_C_expected_random_capture,0.02,25,25,1.0
8,,matched,Qextra7_Q_C_excess_purity,0.5568273026473389,25,25,1.0
8,,matched,Qextra7_Q_C_excess_capture,0.37121820176489256,25,25,1.0
8,,matched,Qextra7_Q_C_largest_canonical_correlation,0.9194589171135474,25,25,1.0
8,,matched,Qextra7_Q_C_smallest_principal_angle,0.4037408908379122,25,25,1.0
8,,matched,Qextra7_Q_C_unique_dim_U,2.0,25,25,1.0
8,,matched,Qextra7_Q_C_unique_dim_Q,3.0,25,25,1.0
8,,matched,Qextra7_Q_C_unique_shared_energy,1.3111951908038941,25,25,1.0
8,,matched,Qextra7_Q_C_unique_purity,0.6555975954019471,25,25,1.0
8,,matched,Qextra7_Q_C_unique_capture,0.437065063601298,25,25,1.0
8,,matched,Qextra7_Q_C_unique_expected_random_purity,0.03,25,25,1.0
8,,matched,Qextra7_Q_C_unique_expected_random_capture,0.02,25,25,1.0
8,,matched,Qextra7_Q_C_unique_excess_purity,0.625597595401947,25,25,1.0
8,,matched,Qextra7_Q_C_unique_excess_capture,0.4170650636012979,25,25,1.0
8,,matched,Qextra7_Q_C_unique_largest_canonical_correlation,0.9741444402306079,25,25,1.0
8,,matched,Qextra7_Q_C_unique_smallest_principal_angle,0.22780252776359666,25,25,1.0
8,,matched,Qextra7_Q_C_full_dim_U,2.0,25,25,1.0
8,,matched,Qextra7_Q_C_full_dim_Q,4.0,25,25,1.0
8,,matched,Qextra7_Q_C_full_shared_energy,1.723563902595786,25,25,1.0
8,,matched,Qextra7_Q_C_full_purity,0.861781951297893,25,25,1.0
8,,matched,Qextra7_Q_C_full_capture,0.43089097564894646,25,25,1.0
8,,matched,Qextra7_Q_C_full_expected_random_purity,0.04,25,25,1.0
8,,matched,Qextra7_Q_C_full_expected_random_capture,0.02,25,25,1.0
8,,matched,Qextra7_Q_C_full_excess_purity,0.821781951297893,25,25,1.0
8,,matched,Qextra7_Q_C_full_excess_capture,0.41089097564894644,25,25,1.0
8,,matched,Qextra7_Q_C_full_largest_canonical_correlation,0.9453665049774124,25,25,1.0
8,,matched,Qextra7_Q_C_full_smallest_principal_angle,0.3320170032213438,25,25,1.0
8,,matched,Qextra7_Q_P4_dim_U,2.0,25,25,1.0
8,,matched,Qextra7_Q_P4_dim_Q,4.0,25,25,1.0
8,,matched,Qextra7_Q_P4_shared_energy,1.7540364106659123,25,25,1.0
8,,matched,Qextra7_Q_P4_purity,0.8770182053329562,25,25,1.0
8,,matched,Qextra7_Q_P4_capture,0.438509102666478,25,25,1.0
8,,matched,Qextra7_Q_P4_expected_random_purity,0.04,25,25,1.0
8,,matched,Qextra7_Q_P4_expected_random_capture,0.02,25,25,1.0
8,,matched,Qextra7_Q_P4_excess_purity,0.837018205332956,25,25,1.0
8,,matched,Qextra7_Q_P4_excess_capture,0.41850910266647795,25,25,1.0
8,,matched,Qextra7_Q_P4_largest_canonical_correlation,0.9535197751116951,25,25,1.0
8,,matched,Qextra7_Q_P4_smallest_principal_angle,0.30606028072966396,25,25,1.0
8,,matched,Qextra7_Q_F_dim_U,2.0,25,25,1.0
8,,matched,Qextra7_Q_F_dim_Q,5.0,25,25,1.0
8,,matched,Qextra7_Q_F_shared_energy,0.018793879796210087,25,25,1.0
8,,matched,Qextra7_Q_F_purity,0.009396939898105012,25,25,1.0
8,,matched,Qextra7_Q_F_capture,0.003758775959241984,25,25,1.0
8,,matched,Qextra7_Q_F_expected_random_purity,0.05000000000000001,25,25,1.0
8,,matched,Qextra7_Q_F_expected_random_capture,0.02,25,25,1.0
8,,matched,Qextra7_Q_F_excess_purity,-0.04060306010189489,25,25,1.0
8,,matched,Qextra7_Q_F_excess_capture,-0.016241224040757923,25,25,1.0
8,,matched,Qextra7_Q_F_largest_canonical_correlation,0.13441146472377904,25,25,1.0
8,,matched,Qextra7_Q_F_smallest_principal_angle,1.4359376898596217,25,25,1.0
9,,matched,Qmissing3_Q_F_dim_U,2.0,25,25,1.0
9,,matched,Qmissing3_Q_F_dim_Q,5.0,25,25,1.0
9,,matched,Qmissing3_Q_F_shared_energy,1.984794362697948,25,25,1.0
9,,matched,Qmissing3_Q_F_purity,0.992397181348974,25,25,1.0
9,,matched,Qmissing3_Q_F_capture,0.39695887253958956,25,25,1.0
9,,matched,Qmissing3_Q_F_expected_random_purity,0.05000000000000001,25,25,1.0
9,,matched,Qmissing3_Q_F_expected_random_capture,0.02,25,25,1.0
9,,matched,Qmissing3_Q_F_excess_purity,0.9423971813489739,25,25,1.0
9,,matched,Qmissing3_Q_F_excess_capture,0.3769588725395896,25,25,1.0
9,,matched,Qmissing3_Q_F_largest_canonical_correlation,0.9981561964744213,25,25,1.0
9,,matched,Qmissing3_Q_F_smallest_principal_angle,0.06036494373562147,25,25,1.0
9,,matched,Qmissing3_Q_F_unique_dim_U,2.0,25,25,1.0
9,,matched,Qmissing3_Q_F_unique_dim_Q,5.0,25,25,1.0
9,,matched,Qmissing3_Q_F_unique_shared_energy,1.9619222702253805,25,25,1.0
9,,matched,Qmissing3_Q_F_unique_purity,0.9809611351126901,25,25,1.0
9,,matched,Qmissing3_Q_F_unique_capture,0.392384454045076,25,25,1.0
9,,matched,Qmissing3_Q_F_unique_expected_random_purity,0.05000000000000001,25,25,1.0
9,,matched,Qmissing3_Q_F_unique_expected_random_capture,0.02,25,25,1.0
9,,matched,Qmissing3_Q_F_unique_excess_purity,0.9309611351126903,25,25,1.0
9,,matched,Qmissing3_Q_F_unique_excess_capture,0.37238445404507603,25,25,1.0
9,,matched,Qmissing3_Q_F_unique_largest_canonical_correlation,0.9957183065044447,25,25,1.0
9,,matched,Qmissing3_Q_F_unique_smallest_principal_angle,0.09216801834115577,25,25,1.0
9,,matched,Qmissing3_Q_C_dim_U,2.0,25,25,1.0
9,,matched,Qmissing3_Q_C_dim_Q,3.0,25,25,1.0
9,,matched,Qmissing3_Q_C_shared_energy,0.02604024425183763,25,25,1.0
9,,matched,Qmissing3_Q_C_purity,0.0130201221259188,25,25,1.0
9,,matched,Qmissing3_Q_C_capture,0.008680081417279181,25,25,1.0
9,,matched,Qmissing3_Q_C_expected_random_purity,0.03,25,25,1.0
9,,matched,Qmissing3_Q_C_expected_random_capture,0.02,25,25,1.0
9,,matched,Qmissing3_Q_C_excess_purity,-0.0169798778740811,25,25,1.0
9,,matched,Qmissing3_Q_C_excess_capture,-0.011319918582720719,25,25,1.0
9,,matched,Qmissing3_Q_C_largest_canonical_correlation,0.14488619731683125,25,25,1.0
9,,matched,Qmissing3_Q_C_smallest_principal_angle,1.4253894248131274,25,25,1.0
9,,matched,Qmissing3_Q_C_unique_dim_U,2.0,25,25,1.0
9,,matched,Qmissing3_Q_C_unique_dim_Q,3.0,25,25,1.0
9,,matched,Qmissing3_Q_C_unique_shared_energy,0.0031681517792712124,25,25,1.0
9,,matched,Qmissing3_Q_C_unique_purity,0.00158407588963558,25,25,1.0
9,,matched,Qmissing3_Q_C_unique_capture,0.001056050593090368,25,25,1.0
9,,matched,Qmissing3_Q_C_unique_expected_random_purity,0.03,25,25,1.0
9,,matched,Qmissing3_Q_C_unique_expected_random_capture,0.02,25,25,1.0
9,,matched,Qmissing3_Q_C_unique_excess_purity,-0.02841592411036432,25,25,1.0
9,,matched,Qmissing3_Q_C_unique_excess_capture,-0.018943949406909532,25,25,1.0
9,,matched,Qmissing3_Q_C_unique_largest_canonical_correlation,0.05362598665166111,25,25,1.0
9,,matched,Qmissing3_Q_C_unique_smallest_principal_angle,1.5171402108018537,25,25,1.0
9,,matched,Qmissing3_Q_P4_dim_U,2.0,25,25,1.0
9,,matched,Qmissing3_Q_P4_dim_Q,4.0,25,25,1.0
9,,matched,Qmissing3_Q_P4_shared_energy,0.054101379546455934,25,25,1.0
9,,matched,Qmissing3_Q_P4_purity,0.02705068977322794,25,25,1.0
9,,matched,Qmissing3_Q_P4_capture,0.013525344886613949,25,25,1.0
9,,matched,Qmissing3_Q_P4_expected_random_purity,0.04,25,25,1.0
9,,matched,Qmissing3_Q_P4_expected_random_capture,0.02,25,25,1.0
9,,matched,Qmissing3_Q_P4_excess_purity,-0.012949310226771961,25,25,1.0
9,,matched,Qmissing3_Q_P4_excess_capture,-0.006474655113385956,25,25,1.0
9,,matched,Qmissing3_Q_P4_largest_canonical_correlation,0.21624287929574038,25,25,1.0
9,,matched,Qmissing3_Q_P4_smallest_principal_angle,1.3528297126185924,25,25,1.0
9,,matched,Qextra7_Q_C_dim_U,2.0,25,25,1.0
9,,matched,Qextra7_Q_C_dim_Q,3.0,25,25,1.0
9,,matched,Qextra7_Q_C_shared_energy,1.29586650142246,25,25,1.0
9,,matched,Qextra7_Q_C_purity,0.64793325071123,25,25,1.0
9,,matched,Qextra7_Q_C_capture,0.43195550047415326,25,25,1.0
9,,matched,Qextra7_Q_C_expected_random_purity,0.03,25,25,1.0
9,,matched,Qextra7_Q_C_expected_random_capture,0.02,25,25,1.0
9,,matched,Qextra7_Q_C_excess_purity,0.6179332507112298,25,25,1.0
9,,matched,Qextra7_Q_C_excess_capture,0.41195550047415325,25,25,1.0
9,,matched,Qextra7_Q_C_largest_canonical_correlation,0.9561750781069162,25,25,1.0
9,,matched,Qextra7_Q_C_smallest_principal_angle,0.29686884701555205,25,25,1.0
9,,matched,Qextra7_Q_C_unique_dim_U,2.0,25,25,1.0
9,,matched,Qextra7_Q_C_unique_dim_Q,3.0,25,25,1.0
9,,matched,Qextra7_Q_C_unique_shared_energy,1.374665923903375,25,25,1.0
9,,matched,Qextra7_Q_C_unique_purity,0.6873329619516875,25,25,1.0
9,,matched,Qextra7_Q_C_unique_capture,0.4582219746344583,25,25,1.0
9,,matched,Qextra7_Q_C_unique_expected_random_purity,0.03,25,25,1.0
9,,matched,Qextra7_Q_C_unique_expected_random_capture,0.02,25,25,1.0
9,,matched,Qextra7_Q_C_unique_excess_purity,0.6573329619516874,25,25,1.0
9,,matched,Qextra7_Q_C_unique_excess_capture,0.43822197463445833,25,25,1.0
9,,matched,Qextra7_Q_C_unique_largest_canonical_correlation,0.9798398508012457,25,25,1.0
9,,matched,Qextra7_Q_C_unique_smallest_principal_angle,0.20100454744486757,25,25,1.0
9,,matched,Qextra7_Q_C_full_dim_U,2.0,25,25,1.0
9,,matched,Qextra7_Q_C_full_dim_Q,4.0,25,25,1.0
9,,matched,Qextra7_Q_C_full_shared_energy,1.8356325347377096,25,25,1.0
9,,matched,Qextra7_Q_C_full_purity,0.9178162673688548,25,25,1.0
9,,matched,Qextra7_Q_C_full_capture,0.4589081336844274,25,25,1.0
9,,matched,Qextra7_Q_C_full_expected_random_purity,0.04,25,25,1.0
9,,matched,Qextra7_Q_C_full_expected_random_capture,0.02,25,25,1.0
9,,matched,Qextra7_Q_C_full_excess_purity,0.8778162673688549,25,25,1.0
9,,matched,Qextra7_Q_C_full_excess_capture,0.43890813368442744,25,25,1.0
9,,matched,Qextra7_Q_C_full_largest_canonical_correlation,0.9651857645494093,25,25,1.0
9,,matched,Qextra7_Q_C_full_smallest_principal_angle,0.2645626179662342,25,25,1.0
9,,matched,Qextra7_Q_P4_dim_U,2.0,25,25,1.0
9,,matched,Qextra7_Q_P4_dim_Q,4.0,25,25,1.0
9,,matched,Qextra7_Q_P4_shared_energy,1.8571114097990513,25,25,1.0
9,,matched,Qextra7_Q_P4_purity,0.9285557048995259,25,25,1.0
9,,matched,Qextra7_Q_P4_capture,0.46427785244976283,25,25,1.0
9,,matched,Qextra7_Q_P4_expected_random_purity,0.04,25,25,1.0
9,,matched,Qextra7_Q_P4_expected_random_capture,0.02,25,25,1.0
9,,matched,Qextra7_Q_P4_excess_purity,0.8885557048995258,25,25,1.0
9,,matched,Qextra7_Q_P4_excess_capture,0.4442778524497629,25,25,1.0
9,,matched,Qextra7_Q_P4_largest_canonical_correlation,0.9738073103995514,25,25,1.0
9,,matched,Qextra7_Q_P4_smallest_principal_angle,0.229316768767709,25,25,1.0
9,,matched,Qextra7_Q_F_dim_U,2.0,25,25,1.0
9,,matched,Qextra7_Q_F_dim_Q,5.0,25,25,1.0
9,,matched,Qextra7_Q_F_shared_energy,0.0077699824529264125,25,25,1.0
9,,matched,Qextra7_Q_F_purity,0.0038849912264631798,25,25,1.0
9,,matched,Qextra7_Q_F_capture,0.0015539964905852278,25,25,1.0
9,,matched,Qextra7_Q_F_expected_random_purity,0.05000000000000001,25,25,1.0
9,,matched,Qextra7_Q_F_expected_random_capture,0.02,25,25,1.0
9,,matched,Qextra7_Q_F_excess_purity,-0.04611500877353673,25,25,1.0
9,,matched,Qextra7_Q_F_excess_capture,-0.018446003509414673,25,25,1.0
9,,matched,Qextra7_Q_F_largest_canonical_correlation,0.07976653218074893,25,25,1.0
9,,matched,Qextra7_Q_F_smallest_principal_angle,1.4909330431738084,25,25,1.0
10,,matched,Qmissing3_Q_F_dim_U,2.0,25,25,1.0
10,,matched,Qmissing3_Q_F_dim_Q,5.0,25,25,1.0
10,,matched,Qmissing3_Q_F_shared_energy,1.9765910207848123,25,25,1.0
10,,matched,Qmissing3_Q_F_purity,0.9882955103924062,25,25,1.0
10,,matched,Qmissing3_Q_F_capture,0.39531820415696245,25,25,1.0
10,,matched,Qmissing3_Q_F_expected_random_purity,0.05000000000000001,25,25,1.0
10,,matched,Qmissing3_Q_F_expected_random_capture,0.02,25,25,1.0
10,,matched,Qmissing3_Q_F_excess_purity,0.938295510392406,25,25,1.0
10,,matched,Qmissing3_Q_F_excess_capture,0.37531820415696243,25,25,1.0
10,,matched,Qmissing3_Q_F_largest_canonical_correlation,0.9983428588110047,25,25,1.0
10,,matched,Qmissing3_Q_F_smallest_principal_angle,0.05628141081962713,25,25,1.0
10,,matched,Qmissing3_Q_F_unique_dim_U,2.0,25,25,1.0
10,,matched,Qmissing3_Q_F_unique_dim_Q,5.0,25,25,1.0
10,,matched,Qmissing3_Q_F_unique_shared_energy,1.877992919619016,25,25,1.0
10,,matched,Qmissing3_Q_F_unique_purity,0.938996459809508,25,25,1.0
10,,matched,Qmissing3_Q_F_unique_capture,0.37559858392380313,25,25,1.0
10,,matched,Qmissing3_Q_F_unique_expected_random_purity,0.05000000000000001,25,25,1.0
10,,matched,Qmissing3_Q_F_unique_expected_random_capture,0.02,25,25,1.0
10,,matched,Qmissing3_Q_F_unique_excess_purity,0.8889964598095079,25,25,1.0
10,,matched,Qmissing3_Q_F_unique_excess_capture,0.3555985839238031,25,25,1.0
10,,matched,Qmissing3_Q_F_unique_largest_canonical_correlation,0.9892609201022247,25,25,1.0
10,,matched,Qmissing3_Q_F_unique_smallest_principal_angle,0.13540040710775508,25,25,1.0
10,,matched,Qmissing3_Q_C_dim_U,2.0,25,25,1.0
10,,matched,Qmissing3_Q_C_dim_Q,3.0,25,25,1.0
10,,matched,Qmissing3_Q_C_shared_energy,0.10850597123722881,25,25,1.0
10,,matched,Qmissing3_Q_C_purity,0.054252985618614386,25,25,1.0
10,,matched,Qmissing3_Q_C_capture,0.03616865707907624,25,25,1.0
10,,matched,Qmissing3_Q_C_expected_random_purity,0.03,25,25,1.0
10,,matched,Qmissing3_Q_C_expected_random_capture,0.02,25,25,1.0
10,,matched,Qmissing3_Q_C_excess_purity,0.02425298561861439,25,25,1.0
10,,matched,Qmissing3_Q_C_excess_capture,0.016168657079076235,25,25,1.0
10,,matched,Qmissing3_Q_C_largest_canonical_correlation,0.2998108558836384,25,25,1.0
10,,matched,Qmissing3_Q_C_smallest_principal_angle,1.2662961961985255,25,25,1.0
10,,matched,Qmissing3_Q_C_unique_dim_U,2.0,25,25,1.0
10,,matched,Qmissing3_Q_C_unique_dim_Q,3.0,25,25,1.0
10,,matched,Qmissing3_Q_C_unique_shared_energy,0.009907870071432527,25,25,1.0
10,,matched,Qmissing3_Q_C_unique_purity,0.004953935035716237,25,25,1.0
10,,matched,Qmissing3_Q_C_unique_capture,0.00330262335714414,25,25,1.0
10,,matched,Qmissing3_Q_C_unique_expected_random_purity,0.03,25,25,1.0
10,,matched,Qmissing3_Q_C_unique_expected_random_capture,0.02,25,25,1.0
10,,matched,Qmissing3_Q_C_unique_excess_purity,-0.025046064964283663,25,25,1.0
10,,matched,Qmissing3_Q_C_unique_excess_capture,-0.01669737664285577,25,25,1.0
10,,matched,Qmissing3_Q_C_unique_largest_canonical_correlation,0.0946180867627594,25,25,1.0
10,,matched,Qmissing3_Q_C_unique_smallest_principal_angle,1.4760331606125814,25,25,1.0
10,,matched,Qmissing3_Q_P4_dim_U,2.0,25,25,1.0
10,,matched,Qmissing3_Q_P4_dim_Q,4.0,25,25,1.0
10,,matched,Qmissing3_Q_P4_shared_energy,0.20318671497597912,25,25,1.0
10,,matched,Qmissing3_Q_P4_purity,0.10159335748798953,25,25,1.0
10,,matched,Qmissing3_Q_P4_capture,0.050796678743994746,25,25,1.0
10,,matched,Qmissing3_Q_P4_expected_random_purity,0.04,25,25,1.0
10,,matched,Qmissing3_Q_P4_expected_random_capture,0.02,25,25,1.0
10,,matched,Qmissing3_Q_P4_excess_purity,0.06159335748798953,25,25,1.0
10,,matched,Qmissing3_Q_P4_excess_capture,0.030796678743994742,25,25,1.0
10,,matched,Qmissing3_Q_P4_largest_canonical_correlation,0.4277630159066374,25,25,1.0
10,,matched,Qmissing3_Q_P4_smallest_principal_angle,1.1287518841491286,25,25,1.0
10,,matched,Qextra7_Q_C_dim_U,2.0,25,25,1.0
10,,matched,Qextra7_Q_C_dim_Q,3.0,25,25,1.0
10,,matched,Qextra7_Q_C_shared_energy,1.2491464284016827,25,25,1.0
10,,matched,Qextra7_Q_C_purity,0.6245732142008413,25,25,1.0
10,,matched,Qextra7_Q_C_capture,0.4163821428005609,25,25,1.0
10,,matched,Qextra7_Q_C_expected_random_purity,0.03,25,25,1.0
10,,matched,Qextra7_Q_C_expected_random_capture,0.02,25,25,1.0
10,,matched,Qextra7_Q_C_excess_purity,0.5945732142008413,25,25,1.0
10,,matched,Qextra7_Q_C_excess_capture,0.39638214280056083,25,25,1.0
10,,matched,Qextra7_Q_C_largest_canonical_correlation,0.9431359865125272,25,25,1.0
10,,matched,Qextra7_Q_C_smallest_principal_angle,0.33863522900560583,25,25,1.0
10,,matched,Qextra7_Q_C_unique_dim_U,2.0,25,25,1.0
10,,matched,Qextra7_Q_C_unique_dim_Q,3.0,25,25,1.0
10,,matched,Qextra7_Q_C_unique_shared_energy,1.3601869703234923,25,25,1.0
10,,matched,Qextra7_Q_C_unique_purity,0.6800934851617462,25,25,1.0
10,,matched,Qextra7_Q_C_unique_capture,0.4533956567744974,25,25,1.0
10,,matched,Qextra7_Q_C_unique_expected_random_purity,0.03,25,25,1.0
10,,matched,Qextra7_Q_C_unique_expected_random_capture,0.02,25,25,1.0
10,,matched,Qextra7_Q_C_unique_excess_purity,0.6500934851617461,25,25,1.0
10,,matched,Qextra7_Q_C_unique_excess_capture,0.4333956567744973,25,25,1.0
10,,matched,Qextra7_Q_C_unique_largest_canonical_correlation,0.97459351161307,25,25,1.0
10,,matched,Qextra7_Q_C_unique_smallest_principal_angle,0.22581350054419613,25,25,1.0
10,,matched,Qextra7_Q_C_full_dim_U,2.0,25,25,1.0
10,,matched,Qextra7_Q_C_full_dim_Q,4.0,25,25,1.0
10,,matched,Qextra7_Q_C_full_shared_energy,1.6648846644288886,25,25,1.0
10,,matched,Qextra7_Q_C_full_purity,0.8324423322144443,25,25,1.0
10,,matched,Qextra7_Q_C_full_capture,0.41622116610722215,25,25,1.0
10,,matched,Qextra7_Q_C_full_expected_random_purity,0.04,25,25,1.0
10,,matched,Qextra7_Q_C_full_expected_random_capture,0.02,25,25,1.0
10,,matched,Qextra7_Q_C_full_excess_purity,0.7924423322144443,25,25,1.0
10,,matched,Qextra7_Q_C_full_excess_capture,0.39622116610722213,25,25,1.0
10,,matched,Qextra7_Q_C_full_largest_canonical_correlation,0.9437616232850581,25,25,1.0
10,,matched,Qextra7_Q_C_full_smallest_principal_angle,0.3367585013176877,25,25,1.0
10,,matched,Qextra7_Q_P4_dim_U,2.0,25,25,1.0
10,,matched,Qextra7_Q_P4_dim_Q,4.0,25,25,1.0
10,,matched,Qextra7_Q_P4_shared_energy,1.6877122532740068,25,25,1.0
10,,matched,Qextra7_Q_P4_purity,0.8438561266370036,25,25,1.0
10,,matched,Qextra7_Q_P4_capture,0.4219280633185017,25,25,1.0
10,,matched,Qextra7_Q_P4_expected_random_purity,0.04,25,25,1.0
10,,matched,Qextra7_Q_P4_expected_random_capture,0.02,25,25,1.0
10,,matched,Qextra7_Q_P4_excess_purity,0.8038561266370036,25,25,1.0
10,,matched,Qextra7_Q_P4_excess_capture,0.4019280633185017,25,25,1.0
10,,matched,Qextra7_Q_P4_largest_canonical_correlation,0.9477975313026082,25,25,1.0
10,,matched,Qextra7_Q_P4_smallest_principal_angle,0.32420337354475043,25,25,1.0
10,,matched,Qextra7_Q_F_dim_U,2.0,25,25,1.0
10,,matched,Qextra7_Q_F_dim_Q,5.0,25,25,1.0
10,,matched,Qextra7_Q_F_shared_energy,0.019320067863937182,25,25,1.0
10,,matched,Qextra7_Q_F_purity,0.009660033931968568,25,25,1.0
10,,matched,Qextra7_Q_F_capture,0.0038640135727874003,25,25,1.0
10,,matched,Qextra7_Q_F_expected_random_purity,0.05000000000000001,25,25,1.0
10,,matched,Qextra7_Q_F_expected_random_capture,0.02,25,25,1.0
10,,matched,Qextra7_Q_F_excess_purity,-0.04033996606803134,25,25,1.0
10,,matched,Qextra7_Q_F_excess_capture,-0.0161359864272125,25,25,1.0
10,,matched,Qextra7_Q_F_largest_canonical_correlation,0.1285148899996661,25,25,1.0
10,,matched,Qextra7_Q_F_smallest_principal_angle,1.4419176018159074,25,25,1.0
11,,matched,Qmissing3_Q_F_dim_U,2.0,25,25,1.0
11,,matched,Qmissing3_Q_F_dim_Q,5.0,25,25,1.0
11,,matched,Qmissing3_Q_F_shared_energy,1.9850910455275517,25,25,1.0
11,,matched,Qmissing3_Q_F_purity,0.9925455227637758,25,25,1.0
11,,matched,Qmissing3_Q_F_capture,0.3970182091055103,25,25,1.0
11,,matched,Qmissing3_Q_F_expected_random_purity,0.05000000000000001,25,25,1.0
11,,matched,Qmissing3_Q_F_expected_random_capture,0.02,25,25,1.0
11,,matched,Qmissing3_Q_F_excess_purity,0.9425455227637757,25,25,1.0
11,,matched,Qmissing3_Q_F_excess_capture,0.37701820910551026,25,25,1.0
11,,matched,Qmissing3_Q_F_largest_canonical_correlation,0.9983295981458044,25,25,1.0
11,,matched,Qmissing3_Q_F_smallest_principal_angle,0.05756057369852211,25,25,1.0
11,,matched,Qmissing3_Q_F_unique_dim_U,2.0,25,25,1.0
11,,matched,Qmissing3_Q_F_unique_dim_Q,5.0,25,25,1.0
11,,matched,Qmissing3_Q_F_unique_shared_energy,1.935079868729342,25,25,1.0
11,,matched,Qmissing3_Q_F_unique_purity,0.967539934364671,25,25,1.0
11,,matched,Qmissing3_Q_F_unique_capture,0.3870159737458683,25,25,1.0
11,,matched,Qmissing3_Q_F_unique_expected_random_purity,0.05000000000000001,25,25,1.0
11,,matched,Qmissing3_Q_F_unique_expected_random_capture,0.02,25,25,1.0
11,,matched,Qmissing3_Q_F_unique_excess_purity,0.9175399343646709,25,25,1.0
11,,matched,Qmissing3_Q_F_unique_excess_capture,0.3670159737458683,25,25,1.0
11,,matched,Qmissing3_Q_F_unique_largest_canonical_correlation,0.9910402871992688,25,25,1.0
11,,matched,Qmissing3_Q_F_unique_smallest_principal_angle,0.13265047324537477,25,25,1.0
11,,matched,Qmissing3_Q_C_dim_U,2.0,25,25,1.0
11,,matched,Qmissing3_Q_C_dim_Q,3.0,25,25,1.0
11,,matched,Qmissing3_Q_C_shared_energy,0.05276181025499015,25,25,1.0
11,,matched,Qmissing3_Q_C_purity,0.026380905127495056,25,25,1.0
11,,matched,Qmissing3_Q_C_capture,0.017587270084996685,25,25,1.0
11,,matched,Qmissing3_Q_C_expected_random_purity,0.03,25,25,1.0
11,,matched,Qmissing3_Q_C_expected_random_capture,0.02,25,25,1.0
11,,matched,Qmissing3_Q_C_excess_purity,-0.00361909487250486,25,25,1.0
11,,matched,Qmissing3_Q_C_excess_capture,-0.002412729915003228,25,25,1.0
11,,matched,Qmissing3_Q_C_largest_canonical_correlation,0.19777726137096333,25,25,1.0
11,,matched,Qmissing3_Q_C_smallest_principal_angle,1.3716765296428022,25,25,1.0
11,,matched,Qmissing3_Q_C_unique_dim_U,2.0,25,25,1.0
11,,matched,Qmissing3_Q_C_unique_dim_Q,3.0,25,25,1.0
11,,matched,Qmissing3_Q_C_unique_shared_energy,0.002750633456779692,25,25,1.0
11,,matched,Qmissing3_Q_C_unique_purity,0.00137531672838982,25,25,1.0
11,,matched,Qmissing3_Q_C_unique_capture,0.000916877818926536,25,25,1.0
11,,matched,Qmissing3_Q_C_unique_expected_random_purity,0.03,25,25,1.0
11,,matched,Qmissing3_Q_C_unique_expected_random_capture,0.02,25,25,1.0
11,,matched,Qmissing3_Q_C_unique_excess_purity,-0.02862468327161008,25,25,1.0
11,,matched,Qmissing3_Q_C_unique_excess_capture,-0.01908312218107337,25,25,1.0
11,,matched,Qmissing3_Q_C_unique_largest_canonical_correlation,0.04762615928613674,25,25,1.0
11,,matched,Qmissing3_Q_C_unique_smallest_principal_angle,1.5231495681130127,25,25,1.0
11,,matched,Qmissing3_Q_P4_dim_U,2.0,25,25,1.0
11,,matched,Qmissing3_Q_P4_dim_Q,4.0,25,25,1.0
11,,matched,Qmissing3_Q_P4_shared_energy,0.06941148559565376,25,25,1.0
11,,matched,Qmissing3_Q_P4_purity,0.03470574279782685,25,25,1.0
11,,matched,Qmissing3_Q_P4_capture,0.017352871398913405,25,25,1.0
11,,matched,Qmissing3_Q_P4_expected_random_purity,0.04,25,25,1.0
11,,matched,Qmissing3_Q_P4_expected_random_capture,0.02,25,25,1.0
11,,matched,Qmissing3_Q_P4_excess_purity,-0.0052942572021730605,25,25,1.0
11,,matched,Qmissing3_Q_P4_excess_capture,-0.002647128601086508,25,25,1.0
11,,matched,Qmissing3_Q_P4_largest_canonical_correlation,0.24016955061797407,25,25,1.0
11,,matched,Qmissing3_Q_P4_smallest_principal_angle,1.3282313064126663,25,25,1.0
11,,matched,Qextra7_Q_C_dim_U,2.0,25,25,1.0
11,,matched,Qextra7_Q_C_dim_Q,3.0,25,25,1.0
11,,matched,Qextra7_Q_C_shared_energy,1.2477196791428689,25,25,1.0
11,,matched,Qextra7_Q_C_purity,0.6238598395714344,25,25,1.0
11,,matched,Qextra7_Q_C_capture,0.41590655971428964,25,25,1.0
11,,matched,Qextra7_Q_C_expected_random_purity,0.03,25,25,1.0
11,,matched,Qextra7_Q_C_expected_random_capture,0.02,25,25,1.0
11,,matched,Qextra7_Q_C_excess_purity,0.5938598395714344,25,25,1.0
11,,matched,Qextra7_Q_C_excess_capture,0.39590655971428956,25,25,1.0
11,,matched,Qextra7_Q_C_largest_canonical_correlation,0.9576880782389305,25,25,1.0
11,,matched,Qextra7_Q_C_smallest_principal_angle,0.29186090040083057,25,25,1.0
11,,matched,Qextra7_Q_C_unique_dim_U,2.0,25,25,1.0
11,,matched,Qextra7_Q_C_unique_dim_Q,3.0,25,25,1.0
11,,matched,Qextra7_Q_C_unique_shared_energy,1.3269349644312607,25,25,1.0
11,,matched,Qextra7_Q_C_unique_purity,0.6634674822156303,25,25,1.0
11,,matched,Qextra7_Q_C_unique_capture,0.4423116548104202,25,25,1.0
11,,matched,Qextra7_Q_C_unique_expected_random_purity,0.03,25,25,1.0
11,,matched,Qextra7_Q_C_unique_expected_random_capture,0.02,25,25,1.0
11,,matched,Qextra7_Q_C_unique_excess_purity,0.6334674822156302,25,25,1.0
11,,matched,Qextra7_Q_C_unique_excess_capture,0.4223116548104202,25,25,1.0
11,,matched,Qextra7_Q_C_unique_largest_canonical_correlation,0.9784653149075417,25,25,1.0
11,,matched,Qextra7_Q_C_unique_smallest_principal_angle,0.2078637941327263,25,25,1.0
11,,matched,Qextra7_Q_C_full_dim_U,2.0,25,25,1.0
11,,matched,Qextra7_Q_C_full_dim_Q,4.0,25,25,1.0
11,,matched,Qextra7_Q_C_full_shared_energy,1.810410170716669,25,25,1.0
11,,matched,Qextra7_Q_C_full_purity,0.9052050853583345,25,25,1.0
11,,matched,Qextra7_Q_C_full_capture,0.4526025426791673,25,25,1.0
11,,matched,Qextra7_Q_C_full_expected_random_purity,0.04,25,25,1.0
11,,matched,Qextra7_Q_C_full_expected_random_capture,0.02,25,25,1.0
11,,matched,Qextra7_Q_C_full_excess_purity,0.8652050853583344,25,25,1.0
11,,matched,Qextra7_Q_C_full_excess_capture,0.4326025426791672,25,25,1.0
11,,matched,Qextra7_Q_C_full_largest_canonical_correlation,0.9613340701276268,25,25,1.0
11,,matched,Qextra7_Q_C_full_smallest_principal_angle,0.27877523732427095,25,25,1.0
11,,matched,Qextra7_Q_P4_dim_U,2.0,25,25,1.0
11,,matched,Qextra7_Q_P4_dim_Q,4.0,25,25,1.0
11,,matched,Qextra7_Q_P4_shared_energy,1.8489894447421293,25,25,1.0
11,,matched,Qextra7_Q_P4_purity,0.9244947223710647,25,25,1.0
11,,matched,Qextra7_Q_P4_capture,0.46224736118553233,25,25,1.0
11,,matched,Qextra7_Q_P4_expected_random_purity,0.04,25,25,1.0
11,,matched,Qextra7_Q_P4_expected_random_capture,0.02,25,25,1.0
11,,matched,Qextra7_Q_P4_excess_purity,0.8844947223710646,25,25,1.0
11,,matched,Qextra7_Q_P4_excess_capture,0.4422473611855323,25,25,1.0
11,,matched,Qextra7_Q_P4_largest_canonical_correlation,0.9713614987328427,25,25,1.0
11,,matched,Qextra7_Q_P4_smallest_principal_angle,0.2397798052473332,25,25,1.0
11,,matched,Qextra7_Q_F_dim_U,2.0,25,25,1.0
11,,matched,Qextra7_Q_F_dim_Q,5.0,25,25,1.0
11,,matched,Qextra7_Q_F_shared_energy,0.00604575413373696,25,25,1.0
11,,matched,Qextra7_Q_F_purity,0.0030228770668684524,25,25,1.0
11,,matched,Qextra7_Q_F_capture,0.00120915082674736,25,25,1.0
11,,matched,Qextra7_Q_F_expected_random_purity,0.05000000000000001,25,25,1.0
11,,matched,Qextra7_Q_F_expected_random_capture,0.02,25,25,1.0
11,,matched,Qextra7_Q_F_excess_purity,-0.046977122933131464,25,25,1.0
11,,matched,Qextra7_Q_F_excess_capture,-0.018790849173252543,25,25,1.0
11,,matched,Qextra7_Q_F_largest_canonical_correlation,0.0622909550339704,25,25,1.0
11,,matched,Qextra7_Q_F_smallest_principal_angle,1.5084625146269823,25,25,1.0
12,,matched,Qmissing3_Q_F_dim_U,2.0,25,25,1.0
12,,matched,Qmissing3_Q_F_dim_Q,5.0,25,25,1.0
12,,matched,Qmissing3_Q_F_shared_energy,1.9832256253250296,25,25,1.0
12,,matched,Qmissing3_Q_F_purity,0.9916128126625149,25,25,1.0
12,,matched,Qmissing3_Q_F_capture,0.39664512506500593,25,25,1.0
12,,matched,Qmissing3_Q_F_expected_random_purity,0.05000000000000001,25,25,1.0
12,,matched,Qmissing3_Q_F_expected_random_capture,0.02,25,25,1.0
12,,matched,Qmissing3_Q_F_excess_purity,0.9416128126625147,25,25,1.0
12,,matched,Qmissing3_Q_F_excess_capture,0.3766451250650059,25,25,1.0
12,,matched,Qmissing3_Q_F_largest_canonical_correlation,0.9988216250075187,25,25,1.0
12,,matched,Qmissing3_Q_F_smallest_principal_angle,0.04820949440613652,25,25,1.0
12,,matched,Qmissing3_Q_F_unique_dim_U,2.0,25,25,1.0
12,,matched,Qmissing3_Q_F_unique_dim_Q,5.0,25,25,1.0
12,,matched,Qmissing3_Q_F_unique_shared_energy,1.910640392081059,25,25,1.0
12,,matched,Qmissing3_Q_F_unique_purity,0.9553201960405295,25,25,1.0
12,,matched,Qmissing3_Q_F_unique_capture,0.38212807841621177,25,25,1.0
12,,matched,Qmissing3_Q_F_unique_expected_random_purity,0.05000000000000001,25,25,1.0
12,,matched,Qmissing3_Q_F_unique_expected_random_capture,0.02,25,25,1.0
12,,matched,Qmissing3_Q_F_unique_excess_purity,0.9053201960405295,25,25,1.0
12,,matched,Qmissing3_Q_F_unique_excess_capture,0.3621280784162117,25,25,1.0
12,,matched,Qmissing3_Q_F_unique_largest_canonical_correlation,0.9963505168242557,25,25,1.0
12,,matched,Qmissing3_Q_F_unique_smallest_principal_angle,0.08164280252380429,25,25,1.0
12,,matched,Qmissing3_Q_C_dim_U,2.0,25,25,1.0
12,,matched,Qmissing3_Q_C_dim_Q,3.0,25,25,1.0
12,,matched,Qmissing3_Q_C_shared_energy,0.0800765551043458,25,25,1.0
12,,matched,Qmissing3_Q_C_purity,0.04003827755217286,25,25,1.0
12,,matched,Qmissing3_Q_C_capture,0.026692185034781896,25,25,1.0
12,,matched,Qmissing3_Q_C_expected_random_purity,0.03,25,25,1.0
12,,matched,Qmissing3_Q_C_expected_random_capture,0.02,25,25,1.0
12,,matched,Qmissing3_Q_C_excess_purity,0.010038277552172868,25,25,1.0
12,,matched,Qmissing3_Q_C_excess_capture,0.006692185034781892,25,25,1.0
12,,matched,Qmissing3_Q_C_largest_canonical_correlation,0.2739899624653821,25,25,1.0
12,,matched,Qmissing3_Q_C_smallest_principal_angle,1.2932513658052998,25,25,1.0
12,,matched,Qmissing3_Q_C_unique_dim_U,2.0,25,25,1.0
12,,matched,Qmissing3_Q_C_unique_dim_Q,3.0,25,25,1.0
12,,matched,Qmissing3_Q_C_unique_shared_energy,0.0074913218603750035,25,25,1.0
12,,matched,Qmissing3_Q_C_unique_purity,0.0037456609301874683,25,25,1.0
12,,matched,Qmissing3_Q_C_unique_capture,0.002497107286791636,25,25,1.0
12,,matched,Qmissing3_Q_C_unique_expected_random_purity,0.03,25,25,1.0
12,,matched,Qmissing3_Q_C_unique_expected_random_capture,0.02,25,25,1.0
12,,matched,Qmissing3_Q_C_unique_excess_purity,-0.026254339069812428,25,25,1.0
12,,matched,Qmissing3_Q_C_unique_excess_capture,-0.017502892713208266,25,25,1.0
12,,matched,Qmissing3_Q_C_unique_largest_canonical_correlation,0.08362139321156828,25,25,1.0
12,,matched,Qmissing3_Q_C_unique_smallest_principal_angle,1.48707237859913,25,25,1.0
12,,matched,Qmissing3_Q_P4_dim_U,2.0,25,25,1.0
12,,matched,Qmissing3_Q_P4_dim_Q,4.0,25,25,1.0
12,,matched,Qmissing3_Q_P4_shared_energy,0.13848539067157908,25,25,1.0
12,,matched,Qmissing3_Q_P4_purity,0.06924269533578953,25,25,1.0
12,,matched,Qmissing3_Q_P4_capture,0.03462134766789474,25,25,1.0
12,,matched,Qmissing3_Q_P4_expected_random_purity,0.04,25,25,1.0
12,,matched,Qmissing3_Q_P4_expected_random_capture,0.02,25,25,1.0
12,,matched,Qmissing3_Q_P4_excess_purity,0.02924269533578952,25,25,1.0
12,,matched,Qmissing3_Q_P4_excess_capture,0.01462134766789474,25,25,1.0
12,,matched,Qmissing3_Q_P4_largest_canonical_correlation,0.32266293830405884,25,25,1.0
12,,matched,Qmissing3_Q_P4_smallest_principal_angle,1.2422474819673393,25,25,1.0
12,,matched,Qextra7_Q_C_dim_U,2.0,25,25,1.0
12,,matched,Qextra7_Q_C_dim_Q,3.0,25,25,1.0
12,,matched,Qextra7_Q_C_shared_energy,1.2528174464866053,25,25,1.0
12,,matched,Qextra7_Q_C_purity,0.6264087232433027,25,25,1.0
12,,matched,Qextra7_Q_C_capture,0.41760581549553505,25,25,1.0
12,,matched,Qextra7_Q_C_expected_random_purity,0.03,25,25,1.0
12,,matched,Qextra7_Q_C_expected_random_capture,0.02,25,25,1.0
12,,matched,Qextra7_Q_C_excess_purity,0.5964087232433025,25,25,1.0
12,,matched,Qextra7_Q_C_excess_capture,0.3976058154955351,25,25,1.0
12,,matched,Qextra7_Q_C_largest_canonical_correlation,0.9299483330285808,25,25,1.0
12,,matched,Qextra7_Q_C_smallest_principal_angle,0.37626610115808107,25,25,1.0
12,,matched,Qextra7_Q_C_unique_dim_U,2.0,25,25,1.0
12,,matched,Qextra7_Q_C_unique_dim_Q,3.0,25,25,1.0
12,,matched,Qextra7_Q_C_unique_shared_energy,1.3463285816597534,25,25,1.0
12,,matched,Qextra7_Q_C_unique_purity,0.6731642908298767,25,25,1.0
12,,matched,Qextra7_Q_C_unique_capture,0.44877619388658446,25,25,1.0
12,,matched,Qextra7_Q_C_unique_expected_random_purity,0.03,25,25,1.0
12,,matched,Qextra7_Q_C_unique_expected_random_capture,0.02,25,25,1.0
12,,matched,Qextra7_Q_C_unique_excess_purity,0.6431642908298767,25,25,1.0
12,,matched,Qextra7_Q_C_unique_excess_capture,0.4287761938865844,25,25,1.0
12,,matched,Qextra7_Q_C_unique_largest_canonical_correlation,0.9729646428795669,25,25,1.0
12,,matched,Qextra7_Q_C_unique_smallest_principal_angle,0.2328567107090896,25,25,1.0
12,,matched,Qextra7_Q_C_full_dim_U,2.0,25,25,1.0
12,,matched,Qextra7_Q_C_full_dim_Q,4.0,25,25,1.0
12,,matched,Qextra7_Q_C_full_shared_energy,1.7353953736131695,25,25,1.0
12,,matched,Qextra7_Q_C_full_purity,0.8676976868065848,25,25,1.0
12,,matched,Qextra7_Q_C_full_capture,0.4338488434032922,25,25,1.0
12,,matched,Qextra7_Q_C_full_expected_random_purity,0.04,25,25,1.0
12,,matched,Qextra7_Q_C_full_expected_random_capture,0.02,25,25,1.0
12,,matched,Qextra7_Q_C_full_excess_purity,0.8276976868065846,25,25,1.0
12,,matched,Qextra7_Q_C_full_excess_capture,0.4138488434032923,25,25,1.0
12,,matched,Qextra7_Q_C_full_largest_canonical_correlation,0.9483439806328129,25,25,1.0
12,,matched,Qextra7_Q_C_full_smallest_principal_angle,0.3227506263784694,25,25,1.0
12,,matched,Qextra7_Q_P4_dim_U,2.0,25,25,1.0
12,,matched,Qextra7_Q_P4_dim_Q,4.0,25,25,1.0
12,,matched,Qextra7_Q_P4_shared_energy,1.7934052080080074,25,25,1.0
12,,matched,Qextra7_Q_P4_purity,0.8967026040040037,25,25,1.0
12,,matched,Qextra7_Q_P4_capture,0.44835130200200185,25,25,1.0
12,,matched,Qextra7_Q_P4_expected_random_purity,0.04,25,25,1.0
12,,matched,Qextra7_Q_P4_expected_random_capture,0.02,25,25,1.0
12,,matched,Qextra7_Q_P4_excess_purity,0.8567026040040036,25,25,1.0
12,,matched,Qextra7_Q_P4_excess_capture,0.4283513020020018,25,25,1.0
12,,matched,Qextra7_Q_P4_largest_canonical_correlation,0.9611310386391423,25,25,1.0
12,,matched,Qextra7_Q_P4_smallest_principal_angle,0.27962665576312135,25,25,1.0
12,,matched,Qextra7_Q_F_dim_U,2.0,25,25,1.0
12,,matched,Qextra7_Q_F_dim_Q,5.0,25,25,1.0
12,,matched,Qextra7_Q_F_shared_energy,0.0077296028391729355,25,25,1.0
12,,matched,Qextra7_Q_F_purity,0.0038648014195864517,25,25,1.0
12,,matched,Qextra7_Q_F_capture,0.00154592056783454,25,25,1.0
12,,matched,Qextra7_Q_F_expected_random_purity,0.05000000000000001,25,25,1.0
12,,matched,Qextra7_Q_F_expected_random_capture,0.02,25,25,1.0
12,,matched,Qextra7_Q_F_excess_purity,-0.04613519858041346,25,25,1.0
12,,matched,Qextra7_Q_F_excess_capture,-0.01845407943216536,25,25,1.0
12,,matched,Qextra7_Q_F_largest_canonical_correlation,0.08286756353139717,25,25,1.0
12,,matched,Qextra7_Q_F_smallest_principal_angle,1.4878288356908194,25,25,1.0
13,,matched,Qmissing3_Q_F_dim_U,2.0,25,25,1.0
13,,matched,Qmissing3_Q_F_dim_Q,5.0,25,25,1.0
13,,matched,Qmissing3_Q_F_shared_energy,1.9626067022991334,25,25,1.0
13,,matched,Qmissing3_Q_F_purity,0.9813033511495667,25,25,1.0
13,,matched,Qmissing3_Q_F_capture,0.39252134045982656,25,25,1.0
13,,matched,Qmissing3_Q_F_expected_random_purity,0.05000000000000001,25,25,1.0
13,,matched,Qmissing3_Q_F_expected_random_capture,0.02,25,25,1.0
13,,matched,Qmissing3_Q_F_excess_purity,0.9313033511495665,25,25,1.0
13,,matched,Qmissing3_Q_F_excess_capture,0.3725213404598266,25,25,1.0
13,,matched,Qmissing3_Q_F_largest_canonical_correlation,0.9980627844055684,25,25,1.0
13,,matched,Qmissing3_Q_F_smallest_principal_angle,0.06193554620217074,25,25,1.0
13,,matched,Qmissing3_Q_F_unique_dim_U,2.0,25,25,1.0
13,,matched,Qmissing3_Q_F_unique_dim_Q,5.0,25,25,1.0
13,,matched,Qmissing3_Q_F_unique_shared_energy,1.8382990956996357,25,25,1.0
13,,matched,Qmissing3_Q_F_unique_purity,0.9191495478498178,25,25,1.0
13,,matched,Qmissing3_Q_F_unique_capture,0.3676598191399272,25,25,1.0
13,,matched,Qmissing3_Q_F_unique_expected_random_purity,0.05000000000000001,25,25,1.0
13,,matched,Qmissing3_Q_F_unique_expected_random_capture,0.02,25,25,1.0
13,,matched,Qmissing3_Q_F_unique_excess_purity,0.8691495478498179,25,25,1.0
13,,matched,Qmissing3_Q_F_unique_excess_capture,0.34765981913992716,25,25,1.0
13,,matched,Qmissing3_Q_F_unique_largest_canonical_correlation,0.9920900335912485,25,25,1.0
13,,matched,Qmissing3_Q_F_unique_smallest_principal_angle,0.12243828509113022,25,25,1.0
13,,matched,Qmissing3_Q_C_dim_U,2.0,25,25,1.0
13,,matched,Qmissing3_Q_C_dim_Q,3.0,25,25,1.0
13,,matched,Qmissing3_Q_C_shared_energy,0.14670604029726805,25,25,1.0
13,,matched,Qmissing3_Q_C_purity,0.073353020148634,25,25,1.0
13,,matched,Qmissing3_Q_C_capture,0.04890201343242265,25,25,1.0
13,,matched,Qmissing3_Q_C_expected_random_purity,0.03,25,25,1.0
13,,matched,Qmissing3_Q_C_expected_random_capture,0.02,25,25,1.0
13,,matched,Qmissing3_Q_C_excess_purity,0.043353020148633986,25,25,1.0
13,,matched,Qmissing3_Q_C_excess_capture,0.02890201343242265,25,25,1.0
13,,matched,Qmissing3_Q_C_largest_canonical_correlation,0.36630685516057243,25,25,1.0
13,,matched,Qmissing3_Q_C_smallest_principal_angle,1.1957454132671397,25,25,1.0
13,,matched,Qmissing3_Q_C_unique_dim_U,2.0,25,25,1.0
13,,matched,Qmissing3_Q_C_unique_dim_Q,3.0,25,25,1.0
13,,matched,Qmissing3_Q_C_unique_shared_energy,0.022398433697769556,25,25,1.0
13,,matched,Qmissing3_Q_C_unique_purity,0.01119921684888476,25,25,1.0
13,,matched,Qmissing3_Q_C_unique_capture,0.007466144565923152,25,25,1.0
13,,matched,Qmissing3_Q_C_unique_expected_random_purity,0.03,25,25,1.0
13,,matched,Qmissing3_Q_C_unique_expected_random_capture,0.02,25,25,1.0
13,,matched,Qmissing3_Q_C_unique_excess_purity,-0.018800783151115143,25,25,1.0
13,,matched,Qmissing3_Q_C_unique_excess_capture,-0.012533855434076749,25,25,1.0
13,,matched,Qmissing3_Q_C_unique_largest_canonical_correlation,0.1471892873428887,25,25,1.0
13,,matched,Qmissing3_Q_C_unique_smallest_principal_angle,1.4230571959235043,25,25,1.0
13,,matched,Qmissing3_Q_P4_dim_U,2.0,25,25,1.0
13,,matched,Qmissing3_Q_P4_dim_Q,4.0,25,25,1.0
13,,matched,Qmissing3_Q_P4_shared_energy,0.190990086345119,25,25,1.0
13,,matched,Qmissing3_Q_P4_purity,0.09549504317255947,25,25,1.0
13,,matched,Qmissing3_Q_P4_capture,0.0477475215862797,25,25,1.0
13,,matched,Qmissing3_Q_P4_expected_random_purity,0.04,25,25,1.0
13,,matched,Qmissing3_Q_P4_expected_random_capture,0.02,25,25,1.0
13,,matched,Qmissing3_Q_P4_excess_purity,0.05549504317255946,25,25,1.0
13,,matched,Qmissing3_Q_P4_excess_capture,0.027747521586279703,25,25,1.0
13,,matched,Qmissing3_Q_P4_largest_canonical_correlation,0.38382519088366557,25,25,1.0
13,,matched,Qmissing3_Q_P4_smallest_principal_angle,1.1768410917838161,25,25,1.0
13,,matched,Qextra7_Q_C_dim_U,2.0,25,25,1.0
13,,matched,Qextra7_Q_C_dim_Q,3.0,25,25,1.0
13,,matched,Qextra7_Q_C_shared_energy,1.2601601010541146,25,25,1.0
13,,matched,Qextra7_Q_C_purity,0.6300800505270573,25,25,1.0
13,,matched,Qextra7_Q_C_capture,0.42005336701803814,25,25,1.0
13,,matched,Qextra7_Q_C_expected_random_purity,0.03,25,25,1.0
13,,matched,Qextra7_Q_C_expected_random_capture,0.02,25,25,1.0
13,,matched,Qextra7_Q_C_excess_purity,0.6000800505270573,25,25,1.0
13,,matched,Qextra7_Q_C_excess_capture,0.4000533670180381,25,25,1.0
13,,matched,Qextra7_Q_C_largest_canonical_correlation,0.9431614047006444,25,25,1.0
13,,matched,Qextra7_Q_C_smallest_principal_angle,0.3385488094671109,25,25,1.0
13,,matched,Qextra7_Q_C_unique_dim_U,2.0,25,25,1.0
13,,matched,Qextra7_Q_C_unique_dim_Q,3.0,25,25,1.0
13,,matched,Qextra7_Q_C_unique_shared_energy,1.374497970298347,25,25,1.0
13,,matched,Qextra7_Q_C_unique_purity,0.6872489851491735,25,25,1.0
13,,matched,Qextra7_Q_C_unique_capture,0.4581659900994491,25,25,1.0
13,,matched,Qextra7_Q_C_unique_expected_random_purity,0.03,25,25,1.0
13,,matched,Qextra7_Q_C_unique_expected_random_capture,0.02,25,25,1.0
13,,matched,Qextra7_Q_C_unique_excess_purity,0.6572489851491737,25,25,1.0
13,,matched,Qextra7_Q_C_unique_excess_capture,0.43816599009944907,25,25,1.0
13,,matched,Qextra7_Q_C_unique_largest_canonical_correlation,0.9729072158191328,25,25,1.0
13,,matched,Qextra7_Q_C_unique_smallest_principal_angle,0.2330276104083257,25,25,1.0
13,,matched,Qextra7_Q_C_full_dim_U,2.0,25,25,1.0
13,,matched,Qextra7_Q_C_full_dim_Q,4.0,25,25,1.0
13,,matched,Qextra7_Q_C_full_shared_energy,1.7512933168649139,25,25,1.0
13,,matched,Qextra7_Q_C_full_purity,0.8756466584324569,25,25,1.0
13,,matched,Qextra7_Q_C_full_capture,0.43782332921622846,25,25,1.0
13,,matched,Qextra7_Q_C_full_expected_random_purity,0.04,25,25,1.0
13,,matched,Qextra7_Q_C_full_expected_random_capture,0.02,25,25,1.0
13,,matched,Qextra7_Q_C_full_excess_purity,0.8356466584324569,25,25,1.0
13,,matched,Qextra7_Q_C_full_excess_capture,0.41782332921622845,25,25,1.0
13,,matched,Qextra7_Q_C_full_largest_canonical_correlation,0.9458365104565015,25,25,1.0
13,,matched,Qextra7_Q_C_full_smallest_principal_angle,0.33042065255049413,25,25,1.0
13,,matched,Qextra7_Q_P4_dim_U,2.0,25,25,1.0
13,,matched,Qextra7_Q_P4_dim_Q,4.0,25,25,1.0
13,,matched,Qextra7_Q_P4_shared_energy,1.7822536178225596,25,25,1.0
13,,matched,Qextra7_Q_P4_purity,0.8911268089112798,25,25,1.0
13,,matched,Qextra7_Q_P4_capture,0.4455634044556398,25,25,1.0
13,,matched,Qextra7_Q_P4_expected_random_purity,0.04,25,25,1.0
13,,matched,Qextra7_Q_P4_expected_random_capture,0.02,25,25,1.0
13,,matched,Qextra7_Q_P4_excess_purity,0.8511268089112798,25,25,1.0
13,,matched,Qextra7_Q_P4_excess_capture,0.42556340445563984,25,25,1.0
13,,matched,Qextra7_Q_P4_largest_canonical_correlation,0.9534736670536235,25,25,1.0
13,,matched,Qextra7_Q_P4_smallest_principal_angle,0.305731274159736,25,25,1.0
13,,matched,Qextra7_Q_F_dim_U,2.0,25,25,1.0
13,,matched,Qextra7_Q_F_dim_Q,5.0,25,25,1.0
13,,matched,Qextra7_Q_F_shared_energy,0.030858099402904314,25,25,1.0
13,,matched,Qextra7_Q_F_purity,0.015429049701452136,25,25,1.0
13,,matched,Qextra7_Q_F_capture,0.0061716198805808285,25,25,1.0
13,,matched,Qextra7_Q_F_expected_random_purity,0.05000000000000001,25,25,1.0
13,,matched,Qextra7_Q_F_expected_random_capture,0.02,25,25,1.0
13,,matched,Qextra7_Q_F_excess_purity,-0.034570950298547766,25,25,1.0
13,,matched,Qextra7_Q_F_excess_capture,-0.013828380119419073,25,25,1.0
13,,matched,Qextra7_Q_F_largest_canonical_correlation,0.1682846692698869,25,25,1.0
13,,matched,Qextra7_Q_F_smallest_principal_angle,1.4016873527679152,25,25,1.0
14,,matched,Qmissing3_Q_F_dim_U,2.0,25,25,1.0
14,,matched,Qmissing3_Q_F_dim_Q,5.0,25,25,1.0
14,,matched,Qmissing3_Q_F_shared_energy,1.98810713458995,25,25,1.0
14,,matched,Qmissing3_Q_F_purity,0.994053567294975,25,25,1.0
14,,matched,Qmissing3_Q_F_capture,0.39762142691799,25,25,1.0
14,,matched,Qmissing3_Q_F_expected_random_purity,0.05000000000000001,25,25,1.0
14,,matched,Qmissing3_Q_F_expected_random_capture,0.02,25,25,1.0
14,,matched,Qmissing3_Q_F_excess_purity,0.9440535672949748,25,25,1.0
14,,matched,Qmissing3_Q_F_excess_capture,0.37762142691799,25,25,1.0
14,,matched,Qmissing3_Q_F_largest_canonical_correlation,0.998443493140328,25,25,1.0
14,,matched,Qmissing3_Q_F_smallest_principal_angle,0.05528883733692012,25,25,1.0
14,,matched,Qmissing3_Q_F_unique_dim_U,2.0,25,25,1.0
14,,matched,Qmissing3_Q_F_unique_dim_Q,5.0,25,25,1.0
14,,matched,Qmissing3_Q_F_unique_shared_energy,1.8751249185355727,25,25,1.0
14,,matched,Qmissing3_Q_F_unique_purity,0.9375624592677864,25,25,1.0
14,,matched,Qmissing3_Q_F_unique_capture,0.37502498370711457,25,25,1.0
14,,matched,Qmissing3_Q_F_unique_expected_random_purity,0.05000000000000001,25,25,1.0
14,,matched,Qmissing3_Q_F_unique_expected_random_capture,0.02,25,25,1.0
14,,matched,Qmissing3_Q_F_unique_excess_purity,0.8875624592677863,25,25,1.0
14,,matched,Qmissing3_Q_F_unique_excess_capture,0.3550249837071145,25,25,1.0
14,,matched,Qmissing3_Q_F_unique_largest_canonical_correlation,0.9885814919515206,25,25,1.0
14,,matched,Qmissing3_Q_F_unique_smallest_principal_angle,0.15106733647708534,25,25,1.0
14,,matched,Qmissing3_Q_C_dim_U,2.0,25,25,1.0
14,,matched,Qmissing3_Q_C_dim_Q,3.0,25,25,1.0
14,,matched,Qmissing3_Q_C_shared_energy,0.11461108441277293,25,25,1.0
14,,matched,Qmissing3_Q_C_purity,0.05730554220638644,25,25,1.0
14,,matched,Qmissing3_Q_C_capture,0.038203694804257615,25,25,1.0
14,,matched,Qmissing3_Q_C_expected_random_purity,0.03,25,25,1.0
14,,matched,Qmissing3_Q_C_expected_random_capture,0.02,25,25,1.0
14,,matched,Qmissing3_Q_C_excess_purity,0.027305542206386434,25,25,1.0
14,,matched,Qmissing3_Q_C_excess_capture,0.018203694804257608,25,25,1.0
14,,matched,Qmissing3_Q_C_largest_canonical_correlation,0.3142836155123951,25,25,1.0
14,,matched,Qmissing3_Q_C_smallest_principal_angle,1.2510534348184255,25,25,1.0
14,,matched,Qmissing3_Q_C_unique_dim_U,2.0,25,25,1.0
14,,matched,Qmissing3_Q_C_unique_dim_Q,3.0,25,25,1.0
14,,matched,Qmissing3_Q_C_unique_shared_energy,0.001628868358395316,25,25,1.0
14,,matched,Qmissing3_Q_C_unique_purity,0.0008144341791976361,25,25,1.0
14,,matched,Qmissing3_Q_C_unique_capture,0.000542956119465076,25,25,1.0
14,,matched,Qmissing3_Q_C_unique_expected_random_purity,0.03,25,25,1.0
14,,matched,Qmissing3_Q_C_unique_expected_random_capture,0.02,25,25,1.0
14,,matched,Qmissing3_Q_C_unique_excess_purity,-0.029185565820802263,25,25,1.0
14,,matched,Qmissing3_Q_C_unique_excess_capture,-0.019457043880534822,25,25,1.0
14,,matched,Qmissing3_Q_C_unique_largest_canonical_correlation,0.03278541447922172,25,25,1.0
14,,matched,Qmissing3_Q_C_unique_smallest_principal_angle,1.538003730556968,25,25,1.0
14,,matched,Qmissing3_Q_P4_dim_U,2.0,25,25,1.0
14,,matched,Qmissing3_Q_P4_dim_Q,4.0,25,25,1.0
14,,matched,Qmissing3_Q_P4_shared_energy,0.10228310501351859,25,25,1.0
14,,matched,Qmissing3_Q_P4_purity,0.05114155250675925,25,25,1.0
14,,matched,Qmissing3_Q_P4_capture,0.02557077625337961,25,25,1.0
14,,matched,Qmissing3_Q_P4_expected_random_purity,0.04,25,25,1.0
14,,matched,Qmissing3_Q_P4_expected_random_capture,0.02,25,25,1.0
14,,matched,Qmissing3_Q_P4_excess_purity,0.011141552506759255,25,25,1.0
14,,matched,Qmissing3_Q_P4_excess_capture,0.005570776253379603,25,25,1.0
14,,matched,Qmissing3_Q_P4_largest_canonical_correlation,0.28571428848596203,25,25,1.0
14,,matched,Qmissing3_Q_P4_smallest_principal_angle,1.2810214739157413,25,25,1.0
14,,matched,Qextra7_Q_C_dim_U,2.0,25,25,1.0
14,,matched,Qextra7_Q_C_dim_Q,3.0,25,25,1.0
14,,matched,Qextra7_Q_C_shared_energy,1.1468868043675005,25,25,1.0
14,,matched,Qextra7_Q_C_purity,0.5734434021837503,25,25,1.0
14,,matched,Qextra7_Q_C_capture,0.38229560145583347,25,25,1.0
14,,matched,Qextra7_Q_C_expected_random_purity,0.03,25,25,1.0
14,,matched,Qextra7_Q_C_expected_random_capture,0.02,25,25,1.0
14,,matched,Qextra7_Q_C_excess_purity,0.5434434021837502,25,25,1.0
14,,matched,Qextra7_Q_C_excess_capture,0.3622956014558335,25,25,1.0
14,,matched,Qextra7_Q_C_largest_canonical_correlation,0.8969789191750405,25,25,1.0
14,,matched,Qextra7_Q_C_smallest_principal_angle,0.4578121433386211,25,25,1.0
14,,matched,Qextra7_Q_C_unique_dim_U,2.0,25,25,1.0
14,,matched,Qextra7_Q_C_unique_dim_Q,3.0,25,25,1.0
14,,matched,Qextra7_Q_C_unique_shared_energy,1.3133288150815767,25,25,1.0
14,,matched,Qextra7_Q_C_unique_purity,0.6566644075407884,25,25,1.0
14,,matched,Qextra7_Q_C_unique_capture,0.4377762716938588,25,25,1.0
14,,matched,Qextra7_Q_C_unique_expected_random_purity,0.03,25,25,1.0
14,,matched,Qextra7_Q_C_unique_expected_random_capture,0.02,25,25,1.0
14,,matched,Qextra7_Q_C_unique_excess_purity,0.6266644075407882,25,25,1.0
14,,matched,Qextra7_Q_C_unique_excess_capture,0.4177762716938588,25,25,1.0
14,,matched,Qextra7_Q_C_unique_largest_canonical_correlation,0.9671202527740326,25,25,1.0
14,,matched,Qextra7_Q_C_unique_smallest_principal_angle,0.2570541944486202,25,25,1.0
14,,matched,Qextra7_Q_C_full_dim_U,2.0,25,25,1.0
14,,matched,Qextra7_Q_C_full_dim_Q,4.0,25,25,1.0
14,,matched,Qextra7_Q_C_full_shared_energy,1.6593199577959539,25,25,1.0
14,,matched,Qextra7_Q_C_full_purity,0.8296599788979769,25,25,1.0
14,,matched,Qextra7_Q_C_full_capture,0.4148299894489884,25,25,1.0
14,,matched,Qextra7_Q_C_full_expected_random_purity,0.04,25,25,1.0
14,,matched,Qextra7_Q_C_full_expected_random_capture,0.02,25,25,1.0
14,,matched,Qextra7_Q_C_full_excess_purity,0.7896599788979769,25,25,1.0
14,,matched,Qextra7_Q_C_full_excess_capture,0.39482998944898845,25,25,1.0
14,,matched,Qextra7_Q_C_full_largest_canonical_correlation,0.9388466328194534,25,25,1.0
14,,matched,Qextra7_Q_C_full_smallest_principal_angle,0.3514446124830869,25,25,1.0
14,,matched,Qextra7_Q_P4_dim_U,2.0,25,25,1.0
14,,matched,Qextra7_Q_P4_dim_Q,4.0,25,25,1.0
14,,matched,Qextra7_Q_P4_shared_energy,1.7020458744230842,25,25,1.0
14,,matched,Qextra7_Q_P4_purity,0.8510229372115421,25,25,1.0
14,,matched,Qextra7_Q_P4_capture,0.42551146860577105,25,25,1.0
14,,matched,Qextra7_Q_P4_expected_random_purity,0.04,25,25,1.0
14,,matched,Qextra7_Q_P4_expected_random_capture,0.02,25,25,1.0
14,,matched,Qextra7_Q_P4_excess_purity,0.8110229372115421,25,25,1.0
14,,matched,Qextra7_Q_P4_excess_capture,0.405511468605771,25,25,1.0
14,,matched,Qextra7_Q_P4_largest_canonical_correlation,0.9517059062724684,25,25,1.0
14,,matched,Qextra7_Q_P4_smallest_principal_angle,0.3119638141523213,25,25,1.0
14,,matched,Qextra7_Q_F_dim_U,2.0,25,25,1.0
14,,matched,Qextra7_Q_F_dim_Q,5.0,25,25,1.0
14,,matched,Qextra7_Q_F_shared_energy,0.001998527776208232,25,25,1.0
14,,matched,Qextra7_Q_F_purity,0.0009992638881040838,25,25,1.0
14,,matched,Qextra7_Q_F_capture,0.000399705555241604,25,25,1.0
14,,matched,Qextra7_Q_F_expected_random_purity,0.05000000000000001,25,25,1.0
14,,matched,Qextra7_Q_F_expected_random_capture,0.02,25,25,1.0
14,,matched,Qextra7_Q_F_excess_purity,-0.04900073611189582,25,25,1.0
14,,matched,Qextra7_Q_F_excess_capture,-0.019600294444758293,25,25,1.0
14,,matched,Qextra7_Q_F_largest_canonical_correlation,0.03612353536349518,25,25,1.0
14,,matched,Qextra7_Q_F_smallest_principal_angle,1.5346626133420744,25,25,1.0
15,,matched,Qmissing3_Q_F_dim_U,2.0,25,25,1.0
15,,matched,Qmissing3_Q_F_dim_Q,5.0,25,25,1.0
15,,matched,Qmissing3_Q_F_shared_energy,1.9706731174920586,25,25,1.0
15,,matched,Qmissing3_Q_F_purity,0.9853365587460293,25,25,1.0
15,,matched,Qmissing3_Q_F_capture,0.39413462349841166,25,25,1.0
15,,matched,Qmissing3_Q_F_expected_random_purity,0.05000000000000001,25,25,1.0
15,,matched,Qmissing3_Q_F_expected_random_capture,0.02,25,25,1.0
15,,matched,Qmissing3_Q_F_excess_purity,0.9353365587460292,25,25,1.0
15,,matched,Qmissing3_Q_F_excess_capture,0.3741346234984117,25,25,1.0
15,,matched,Qmissing3_Q_F_largest_canonical_correlation,0.9966993671017929,25,25,1.0
15,,matched,Qmissing3_Q_F_smallest_principal_angle,0.07982145589124488,25,25,1.0
15,,matched,Qmissing3_Q_F_unique_dim_U,2.0,25,25,1.0
15,,matched,Qmissing3_Q_F_unique_dim_Q,5.0,25,25,1.0
15,,matched,Qmissing3_Q_F_unique_shared_energy,1.857052548330011,25,25,1.0
15,,matched,Qmissing3_Q_F_unique_purity,0.9285262741650055,25,25,1.0
15,,matched,Qmissing3_Q_F_unique_capture,0.3714105096660022,25,25,1.0
15,,matched,Qmissing3_Q_F_unique_expected_random_purity,0.05000000000000001,25,25,1.0
15,,matched,Qmissing3_Q_F_unique_expected_random_capture,0.02,25,25,1.0
15,,matched,Qmissing3_Q_F_unique_excess_purity,0.8785262741650057,25,25,1.0
15,,matched,Qmissing3_Q_F_unique_excess_capture,0.3514105096660021,25,25,1.0
15,,matched,Qmissing3_Q_F_unique_largest_canonical_correlation,0.9929654472071076,25,25,1.0
15,,matched,Qmissing3_Q_F_unique_smallest_principal_angle,0.11850216766456512,25,25,1.0
15,,matched,Qmissing3_Q_C_dim_U,2.0,25,25,1.0
15,,matched,Qmissing3_Q_C_dim_Q,3.0,25,25,1.0
15,,matched,Qmissing3_Q_C_shared_energy,0.1307248218309816,25,25,1.0
15,,matched,Qmissing3_Q_C_purity,0.06536241091549076,25,25,1.0
15,,matched,Qmissing3_Q_C_capture,0.04357494061032716,25,25,1.0
15,,matched,Qmissing3_Q_C_expected_random_purity,0.03,25,25,1.0
15,,matched,Qmissing3_Q_C_expected_random_capture,0.02,25,25,1.0
15,,matched,Qmissing3_Q_C_excess_purity,0.03536241091549076,25,25,1.0
15,,matched,Qmissing3_Q_C_excess_capture,0.023574940610327163,25,25,1.0
15,,matched,Qmissing3_Q_C_largest_canonical_correlation,0.35341770553781954,25,25,1.0
15,,matched,Qmissing3_Q_C_smallest_principal_angle,1.2093751373582957,25,25,1.0
15,,matched,Qmissing3_Q_C_unique_dim_U,2.0,25,25,1.0
15,,matched,Qmissing3_Q_C_unique_dim_Q,3.0,25,25,1.0
15,,matched,Qmissing3_Q_C_unique_shared_energy,0.017104252668935446,25,25,1.0
15,,matched,Qmissing3_Q_C_unique_purity,0.008552126334467695,25,25,1.0
15,,matched,Qmissing3_Q_C_unique_capture,0.00570141755631178,25,25,1.0
15,,matched,Qmissing3_Q_C_unique_expected_random_purity,0.03,25,25,1.0
15,,matched,Qmissing3_Q_C_unique_expected_random_capture,0.02,25,25,1.0
15,,matched,Qmissing3_Q_C_unique_excess_purity,-0.021447873665532205,25,25,1.0
15,,matched,Qmissing3_Q_C_unique_excess_capture,-0.01429858244368812,25,25,1.0
15,,matched,Qmissing3_Q_C_unique_largest_canonical_correlation,0.12099463603852005,25,25,1.0
15,,matched,Qmissing3_Q_C_unique_smallest_principal_angle,1.4494143199736649,25,25,1.0
15,,matched,Qmissing3_Q_P4_dim_U,2.0,25,25,1.0
15,,matched,Qmissing3_Q_P4_dim_Q,4.0,25,25,1.0
15,,matched,Qmissing3_Q_P4_shared_energy,0.1820790441465899,25,25,1.0
15,,matched,Qmissing3_Q_P4_purity,0.09103952207329494,25,25,1.0
15,,matched,Qmissing3_Q_P4_capture,0.04551976103664744,25,25,1.0
15,,matched,Qmissing3_Q_P4_expected_random_purity,0.04,25,25,1.0
15,,matched,Qmissing3_Q_P4_expected_random_capture,0.02,25,25,1.0
15,,matched,Qmissing3_Q_P4_excess_purity,0.051039522073294936,25,25,1.0
15,,matched,Qmissing3_Q_P4_excess_capture,0.02551976103664744,25,25,1.0
15,,matched,Qmissing3_Q_P4_largest_canonical_correlation,0.39430043756662897,25,25,1.0
15,,matched,Qmissing3_Q_P4_smallest_principal_angle,1.1652117809308258,25,25,1.0
15,,matched,Qextra7_Q_C_dim_U,2.0,25,25,1.0
15,,matched,Qextra7_Q_C_dim_Q,3.0,25,25,1.0
15,,matched,Qextra7_Q_C_shared_energy,1.3188413529867995,25,25,1.0
15,,matched,Qextra7_Q_C_purity,0.6594206764933997,25,25,1.0
15,,matched,Qextra7_Q_C_capture,0.43961378432893317,25,25,1.0
15,,matched,Qextra7_Q_C_expected_random_purity,0.03,25,25,1.0
15,,matched,Qextra7_Q_C_expected_random_capture,0.02,25,25,1.0
15,,matched,Qextra7_Q_C_excess_purity,0.6294206764933997,25,25,1.0
15,,matched,Qextra7_Q_C_excess_capture,0.4196137843289332,25,25,1.0
15,,matched,Qextra7_Q_C_largest_canonical_correlation,0.9414009904678636,25,25,1.0
15,,matched,Qextra7_Q_C_smallest_principal_angle,0.34322060031826374,25,25,1.0
15,,matched,Qextra7_Q_C_unique_dim_U,2.0,25,25,1.0
15,,matched,Qextra7_Q_C_unique_dim_Q,3.0,25,25,1.0
15,,matched,Qextra7_Q_C_unique_shared_energy,1.4237926267797423,25,25,1.0
15,,matched,Qextra7_Q_C_unique_purity,0.7118963133898711,25,25,1.0
15,,matched,Qextra7_Q_C_unique_capture,0.47459754225991413,25,25,1.0
15,,matched,Qextra7_Q_C_unique_expected_random_purity,0.03,25,25,1.0
15,,matched,Qextra7_Q_C_unique_expected_random_capture,0.02,25,25,1.0
15,,matched,Qextra7_Q_C_unique_excess_purity,0.6818963133898712,25,25,1.0
15,,matched,Qextra7_Q_C_unique_excess_capture,0.45459754225991406,25,25,1.0
15,,matched,Qextra7_Q_C_unique_largest_canonical_correlation,0.9774266415575563,25,25,1.0
15,,matched,Qextra7_Q_C_unique_smallest_principal_angle,0.21170324447499053,25,25,1.0
15,,matched,Qextra7_Q_C_full_dim_U,2.0,25,25,1.0
15,,matched,Qextra7_Q_C_full_dim_Q,4.0,25,25,1.0
15,,matched,Qextra7_Q_C_full_shared_energy,1.8147605996397846,25,25,1.0
15,,matched,Qextra7_Q_C_full_purity,0.9073802998198923,25,25,1.0
15,,matched,Qextra7_Q_C_full_capture,0.45369014990994616,25,25,1.0
15,,matched,Qextra7_Q_C_full_expected_random_purity,0.04,25,25,1.0
15,,matched,Qextra7_Q_C_full_expected_random_capture,0.02,25,25,1.0
15,,matched,Qextra7_Q_C_full_excess_purity,0.8673802998198923,25,25,1.0
15,,matched,Qextra7_Q_C_full_excess_capture,0.43369014990994614,25,25,1.0
15,,matched,Qextra7_Q_C_full_largest_canonical_correlation,0.9673468537657645,25,25,1.0
15,,matched,Qextra7_Q_C_full_smallest_principal_angle,0.25513166921792574,25,25,1.0
15,,matched,Qextra7_Q_P4_dim_U,2.0,25,25,1.0
15,,matched,Qextra7_Q_P4_dim_Q,4.0,25,25,1.0
15,,matched,Qextra7_Q_P4_shared_energy,1.8529638239937904,25,25,1.0
15,,matched,Qextra7_Q_P4_purity,0.9264819119968952,25,25,1.0
15,,matched,Qextra7_Q_P4_capture,0.4632409559984476,25,25,1.0
15,,matched,Qextra7_Q_P4_expected_random_purity,0.04,25,25,1.0
15,,matched,Qextra7_Q_P4_expected_random_capture,0.02,25,25,1.0
15,,matched,Qextra7_Q_P4_excess_purity,0.8864819119968952,25,25,1.0
15,,matched,Qextra7_Q_P4_excess_capture,0.4432409559984476,25,25,1.0
15,,matched,Qextra7_Q_P4_largest_canonical_correlation,0.9788862373780003,25,25,1.0
15,,matched,Qextra7_Q_P4_smallest_principal_angle,0.2038647876212748,25,25,1.0
15,,matched,Qextra7_Q_F_dim_U,2.0,25,25,1.0
15,,matched,Qextra7_Q_F_dim_Q,5.0,25,25,1.0
15,,matched,Qextra7_Q_F_shared_energy,0.02199492444270712,25,25,1.0
15,,matched,Qextra7_Q_F_purity,0.01099746222135354,25,25,1.0
15,,matched,Qextra7_Q_F_capture,0.0043989848885413844,25,25,1.0
15,,matched,Qextra7_Q_F_expected_random_purity,0.05000000000000001,25,25,1.0
15,,matched,Qextra7_Q_F_expected_random_capture,0.02,25,25,1.0
15,,matched,Qextra7_Q_F_excess_purity,-0.039002537778646366,25,25,1.0
15,,matched,Qextra7_Q_F_excess_capture,-0.015601015111458515,25,25,1.0
15,,matched,Qextra7_Q_F_largest_canonical_correlation,0.12844133940085084,25,25,1.0
15,,matched,Qextra7_Q_F_smallest_principal_angle,1.4418701929724103,25,25,1.0
16,,matched,Qmissing3_Q_F_dim_U,2.0,25,25,1.0
16,,matched,Qmissing3_Q_F_dim_Q,5.0,25,25,1.0
16,,matched,Qmissing3_Q_F_shared_energy,1.9845412579709207,25,25,1.0
16,,matched,Qmissing3_Q_F_purity,0.9922706289854604,25,25,1.0
16,,matched,Qmissing3_Q_F_capture,0.3969082515941841,25,25,1.0
16,,matched,Qmissing3_Q_F_expected_random_purity,0.05000000000000001,25,25,1.0
16,,matched,Qmissing3_Q_F_expected_random_capture,0.02,25,25,1.0
16,,matched,Qmissing3_Q_F_excess_purity,0.9422706289854603,25,25,1.0
16,,matched,Qmissing3_Q_F_excess_capture,0.3769082515941841,25,25,1.0
16,,matched,Qmissing3_Q_F_largest_canonical_correlation,0.9985790250043014,25,25,1.0
16,,matched,Qmissing3_Q_F_smallest_principal_angle,0.052840591193059484,25,25,1.0
16,,matched,Qmissing3_Q_F_unique_dim_U,2.0,25,25,1.0
16,,matched,Qmissing3_Q_F_unique_dim_Q,5.0,25,25,1.0
16,,matched,Qmissing3_Q_F_unique_shared_energy,1.9141812254221309,25,25,1.0
16,,matched,Qmissing3_Q_F_unique_purity,0.9570906127110654,25,25,1.0
16,,matched,Qmissing3_Q_F_unique_capture,0.3828362450844262,25,25,1.0
16,,matched,Qmissing3_Q_F_unique_expected_random_purity,0.05000000000000001,25,25,1.0
16,,matched,Qmissing3_Q_F_unique_expected_random_capture,0.02,25,25,1.0
16,,matched,Qmissing3_Q_F_unique_excess_purity,0.9070906127110654,25,25,1.0
16,,matched,Qmissing3_Q_F_unique_excess_capture,0.36283624508442613,25,25,1.0
16,,matched,Qmissing3_Q_F_unique_largest_canonical_correlation,0.9869485983544187,25,25,1.0
16,,matched,Qmissing3_Q_F_unique_smallest_principal_angle,0.15766808968031093,25,25,1.0
16,,matched,Qmissing3_Q_C_dim_U,2.0,25,25,1.0
16,,matched,Qmissing3_Q_C_dim_Q,3.0,25,25,1.0
16,,matched,Qmissing3_Q_C_shared_energy,0.07603285636754918,25,25,1.0
16,,matched,Qmissing3_Q_C_purity,0.03801642818377458,25,25,1.0
16,,matched,Qmissing3_Q_C_capture,0.025344285455849686,25,25,1.0
16,,matched,Qmissing3_Q_C_expected_random_purity,0.03,25,25,1.0
16,,matched,Qmissing3_Q_C_expected_random_capture,0.02,25,25,1.0
16,,matched,Qmissing3_Q_C_excess_purity,0.00801642818377458,25,25,1.0
16,,matched,Qmissing3_Q_C_excess_capture,0.005344285455849692,25,25,1.0
16,,matched,Qmissing3_Q_C_largest_canonical_correlation,0.22978856297579447,25,25,1.0
16,,matched,Qmissing3_Q_C_smallest_principal_angle,1.338923564244577,25,25,1.0
16,,matched,Qmissing3_Q_C_unique_dim_U,2.0,25,25,1.0
16,,matched,Qmissing3_Q_C_unique_dim_Q,3.0,25,25,1.0
16,,matched,Qmissing3_Q_C_unique_shared_energy,0.005672823818758748,25,25,1.0
16,,matched,Qmissing3_Q_C_unique_purity,0.002836411909379356,25,25,1.0
16,,matched,Qmissing3_Q_C_unique_capture,0.001890941272919564,25,25,1.0
16,,matched,Qmissing3_Q_C_unique_expected_random_purity,0.03,25,25,1.0
16,,matched,Qmissing3_Q_C_unique_expected_random_capture,0.02,25,25,1.0
16,,matched,Qmissing3_Q_C_unique_excess_purity,-0.027163588090620548,25,25,1.0
16,,matched,Qmissing3_Q_C_unique_excess_capture,-0.01810905872708034,25,25,1.0
16,,matched,Qmissing3_Q_C_unique_largest_canonical_correlation,0.07152681702771706,25,25,1.0
16,,matched,Qmissing3_Q_C_unique_smallest_principal_angle,1.4992024033372078,25,25,1.0
16,,matched,Qmissing3_Q_P4_dim_U,2.0,25,25,1.0
16,,matched,Qmissing3_Q_P4_dim_Q,4.0,25,25,1.0
16,,matched,Qmissing3_Q_P4_shared_energy,0.07433471471556402,25,25,1.0
16,,matched,Qmissing3_Q_P4_purity,0.03716735735778199,25,25,1.0
16,,matched,Qmissing3_Q_P4_capture,0.01858367867889097,25,25,1.0
16,,matched,Qmissing3_Q_P4_expected_random_purity,0.04,25,25,1.0
16,,matched,Qmissing3_Q_P4_expected_random_capture,0.02,25,25,1.0
16,,matched,Qmissing3_Q_P4_excess_purity,-0.002832642642217947,25,25,1.0
16,,matched,Qmissing3_Q_P4_excess_capture,-0.0014163213211089633,25,25,1.0
16,,matched,Qmissing3_Q_P4_largest_canonical_correlation,0.2302140778440615,25,25,1.0
16,,matched,Qmissing3_Q_P4_smallest_principal_angle,1.338462549953603,25,25,1.0
16,,matched,Qextra7_Q_C_dim_U,2.0,25,25,1.0
16,,matched,Qextra7_Q_C_dim_Q,3.0,25,25,1.0
16,,matched,Qextra7_Q_C_shared_energy,1.2488559293323689,25,25,1.0
16,,matched,Qextra7_Q_C_purity,0.6244279646661844,25,25,1.0
16,,matched,Qextra7_Q_C_capture,0.41628530977745626,25,25,1.0
16,,matched,Qextra7_Q_C_expected_random_purity,0.03,25,25,1.0
16,,matched,Qextra7_Q_C_expected_random_capture,0.02,25,25,1.0
16,,matched,Qextra7_Q_C_excess_purity,0.5944279646661844,25,25,1.0
16,,matched,Qextra7_Q_C_excess_capture,0.39628530977745624,25,25,1.0
16,,matched,Qextra7_Q_C_largest_canonical_correlation,0.9466753517291525,25,25,1.0
16,,matched,Qextra7_Q_C_smallest_principal_angle,0.3280184660245941,25,25,1.0
16,,matched,Qextra7_Q_C_unique_dim_U,2.0,25,25,1.0
16,,matched,Qextra7_Q_C_unique_dim_Q,3.0,25,25,1.0
16,,matched,Qextra7_Q_C_unique_shared_energy,1.3474049511228594,25,25,1.0
16,,matched,Qextra7_Q_C_unique_purity,0.6737024755614297,25,25,1.0
16,,matched,Qextra7_Q_C_unique_capture,0.44913498370761995,25,25,1.0
16,,matched,Qextra7_Q_C_unique_expected_random_purity,0.03,25,25,1.0
16,,matched,Qextra7_Q_C_unique_expected_random_capture,0.02,25,25,1.0
16,,matched,Qextra7_Q_C_unique_excess_purity,0.6437024755614299,25,25,1.0
16,,matched,Qextra7_Q_C_unique_excess_capture,0.4291349837076199,25,25,1.0
16,,matched,Qextra7_Q_C_unique_largest_canonical_correlation,0.9772993452019122,25,25,1.0
16,,matched,Qextra7_Q_C_unique_smallest_principal_angle,0.21345214830862885,25,25,1.0
16,,matched,Qextra7_Q_C_full_dim_U,2.0,25,25,1.0
16,,matched,Qextra7_Q_C_full_dim_Q,4.0,25,25,1.0
16,,matched,Qextra7_Q_C_full_shared_energy,1.7683065242641889,25,25,1.0
16,,matched,Qextra7_Q_C_full_purity,0.8841532621320944,25,25,1.0
16,,matched,Qextra7_Q_C_full_capture,0.4420766310660471,25,25,1.0
16,,matched,Qextra7_Q_C_full_expected_random_purity,0.04,25,25,1.0
16,,matched,Qextra7_Q_C_full_expected_random_capture,0.02,25,25,1.0
16,,matched,Qextra7_Q_C_full_excess_purity,0.8441532621320944,25,25,1.0
16,,matched,Qextra7_Q_C_full_excess_capture,0.42207663106604715,25,25,1.0
16,,matched,Qextra7_Q_C_full_largest_canonical_correlation,0.9601681331819081,25,25,1.0
16,,matched,Qextra7_Q_C_full_smallest_principal_angle,0.2831762087265539,25,25,1.0
16,,matched,Qextra7_Q_P4_dim_U,2.0,25,25,1.0
16,,matched,Qextra7_Q_P4_dim_Q,4.0,25,25,1.0
16,,matched,Qextra7_Q_P4_shared_energy,1.8004109034780709,25,25,1.0
16,,matched,Qextra7_Q_P4_purity,0.9002054517390354,25,25,1.0
16,,matched,Qextra7_Q_P4_capture,0.45010272586951766,25,25,1.0
16,,matched,Qextra7_Q_P4_expected_random_purity,0.04,25,25,1.0
16,,matched,Qextra7_Q_P4_expected_random_capture,0.02,25,25,1.0
16,,matched,Qextra7_Q_P4_excess_purity,0.8602054517390353,25,25,1.0
16,,matched,Qextra7_Q_P4_excess_capture,0.4301027258695176,25,25,1.0
16,,matched,Qextra7_Q_P4_largest_canonical_correlation,0.9733885139147266,25,25,1.0
16,,matched,Qextra7_Q_P4_smallest_principal_angle,0.23118687214969763,25,25,1.0
16,,matched,Qextra7_Q_F_dim_U,2.0,25,25,1.0
16,,matched,Qextra7_Q_F_dim_Q,5.0,25,25,1.0
16,,matched,Qextra7_Q_F_shared_energy,0.007772256457707172,25,25,1.0
16,,matched,Qextra7_Q_F_purity,0.00388612822885356,25,25,1.0
16,,matched,Qextra7_Q_F_capture,0.0015544512915413962,25,25,1.0
16,,matched,Qextra7_Q_F_expected_random_purity,0.05000000000000001,25,25,1.0
16,,matched,Qextra7_Q_F_expected_random_capture,0.02,25,25,1.0
16,,matched,Qextra7_Q_F_excess_purity,-0.04611387177114635,25,25,1.0
16,,matched,Qextra7_Q_F_excess_capture,-0.01844554870845851,25,25,1.0
16,,matched,Qextra7_Q_F_largest_canonical_correlation,0.0864356515595851,25,25,1.0
16,,matched,Qextra7_Q_F_smallest_principal_angle,1.484243935225305,25,25,1.0
17,,matched,Qmissing3_Q_F_dim_U,2.0,25,25,1.0
17,,matched,Qmissing3_Q_F_dim_Q,5.0,25,25,1.0
17,,matched,Qmissing3_Q_F_shared_energy,1.9856003866693774,25,25,1.0
17,,matched,Qmissing3_Q_F_purity,0.9928001933346887,25,25,1.0
17,,matched,Qmissing3_Q_F_capture,0.3971200773338754,25,25,1.0
17,,matched,Qmissing3_Q_F_expected_random_purity,0.05000000000000001,25,25,1.0
17,,matched,Qmissing3_Q_F_expected_random_capture,0.02,25,25,1.0
17,,matched,Qmissing3_Q_F_excess_purity,0.9428001933346886,25,25,1.0
17,,matched,Qmissing3_Q_F_excess_capture,0.37712007733387537,25,25,1.0
17,,matched,Qmissing3_Q_F_largest_canonical_correlation,0.9986188628973365,25,25,1.0
17,,matched,Qmissing3_Q_F_smallest_principal_angle,0.05244760063477878,25,25,1.0
17,,matched,Qmissing3_Q_F_unique_dim_U,2.0,25,25,1.0
17,,matched,Qmissing3_Q_F_unique_dim_Q,5.0,25,25,1.0
17,,matched,Qmissing3_Q_F_unique_shared_energy,1.9351204027348994,25,25,1.0
17,,matched,Qmissing3_Q_F_unique_purity,0.9675602013674497,25,25,1.0
17,,matched,Qmissing3_Q_F_unique_capture,0.38702408054697984,25,25,1.0
17,,matched,Qmissing3_Q_F_unique_expected_random_purity,0.05000000000000001,25,25,1.0
17,,matched,Qmissing3_Q_F_unique_expected_random_capture,0.02,25,25,1.0
17,,matched,Qmissing3_Q_F_unique_excess_purity,0.9175602013674498,25,25,1.0
17,,matched,Qmissing3_Q_F_unique_excess_capture,0.3670240805469798,25,25,1.0
17,,matched,Qmissing3_Q_F_unique_largest_canonical_correlation,0.9944009914807874,25,25,1.0
17,,matched,Qmissing3_Q_F_unique_smallest_principal_angle,0.10581486382125674,25,25,1.0
17,,matched,Qmissing3_Q_C_dim_U,2.0,25,25,1.0
17,,matched,Qmissing3_Q_C_dim_Q,3.0,25,25,1.0
17,,matched,Qmissing3_Q_C_shared_energy,0.055285432698298935,25,25,1.0
17,,matched,Qmissing3_Q_C_purity,0.027642716349149447,25,25,1.0
17,,matched,Qmissing3_Q_C_capture,0.018428477566099617,25,25,1.0
17,,matched,Qmissing3_Q_C_expected_random_purity,0.03,25,25,1.0
17,,matched,Qmissing3_Q_C_expected_random_capture,0.02,25,25,1.0
17,,matched,Qmissing3_Q_C_excess_purity,-0.002357283650850496,25,25,1.0
17,,matched,Qmissing3_Q_C_excess_capture,-0.0015715224339003242,25,25,1.0
17,,matched,Qmissing3_Q_C_largest_canonical_correlation,0.219390040765035,25,25,1.0
17,,matched,Qmissing3_Q_C_smallest_principal_angle,1.3495640916920713,25,25,1.0
17,,matched,Qmissing3_Q_C_unique_dim_U,2.0,25,25,1.0
17,,matched,Qmissing3_Q_C_unique_dim_Q,3.0,25,25,1.0
17,,matched,Qmissing3_Q_C_unique_shared_energy,0.004805448763822752,25,25,1.0
17,,matched,Qmissing3_Q_C_unique_purity,0.0024027243819113478,25,25,1.0
17,,matched,Qmissing3_Q_C_unique_capture,0.0016018162546075482,25,25,1.0
17,,matched,Qmissing3_Q_C_unique_expected_random_purity,0.03,25,25,1.0
17,,matched,Qmissing3_Q_C_unique_expected_random_capture,0.02,25,25,1.0
17,,matched,Qmissing3_Q_C_unique_excess_purity,-0.027597275618088547,25,25,1.0
17,,matched,Qmissing3_Q_C_unique_excess_capture,-0.01839818374539235,25,25,1.0
17,,matched,Qmissing3_Q_C_unique_largest_canonical_correlation,0.06620008669159484,25,25,1.0
17,,matched,Qmissing3_Q_C_unique_smallest_principal_angle,1.5045385102284827,25,25,1.0
17,,matched,Qmissing3_Q_P4_dim_U,2.0,25,25,1.0
17,,matched,Qmissing3_Q_P4_dim_Q,4.0,25,25,1.0
17,,matched,Qmissing3_Q_P4_shared_energy,0.14697976917473696,25,25,1.0
17,,matched,Qmissing3_Q_P4_purity,0.07348988458736846,25,25,1.0
17,,matched,Qmissing3_Q_P4_capture,0.0367449422936842,25,25,1.0
17,,matched,Qmissing3_Q_P4_expected_random_purity,0.04,25,25,1.0
17,,matched,Qmissing3_Q_P4_expected_random_capture,0.02,25,25,1.0
17,,matched,Qmissing3_Q_P4_excess_purity,0.03348988458736845,25,25,1.0
17,,matched,Qmissing3_Q_P4_excess_capture,0.0167449422936842,25,25,1.0
17,,matched,Qmissing3_Q_P4_largest_canonical_correlation,0.3660743084117259,25,25,1.0
17,,matched,Qmissing3_Q_P4_smallest_principal_angle,1.1959969991578874,25,25,1.0
17,,matched,Qextra7_Q_C_dim_U,2.0,25,25,1.0
17,,matched,Qextra7_Q_C_dim_Q,3.0,25,25,1.0
17,,matched,Qextra7_Q_C_shared_energy,1.3740507138843356,25,25,1.0
17,,matched,Qextra7_Q_C_purity,0.6870253569421678,25,25,1.0
17,,matched,Qextra7_Q_C_capture,0.45801690462811173,25,25,1.0
17,,matched,Qextra7_Q_C_expected_random_purity,0.03,25,25,1.0
17,,matched,Qextra7_Q_C_expected_random_capture,0.02,25,25,1.0
17,,matched,Qextra7_Q_C_excess_purity,0.6570253569421677,25,25,1.0
17,,matched,Qextra7_Q_C_excess_capture,0.4380169046281117,25,25,1.0
17,,matched,Qextra7_Q_C_largest_canonical_correlation,0.9646002488683834,25,25,1.0
17,,matched,Qextra7_Q_C_smallest_principal_angle,0.2666653387409239,25,25,1.0
17,,matched,Qextra7_Q_C_unique_dim_U,2.0,25,25,1.0
17,,matched,Qextra7_Q_C_unique_dim_Q,3.0,25,25,1.0
17,,matched,Qextra7_Q_C_unique_shared_energy,1.414567885706322,25,25,1.0
17,,matched,Qextra7_Q_C_unique_purity,0.707283942853161,25,25,1.0
17,,matched,Qextra7_Q_C_unique_capture,0.47152262856877397,25,25,1.0
17,,matched,Qextra7_Q_C_unique_expected_random_purity,0.03,25,25,1.0
17,,matched,Qextra7_Q_C_unique_expected_random_capture,0.02,25,25,1.0
17,,matched,Qextra7_Q_C_unique_excess_purity,0.6772839428531612,25,25,1.0
17,,matched,Qextra7_Q_C_unique_excess_capture,0.451522628568774,25,25,1.0
17,,matched,Qextra7_Q_C_unique_largest_canonical_correlation,0.981691867617309,25,25,1.0
17,,matched,Qextra7_Q_C_unique_smallest_principal_angle,0.19147299678811922,25,25,1.0
17,,matched,Qextra7_Q_C_full_dim_U,2.0,25,25,1.0
17,,matched,Qextra7_Q_C_full_dim_Q,4.0,25,25,1.0
17,,matched,Qextra7_Q_C_full_shared_energy,1.8283444852070343,25,25,1.0
17,,matched,Qextra7_Q_C_full_purity,0.9141722426035173,25,25,1.0
17,,matched,Qextra7_Q_C_full_capture,0.4570861213017585,25,25,1.0
17,,matched,Qextra7_Q_C_full_expected_random_purity,0.04,25,25,1.0
17,,matched,Qextra7_Q_C_full_expected_random_capture,0.02,25,25,1.0
17,,matched,Qextra7_Q_C_full_excess_purity,0.8741722426035171,25,25,1.0
17,,matched,Qextra7_Q_C_full_excess_capture,0.43708612130175856,25,25,1.0
17,,matched,Qextra7_Q_C_full_largest_canonical_correlation,0.9749766661348472,25,25,1.0
17,,matched,Qextra7_Q_C_full_smallest_principal_angle,0.22403403194743277,25,25,1.0
17,,matched,Qextra7_Q_P4_dim_U,2.0,25,25,1.0
17,,matched,Qextra7_Q_P4_dim_Q,4.0,25,25,1.0
17,,matched,Qextra7_Q_P4_shared_energy,1.859511920283647,25,25,1.0
17,,matched,Qextra7_Q_P4_purity,0.9297559601418235,25,25,1.0
17,,matched,Qextra7_Q_P4_capture,0.46487798007091174,25,25,1.0
17,,matched,Qextra7_Q_P4_expected_random_purity,0.04,25,25,1.0
17,,matched,Qextra7_Q_P4_expected_random_capture,0.02,25,25,1.0
17,,matched,Qextra7_Q_P4_excess_purity,0.8897559601418233,25,25,1.0
17,,matched,Qextra7_Q_P4_excess_capture,0.44487798007091167,25,25,1.0
17,,matched,Qextra7_Q_P4_largest_canonical_correlation,0.9833711974706698,25,25,1.0
17,,matched,Qextra7_Q_P4_smallest_principal_angle,0.18255967220645306,25,25,1.0
17,,matched,Qextra7_Q_F_dim_U,2.0,25,25,1.0
17,,matched,Qextra7_Q_F_dim_Q,5.0,25,25,1.0
17,,matched,Qextra7_Q_F_shared_energy,0.00838183662037561,25,25,1.0
17,,matched,Qextra7_Q_F_purity,0.004190918310187792,25,25,1.0
17,,matched,Qextra7_Q_F_capture,0.001676367324075088,25,25,1.0
17,,matched,Qextra7_Q_F_expected_random_purity,0.05000000000000001,25,25,1.0
17,,matched,Qextra7_Q_F_expected_random_capture,0.02,25,25,1.0
17,,matched,Qextra7_Q_F_excess_purity,-0.04580908168981212,25,25,1.0
17,,matched,Qextra7_Q_F_excess_capture,-0.018323632675924822,25,25,1.0
17,,matched,Qextra7_Q_F_largest_canonical_correlation,0.08579659597026748,25,25,1.0
17,,matched,Qextra7_Q_F_smallest_principal_angle,1.4848914488189175,25,25,1.0
18,,matched,Qmissing3_Q_F_dim_U,2.0,25,25,1.0
18,,matched,Qmissing3_Q_F_dim_Q,5.0,25,25,1.0
18,,matched,Qmissing3_Q_F_shared_energy,1.988191218714922,25,25,1.0
18,,matched,Qmissing3_Q_F_purity,0.994095609357461,25,25,1.0
18,,matched,Qmissing3_Q_F_capture,0.3976382437429843,25,25,1.0
18,,matched,Qmissing3_Q_F_expected_random_purity,0.05000000000000001,25,25,1.0
18,,matched,Qmissing3_Q_F_expected_random_capture,0.02,25,25,1.0
18,,matched,Qmissing3_Q_F_excess_purity,0.9440956093574608,25,25,1.0
18,,matched,Qmissing3_Q_F_excess_capture,0.3776382437429843,25,25,1.0
18,,matched,Qmissing3_Q_F_largest_canonical_correlation,0.9985550719860492,25,25,1.0
18,,matched,Qmissing3_Q_F_smallest_principal_angle,0.05344232479871096,25,25,1.0
18,,matched,Qmissing3_Q_F_unique_dim_U,2.0,25,25,1.0
18,,matched,Qmissing3_Q_F_unique_dim_Q,5.0,25,25,1.0
18,,matched,Qmissing3_Q_F_unique_shared_energy,1.9452623095424693,25,25,1.0
18,,matched,Qmissing3_Q_F_unique_purity,0.9726311547712346,25,25,1.0
18,,matched,Qmissing3_Q_F_unique_capture,0.38905246190849385,25,25,1.0
18,,matched,Qmissing3_Q_F_unique_expected_random_purity,0.05000000000000001,25,25,1.0
18,,matched,Qmissing3_Q_F_unique_expected_random_capture,0.02,25,25,1.0
18,,matched,Qmissing3_Q_F_unique_excess_purity,0.9226311547712345,25,25,1.0
18,,matched,Qmissing3_Q_F_unique_excess_capture,0.36905246190849383,25,25,1.0
18,,matched,Qmissing3_Q_F_unique_largest_canonical_correlation,0.9936199448707638,25,25,1.0
18,,matched,Qmissing3_Q_F_unique_smallest_principal_angle,0.10716635282523887,25,25,1.0
18,,matched,Qmissing3_Q_C_dim_U,2.0,25,25,1.0
18,,matched,Qmissing3_Q_C_dim_Q,3.0,25,25,1.0
18,,matched,Qmissing3_Q_C_shared_energy,0.04514646946965948,25,25,1.0
18,,matched,Qmissing3_Q_C_purity,0.02257323473482971,25,25,1.0
18,,matched,Qmissing3_Q_C_capture,0.015048823156553126,25,25,1.0
18,,matched,Qmissing3_Q_C_expected_random_purity,0.03,25,25,1.0
18,,matched,Qmissing3_Q_C_expected_random_capture,0.02,25,25,1.0
18,,matched,Qmissing3_Q_C_excess_purity,-0.007426765265170217,25,25,1.0
18,,matched,Qmissing3_Q_C_excess_capture,-0.0049511768434468,25,25,1.0
18,,matched,Qmissing3_Q_C_largest_canonical_correlation,0.18242497148205897,25,25,1.0
18,,matched,Qmissing3_Q_C_smallest_principal_angle,1.3870136690066404,25,25,1.0
18,,matched,Qmissing3_Q_C_unique_dim_U,2.0,25,25,1.0
18,,matched,Qmissing3_Q_C_unique_dim_Q,3.0,25,25,1.0
18,,matched,Qmissing3_Q_C_unique_shared_energy,0.002217560297206908,25,25,1.0
18,,matched,Qmissing3_Q_C_unique_purity,0.001108780148603432,25,25,1.0
18,,matched,Qmissing3_Q_C_unique_capture,0.0007391867657356001,25,25,1.0
18,,matched,Qmissing3_Q_C_unique_expected_random_purity,0.03,25,25,1.0
18,,matched,Qmissing3_Q_C_unique_expected_random_capture,0.02,25,25,1.0
18,,matched,Qmissing3_Q_C_unique_excess_purity,-0.028891219851396466,25,25,1.0
18,,matched,Qmissing3_Q_C_unique_excess_capture,-0.019260813234264304,25,25,1.0
18,,matched,Qmissing3_Q_C_unique_largest_canonical_correlation,0.04328688202281248,25,25,1.0
18,,matched,Qmissing3_Q_C_unique_smallest_principal_angle,1.5274927225841202,25,25,1.0
18,,matched,Qmissing3_Q_P4_dim_U,2.0,25,25,1.0
18,,matched,Qmissing3_Q_P4_dim_Q,4.0,25,25,1.0
18,,matched,Qmissing3_Q_P4_shared_energy,0.05644122043538891,25,25,1.0
18,,matched,Qmissing3_Q_P4_purity,0.028220610217694418,25,25,1.0
18,,matched,Qmissing3_Q_P4_capture,0.014110305108847188,25,25,1.0
18,,matched,Qmissing3_Q_P4_expected_random_purity,0.04,25,25,1.0
18,,matched,Qmissing3_Q_P4_expected_random_capture,0.02,25,25,1.0
18,,matched,Qmissing3_Q_P4_excess_purity,-0.011779389782305501,25,25,1.0
18,,matched,Qmissing3_Q_P4_excess_capture,-0.0058896948911527315,25,25,1.0
18,,matched,Qmissing3_Q_P4_largest_canonical_correlation,0.19416127042114237,25,25,1.0
18,,matched,Qmissing3_Q_P4_smallest_principal_angle,1.3752679308489946,25,25,1.0
18,,matched,Qextra7_Q_C_dim_U,2.0,25,25,1.0
18,,matched,Qextra7_Q_C_dim_Q,3.0,25,25,1.0
18,,matched,Qextra7_Q_C_shared_energy,1.2748838246694938,25,25,1.0
18,,matched,Qextra7_Q_C_purity,0.6374419123347469,25,25,1.0
18,,matched,Qextra7_Q_C_capture,0.42496127488983126,25,25,1.0
18,,matched,Qextra7_Q_C_expected_random_purity,0.03,25,25,1.0
18,,matched,Qextra7_Q_C_expected_random_capture,0.02,25,25,1.0
18,,matched,Qextra7_Q_C_excess_purity,0.6074419123347468,25,25,1.0
18,,matched,Qextra7_Q_C_excess_capture,0.40496127488983114,25,25,1.0
18,,matched,Qextra7_Q_C_largest_canonical_correlation,0.9573087446625569,25,25,1.0
18,,matched,Qextra7_Q_C_smallest_principal_angle,0.293170442241777,25,25,1.0
18,,matched,Qextra7_Q_C_unique_dim_U,2.0,25,25,1.0
18,,matched,Qextra7_Q_C_unique_dim_Q,3.0,25,25,1.0
18,,matched,Qextra7_Q_C_unique_shared_energy,1.3687024336845675,25,25,1.0
18,,matched,Qextra7_Q_C_unique_purity,0.6843512168422837,25,25,1.0
18,,matched,Qextra7_Q_C_unique_capture,0.45623414456152256,25,25,1.0
18,,matched,Qextra7_Q_C_unique_expected_random_purity,0.03,25,25,1.0
18,,matched,Qextra7_Q_C_unique_expected_random_capture,0.02,25,25,1.0
18,,matched,Qextra7_Q_C_unique_excess_purity,0.6543512168422838,25,25,1.0
18,,matched,Qextra7_Q_C_unique_excess_capture,0.4362341445615225,25,25,1.0
18,,matched,Qextra7_Q_C_unique_largest_canonical_correlation,0.9811355849668284,25,25,1.0
18,,matched,Qextra7_Q_C_unique_smallest_principal_angle,0.1939243934741159,25,25,1.0
18,,matched,Qextra7_Q_C_full_dim_U,2.0,25,25,1.0
18,,matched,Qextra7_Q_C_full_dim_Q,4.0,25,25,1.0
18,,matched,Qextra7_Q_C_full_shared_energy,1.765102998148947,25,25,1.0
18,,matched,Qextra7_Q_C_full_purity,0.8825514990744735,25,25,1.0
18,,matched,Qextra7_Q_C_full_capture,0.44127574953723675,25,25,1.0
18,,matched,Qextra7_Q_C_full_expected_random_purity,0.04,25,25,1.0
18,,matched,Qextra7_Q_C_full_expected_random_capture,0.02,25,25,1.0
18,,matched,Qextra7_Q_C_full_excess_purity,0.8425514990744735,25,25,1.0
18,,matched,Qextra7_Q_C_full_excess_capture,0.42127574953723673,25,25,1.0
18,,matched,Qextra7_Q_C_full_largest_canonical_correlation,0.9609190651528864,25,25,1.0
18,,matched,Qextra7_Q_C_full_smallest_principal_angle,0.28038033529245615,25,25,1.0
18,,matched,Qextra7_Q_P4_dim_U,2.0,25,25,1.0
18,,matched,Qextra7_Q_P4_dim_Q,4.0,25,25,1.0
18,,matched,Qextra7_Q_P4_shared_energy,1.815638869252308,25,25,1.0
18,,matched,Qextra7_Q_P4_purity,0.907819434626154,25,25,1.0
18,,matched,Qextra7_Q_P4_capture,0.453909717313077,25,25,1.0
18,,matched,Qextra7_Q_P4_expected_random_purity,0.04,25,25,1.0
18,,matched,Qextra7_Q_P4_expected_random_capture,0.02,25,25,1.0
18,,matched,Qextra7_Q_P4_excess_purity,0.8678194346261541,25,25,1.0
18,,matched,Qextra7_Q_P4_excess_capture,0.43390971731307704,25,25,1.0
18,,matched,Qextra7_Q_P4_largest_canonical_correlation,0.9716183637472539,25,25,1.0
18,,matched,Qextra7_Q_P4_smallest_principal_angle,0.23868538370507308,25,25,1.0
18,,matched,Qextra7_Q_F_dim_U,2.0,25,25,1.0
18,,matched,Qextra7_Q_F_dim_Q,5.0,25,25,1.0
18,,matched,Qextra7_Q_F_shared_energy,0.006063499783427705,25,25,1.0
18,,matched,Qextra7_Q_F_purity,0.003031749891713828,25,25,1.0
18,,matched,Qextra7_Q_F_capture,0.001212699956685504,25,25,1.0
18,,matched,Qextra7_Q_F_expected_random_purity,0.05000000000000001,25,25,1.0
18,,matched,Qextra7_Q_F_expected_random_capture,0.02,25,25,1.0
18,,matched,Qextra7_Q_F_excess_purity,-0.04696825010828608,25,25,1.0
18,,matched,Qextra7_Q_F_excess_capture,-0.018787300043314397,25,25,1.0
18,,matched,Qextra7_Q_F_largest_canonical_correlation,0.06593186588488081,25,25,1.0
18,,matched,Qextra7_Q_F_smallest_principal_angle,1.5048115268951963,25,25,1.0
19,,matched,Qmissing3_Q_F_dim_U,2.0,25,25,1.0
19,,matched,Qmissing3_Q_F_dim_Q,5.0,25,25,1.0
19,,matched,Qmissing3_Q_F_shared_energy,1.9892219404976643,25,25,1.0
19,,matched,Qmissing3_Q_F_purity,0.9946109702488322,25,25,1.0
19,,matched,Qmissing3_Q_F_capture,0.39784438809953293,25,25,1.0
19,,matched,Qmissing3_Q_F_expected_random_purity,0.05000000000000001,25,25,1.0
19,,matched,Qmissing3_Q_F_expected_random_capture,0.02,25,25,1.0
19,,matched,Qmissing3_Q_F_excess_purity,0.9446109702488324,25,25,1.0
19,,matched,Qmissing3_Q_F_excess_capture,0.3778443880995329,25,25,1.0
19,,matched,Qmissing3_Q_F_largest_canonical_correlation,0.9987922242290095,25,25,1.0
19,,matched,Qmissing3_Q_F_smallest_principal_angle,0.04902534696318489,25,25,1.0
19,,matched,Qmissing3_Q_F_unique_dim_U,2.0,25,25,1.0
19,,matched,Qmissing3_Q_F_unique_dim_Q,5.0,25,25,1.0
19,,matched,Qmissing3_Q_F_unique_shared_energy,1.8616088486835605,25,25,1.0
19,,matched,Qmissing3_Q_F_unique_purity,0.9308044243417803,25,25,1.0
19,,matched,Qmissing3_Q_F_unique_capture,0.37232176973671216,25,25,1.0
19,,matched,Qmissing3_Q_F_unique_expected_random_purity,0.05000000000000001,25,25,1.0
19,,matched,Qmissing3_Q_F_unique_expected_random_capture,0.02,25,25,1.0
19,,matched,Qmissing3_Q_F_unique_excess_purity,0.8808044243417804,25,25,1.0
19,,matched,Qmissing3_Q_F_unique_excess_capture,0.35232176973671214,25,25,1.0
19,,matched,Qmissing3_Q_F_unique_largest_canonical_correlation,0.9851445327426346,25,25,1.0
19,,matched,Qmissing3_Q_F_unique_smallest_principal_angle,0.1672240589193139,25,25,1.0
19,,matched,Qmissing3_Q_C_dim_U,2.0,25,25,1.0
19,,matched,Qmissing3_Q_C_dim_Q,3.0,25,25,1.0
19,,matched,Qmissing3_Q_C_shared_energy,0.1292684706160364,25,25,1.0
19,,matched,Qmissing3_Q_C_purity,0.06463423530801818,25,25,1.0
19,,matched,Qmissing3_Q_C_capture,0.04308949020534544,25,25,1.0
19,,matched,Qmissing3_Q_C_expected_random_purity,0.03,25,25,1.0
19,,matched,Qmissing3_Q_C_expected_random_capture,0.02,25,25,1.0
19,,matched,Qmissing3_Q_C_excess_purity,0.03463423530801817,25,25,1.0
19,,matched,Qmissing3_Q_C_excess_capture,0.02308949020534544,25,25,1.0
19,,matched,Qmissing3_Q_C_largest_canonical_correlation,0.319390574637392,25,25,1.0
19,,matched,Qmissing3_Q_C_smallest_principal_angle,1.2456981203769883,25,25,1.0
19,,matched,Qmissing3_Q_C_unique_dim_U,2.0,25,25,1.0
19,,matched,Qmissing3_Q_C_unique_dim_Q,3.0,25,25,1.0
19,,matched,Qmissing3_Q_C_unique_shared_energy,0.001655378801932984,25,25,1.0
19,,matched,Qmissing3_Q_C_unique_purity,0.000827689400966472,25,25,1.0
19,,matched,Qmissing3_Q_C_unique_capture,0.000551792933977628,25,25,1.0
19,,matched,Qmissing3_Q_C_unique_expected_random_purity,0.03,25,25,1.0
19,,matched,Qmissing3_Q_C_unique_expected_random_capture,0.02,25,25,1.0
19,,matched,Qmissing3_Q_C_unique_excess_purity,-0.029172310599033434,25,25,1.0
19,,matched,Qmissing3_Q_C_unique_excess_capture,-0.019448207066022273,25,25,1.0
19,,matched,Qmissing3_Q_C_unique_largest_canonical_correlation,0.03744324728100034,25,25,1.0
19,,matched,Qmissing3_Q_C_unique_smallest_principal_angle,1.5333421671241154,25,25,1.0
19,,matched,Qmissing3_Q_P4_dim_U,2.0,25,25,1.0
19,,matched,Qmissing3_Q_P4_dim_Q,4.0,25,25,1.0
19,,matched,Qmissing3_Q_P4_shared_energy,0.18910980996536197,25,25,1.0
19,,matched,Qmissing3_Q_P4_purity,0.09455490498268096,25,25,1.0
19,,matched,Qmissing3_Q_P4_capture,0.04727745249134044,25,25,1.0
19,,matched,Qmissing3_Q_P4_expected_random_purity,0.04,25,25,1.0
19,,matched,Qmissing3_Q_P4_expected_random_capture,0.02,25,25,1.0
19,,matched,Qmissing3_Q_P4_excess_purity,0.05455490498268095,25,25,1.0
19,,matched,Qmissing3_Q_P4_excess_capture,0.02727745249134044,25,25,1.0
19,,matched,Qmissing3_Q_P4_largest_canonical_correlation,0.38527045038298185,25,25,1.0
19,,matched,Qmissing3_Q_P4_smallest_principal_angle,1.1752778105997186,25,25,1.0
19,,matched,Qextra7_Q_C_dim_U,2.0,25,25,1.0
19,,matched,Qextra7_Q_C_dim_Q,3.0,25,25,1.0
19,,matched,Qextra7_Q_C_shared_energy,1.21951975583356,25,25,1.0
19,,matched,Qextra7_Q_C_purity,0.60975987791678,25,25,1.0
19,,matched,Qextra7_Q_C_capture,0.4065065852778534,25,25,1.0
19,,matched,Qextra7_Q_C_expected_random_purity,0.03,25,25,1.0
19,,matched,Qextra7_Q_C_expected_random_capture,0.02,25,25,1.0
19,,matched,Qextra7_Q_C_excess_purity,0.5797598779167801,25,25,1.0
19,,matched,Qextra7_Q_C_excess_capture,0.38650658527785337,25,25,1.0
19,,matched,Qextra7_Q_C_largest_canonical_correlation,0.9366820750750287,25,25,1.0
19,,matched,Qextra7_Q_C_smallest_principal_angle,0.35748513611370086,25,25,1.0
19,,matched,Qextra7_Q_C_unique_dim_U,2.0,25,25,1.0
19,,matched,Qextra7_Q_C_unique_dim_Q,3.0,25,25,1.0
19,,matched,Qextra7_Q_C_unique_shared_energy,1.3325442043938411,25,25,1.0
19,,matched,Qextra7_Q_C_unique_purity,0.6662721021969206,25,25,1.0
19,,matched,Qextra7_Q_C_unique_capture,0.44418140146461377,25,25,1.0
19,,matched,Qextra7_Q_C_unique_expected_random_purity,0.03,25,25,1.0
19,,matched,Qextra7_Q_C_unique_expected_random_capture,0.02,25,25,1.0
19,,matched,Qextra7_Q_C_unique_excess_purity,0.6362721021969207,25,25,1.0
19,,matched,Qextra7_Q_C_unique_excess_capture,0.4241814014646137,25,25,1.0
19,,matched,Qextra7_Q_C_unique_largest_canonical_correlation,0.9709552342067689,25,25,1.0
19,,matched,Qextra7_Q_C_unique_smallest_principal_angle,0.24136672893477618,25,25,1.0
19,,matched,Qextra7_Q_C_full_dim_U,2.0,25,25,1.0
19,,matched,Qextra7_Q_C_full_dim_Q,4.0,25,25,1.0
19,,matched,Qextra7_Q_C_full_shared_energy,1.6981137644177489,25,25,1.0
19,,matched,Qextra7_Q_C_full_purity,0.8490568822088744,25,25,1.0
19,,matched,Qextra7_Q_C_full_capture,0.4245284411044372,25,25,1.0
19,,matched,Qextra7_Q_C_full_expected_random_purity,0.04,25,25,1.0
19,,matched,Qextra7_Q_C_full_expected_random_capture,0.02,25,25,1.0
19,,matched,Qextra7_Q_C_full_excess_purity,0.8090568822088743,25,25,1.0
19,,matched,Qextra7_Q_C_full_excess_capture,0.40452844110443714,25,25,1.0
19,,matched,Qextra7_Q_C_full_largest_canonical_correlation,0.966836101132327,25,25,1.0
19,,matched,Qextra7_Q_C_full_smallest_principal_angle,0.2581021740461318,25,25,1.0
19,,matched,Qextra7_Q_P4_dim_U,2.0,25,25,1.0
19,,matched,Qextra7_Q_P4_dim_Q,4.0,25,25,1.0
19,,matched,Qextra7_Q_P4_shared_energy,1.7437344483577284,25,25,1.0
19,,matched,Qextra7_Q_P4_purity,0.8718672241788642,25,25,1.0
19,,matched,Qextra7_Q_P4_capture,0.4359336120894321,25,25,1.0
19,,matched,Qextra7_Q_P4_expected_random_purity,0.04,25,25,1.0
19,,matched,Qextra7_Q_P4_expected_random_capture,0.02,25,25,1.0
19,,matched,Qextra7_Q_P4_excess_purity,0.8318672241788642,25,25,1.0
19,,matched,Qextra7_Q_P4_excess_capture,0.415933612089432,25,25,1.0
19,,matched,Qextra7_Q_P4_largest_canonical_correlation,0.9761173652377946,25,25,1.0
19,,matched,Qextra7_Q_P4_smallest_principal_angle,0.21858228279166073,25,25,1.0
19,,matched,Qextra7_Q_F_dim_U,2.0,25,25,1.0
19,,matched,Qextra7_Q_F_dim_Q,5.0,25,25,1.0
19,,matched,Qextra7_Q_F_shared_energy,0.004684974304636464,25,25,1.0
19,,matched,Qextra7_Q_F_purity,0.002342487152318212,25,25,1.0
19,,matched,Qextra7_Q_F_capture,0.000936994860927252,25,25,1.0
19,,matched,Qextra7_Q_F_expected_random_purity,0.05000000000000001,25,25,1.0
19,,matched,Qextra7_Q_F_expected_random_capture,0.02,25,25,1.0
19,,matched,Qextra7_Q_F_excess_purity,-0.047657512847681695,25,25,1.0
19,,matched,Qextra7_Q_F_excess_capture,-0.019063005139072654,25,25,1.0
19,,matched,Qextra7_Q_F_largest_canonical_correlation,0.06358762166111404,25,25,1.0
19,,matched,Qextra7_Q_F_smallest_principal_angle,1.5071613203674565,25,25,1.0
